Rep1,Rep2,Rep3,Rep1,Rep2,Rep3
0.1917,0.0574,0.1046,ND,0.1301,ND
ND,ND,ND,0.13,0.0278,0.0992
ND,ND,ND,ND,0.4433,ND
ND,0.1937,0.0739,-0.1234,0.2946,0.1065
ND,0.2116,-0.1338,ND,ND,ND
ND,0.0437,-0.1421,ND,ND,ND
ND,-0.1311,0.0528,-0.0644,ND,-0.0175
ND,ND,ND,ND,0.2051,ND
ND,-0.0723,ND,ND,ND,ND
ND,ND,ND,ND,0.0867,ND
0.2656,-0.3741,0.1445,ND,ND,ND
0.217,0.1203,0.1463,ND,ND,ND
0.4584,0.0104,ND,-0.1168,ND,-0.0445
0.2055,-0.1193,0.0777,0.1829,-0.0502,0.151
0.4055,-0.4416,0.2364,ND,ND,2.9387
ND,-0.0181,ND,-0.0709,0.4001,-0.0959
-0.0823,0.2104,-0.1919,-0.0581,-0.0722,-0.3528
-0.3484,0.2466,-0.048,ND,ND,ND
-0.1015,0.1688,-0.2291,-0.0408,ND,ND
ND,ND,ND,ND,-0.0267,ND
0.0495,0.0078,-0.0428,ND,0.0164,0.0086
ND,ND,ND,ND,ND,0.2467
ND,ND,ND,-0.2115,0.1623,-0.0678
0.2667,-0.1124,0.1526,0.1182,ND,0.1196
ND,ND,ND,ND,-0.0207,0.1724
ND,ND,ND,0.1195,ND,0.0846
ND,ND,ND,0.0393,ND,ND
ND,ND,ND,ND,0.0449,ND
-0.0076,0.1545,ND,ND,ND,ND
ND,0.1327,-0.1808,ND,ND,ND
0.1554,-0.2721,ND,ND,ND,ND
0.1949,ND,0.2287,0.0789,-0.0043,0.0279
0.0887,0.1528,-2.0305,ND,ND,ND
0.2081,-0.0596,-0.0314,ND,ND,ND
0.3271,-0.0309,0.1804,ND,ND,ND
ND,-0.2831,ND,0.1182,-0.2898,0.1663
-0.068,0.2683,-0.0642,ND,ND,ND
ND,ND,ND,0.182,-0.0665,0.1324
0.2349,0.0198,0.1391,0.195,0.0654,ND
0.2842,-0.0694,0.153,0.2303,-0.125,0.2088
0.3259,0.0114,0.2348,ND,ND,ND
ND,ND,0.1825,ND,ND,ND
0.303,0.0437,0.0871,ND,ND,ND
0.2567,0.0206,0.1982,0.2409,0.0423,0.1909
-0.0909,0.0379,0.1586,ND,ND,ND
0.0101,-0.0822,0.4663,ND,ND,ND
-0.1627,-0.1146,0.7285,ND,ND,ND
0.1309,-0.1336,0.922,ND,ND,ND
-0.017,-0.0146,0.5716,0.2389,0.0411,0.2042
0.1045,-0.4732,0.4541,ND,ND,ND
0.2638,ND,ND,0.1878,0.0147,ND
ND,-0.4329,0.258,ND,ND,ND
-0.0887,-0.0619,0.506,ND,ND,ND
0.1885,-0.0362,0.1881,0.2659,0.0028,0.1573
0.1486,ND,0.2157,ND,ND,ND
0.2113,ND,0.5006,ND,ND,ND
0.2889,ND,ND,0.2588,0.077,0.1505
0.037,-0.0088,0.5229,0.2312,-0.0481,0.2927
0.3272,-0.0236,ND,0.1903,ND,0.138
-0.013,0.2264,0.2843,0.0935,ND,0.0666
ND,ND,ND,ND,ND,0.1471
ND,ND,ND,0.1986,ND,ND
ND,-0.1559,ND,ND,ND,ND
ND,-0.0673,0.1968,ND,ND,ND
ND,0.1396,ND,ND,ND,ND
ND,0.0767,ND,ND,ND,0.1812
ND,ND,ND,ND,ND,0.1678
ND,ND,ND,-0.0402,-0.0259,-0.3287
-0.1275,-0.1177,0.1058,ND,ND,ND
0.0391,-0.0585,0.2397,0.2345,ND,ND
0.1266,ND,0.2889,ND,ND,ND
0.0045,-0.0011,0.386,0.052,0.0056,0.0472
0.9195,ND,0.2169,0.3828,ND,0.1694
-0.382,0.08,0.2798,ND,-0.2052,ND
ND,-0.0485,ND,ND,ND,ND
0.3012,0.021,0.2123,ND,ND,0.0699
ND,-0.2604,0.4759,ND,ND,ND
0.3254,0.0102,ND,0.1687,-0.0056,0.2679
ND,ND,ND,0.3606,ND,0.1891
0.3526,ND,0.4301,0.1776,ND,0.3092
0.2565,0.0261,ND,0.2319,ND,ND
0.3329,0.0171,0.2137,0.1621,-0.1392,ND
0.3162,0.0446,0.196,0.1907,0.0491,0.1439
ND,-0.0245,0.2832,-0.0489,0.0991,0.3134
-0.0593,-0.2422,0.453,ND,ND,ND
ND,0.0855,0.315,ND,ND,ND
ND,0.0875,ND,ND,ND,0.369
ND,-0.0094,0.4476,ND,ND,ND
0.3533,0.0687,0.2416,0.1291,0.0568,0.0871
0.3404,0.0713,0.2388,0.2229,0.0739,0.2044
0.0912,-0.0021,ND,-0.0301,ND,0.0301
ND,0.1243,ND,ND,ND,ND
0.3777,-0.1156,0.0811,0.354,ND,0.3934
0.3773,ND,0.2492,ND,ND,ND
ND,-0.2196,0.2574,ND,ND,ND
ND,ND,0.0435,ND,ND,ND
ND,0.3759,-0.2927,ND,ND,ND
ND,0.1727,ND,ND,ND,ND
ND,ND,ND,0.3417,0.0678,0.424
ND,ND,ND,-0.0961,0.3491,-0.2169
-0.2579,ND,-0.3496,ND,ND,ND
-0.2222,0.2512,-0.1237,-0.6323,0.1373,-0.1142
ND,ND,ND,0.0141,0.2745,0.0136
ND,ND,ND,ND,0.3553,ND
ND,ND,ND,-0.2345,0.5817,ND
ND,ND,ND,0.0171,ND,ND
ND,ND,ND,ND,-0.173,0.4573
0.2023,-0.0433,ND,0.1201,1.2947,0.1467
0.1806,-0.0847,0.1354,0.0821,0.0707,ND
ND,ND,ND,0.1152,0.0766,ND
ND,ND,ND,0.0817,0.0581,0.2483
-0.0457,-0.0199,-0.6625,ND,ND,ND
0.0524,0.0868,0.1093,-0.1313,0.1798,0.0073
0.2241,ND,0.1974,ND,ND,ND
0.0734,-0.0153,-0.0059,0.0885,0.1076,0.1115
ND,0.0924,0.2869,ND,ND,ND
ND,ND,ND,0.1313,-0.0558,-0.0048
ND,0.0639,ND,ND,ND,ND
0.2553,-0.0352,0.1679,ND,ND,ND
ND,0.0476,ND,ND,ND,ND
ND,ND,0.1789,0.0587,0.059,0.1386
ND,0.1633,ND,-0.0147,0.4855,0.0898
0.0539,0.1838,0.0545,0.1286,ND,0.0552
-0.1052,0.2655,-0.1678,-0.0578,0.2375,-0.3726
-0.0429,0.0467,-0.2173,-0.5271,-0.21,-0.4846
ND,0.0664,0.4184,ND,ND,0.2104
ND,0.5571,ND,ND,ND,ND
0.273,ND,0.1601,0.0342,0.1234,0.0332
ND,ND,-0.3528,ND,ND,ND
ND,ND,-0.1743,ND,ND,ND
0.8491,ND,0.3158,ND,ND,ND
-0.0139,ND,-0.0948,ND,ND,ND
-0.1516,0.1963,-0.1593,ND,ND,ND
ND,ND,0.1137,ND,ND,ND
ND,0.3294,ND,ND,ND,ND
-0.0731,0.125,-0.1766,ND,ND,ND
-0.2441,0.3116,-0.3183,-0.199,0.2727,-0.3081
0.0439,0.3067,ND,ND,ND,ND
ND,ND,ND,0.0776,ND,0.0194
-0.0143,0.122,-0.1485,0.0502,ND,ND
0.0346,0.0891,ND,ND,0.1363,-0.0459
0.7951,ND,0.1459,ND,ND,ND
ND,ND,ND,0.5601,ND,ND
ND,ND,ND,-0.175,0.2444,-0.0397
ND,ND,ND,0.0043,ND,0.2516
ND,ND,ND,ND,ND,0.0568
ND,ND,ND,ND,ND,0.5396
ND,ND,ND,ND,-0.1591,0.3017
ND,ND,ND,0.1301,ND,0.1244
ND,0.2236,ND,ND,ND,ND
ND,ND,ND,0.2062,0.2383,ND
ND,ND,ND,ND,0.1012,0.1406
ND,ND,ND,-0.0232,ND,-0.1505
ND,ND,ND,ND,ND,0.232
ND,-0.1284,0.1006,0.1607,0.1577,0.1467
0.1096,-0.3682,ND,ND,ND,ND
ND,ND,ND,0.0643,ND,ND
ND,ND,ND,ND,ND,0.1546
ND,ND,ND,0.3722,0.0544,-0.0362
-0.0458,ND,ND,ND,ND,ND
ND,ND,ND,0.0313,ND,ND
0.1664,0.2091,0.0402,ND,0.1177,0.0416
ND,ND,ND,ND,0.0937,ND
ND,ND,ND,0.0439,0.4299,0.0604
ND,ND,ND,0.0238,0.1067,0.0652
0.2621,0.031,ND,ND,ND,ND
ND,ND,ND,-0.3995,-0.0114,ND
0.1295,ND,ND,ND,ND,ND
ND,ND,ND,ND,ND,0.0034
ND,ND,0.282,ND,ND,0.3608
ND,ND,0.0859,ND,ND,ND
ND,ND,ND,ND,ND,0.1324
ND,-0.0092,ND,0.2073,ND,0.1346
ND,ND,ND,0.1329,ND,-0.0347
ND,ND,ND,0.118,-0.1571,ND
0.0655,0.2469,-0.1398,ND,0.1542,-0.0905
ND,ND,ND,0.0802,ND,ND
ND,-0.0792,ND,-0.1726,0.0596,0.0297
ND,-0.055,-0.0312,0.1652,ND,ND
ND,ND,ND,ND,ND,0.1718
ND,ND,0.0861,0.1443,ND,0.0927
ND,ND,ND,0.2455,0.1095,-0.0923
ND,ND,ND,ND,ND,0.2708
0.2009,0.0453,-0.1797,0.156,0.1105,-0.0459
ND,0.0836,0.595,ND,ND,ND
ND,ND,ND,0.4676,ND,ND
ND,ND,ND,ND,0.0699,0.0808
0.0294,0.2621,0.1271,ND,ND,ND
0.1319,0.0305,0.0948,0.0394,0.1319,-0.0334
0.2491,0.0036,ND,-0.1139,ND,0.0795
ND,ND,ND,0.1043,0.2231,0.0695
0.3553,0.0699,0.2604,ND,0.0744,ND
0.2291,0.5448,-0.0139,0.1848,0.067,-0.042
ND,ND,ND,ND,0.0956,0.053
0.0728,0.1026,0.0032,-0.0031,0.2191,-0.1621
0.7099,ND,ND,ND,ND,ND
0.2112,0.0843,ND,ND,ND,ND
0.1762,0.1205,0.1667,-0.0724,0.0293,ND
0.223,0.1777,ND,ND,ND,ND
0.2609,0.2407,0.0166,ND,ND,ND
ND,ND,ND,ND,0.0717,ND
ND,ND,ND,ND,0.3591,ND
ND,ND,ND,0.3464,ND,ND
0.2794,0.0114,0.1957,0.1813,0.0257,0.1654
ND,ND,-0.3622,0.1453,ND,ND
ND,ND,0.1937,0.195,-0.0688,0.2081
0.1516,0.2984,ND,0.1546,ND,ND
ND,ND,ND,0.1515,ND,ND
ND,ND,ND,ND,ND,0.3616
0.1412,-0.0831,ND,ND,ND,ND
ND,ND,ND,ND,ND,ND
0.0481,ND,0.7277,ND,ND,ND
-0.0234,-0.027,0.0366,ND,ND,ND
-0.1142,0.1485,ND,ND,ND,ND
-0.0086,0.0067,ND,ND,ND,ND
ND,ND,ND,0.0307,ND,ND
ND,ND,ND,0.091,0.0288,ND
ND,ND,ND,ND,0.1358,0.0706
0.3363,ND,0.2735,ND,ND,ND
ND,ND,ND,0.1976,ND,0.233
ND,ND,ND,0.2436,ND,0.2996
ND,ND,ND,0.0425,ND,0.0903
ND,ND,ND,-0.0095,ND,0.2174
ND,ND,ND,ND,ND,-0.114
ND,0.139,ND,ND,ND,ND
0.0227,ND,ND,ND,ND,ND
0.4403,ND,0.2435,ND,ND,ND
-0.088,0.123,-0.1365,-0.0389,0.0911,-0.0741
-0.0793,-0.0361,-0.1655,ND,ND,ND
-0.0411,0.1812,0.0254,ND,ND,ND
-0.1878,0.09,-0.2749,-0.0481,-1.2296,0.014
0.0171,-0.3254,0.0464,ND,ND,ND
-0.045,0.0971,-0.1874,ND,ND,ND
-0.1365,ND,-0.0649,ND,ND,ND
-0.0615,0.058,0.1529,ND,ND,ND
ND,-0.5254,-0.0116,ND,ND,ND
0.0215,ND,ND,ND,ND,ND
-0.1621,0.1004,-0.1781,-0.0171,-0.0211,-0.1556
-0.1336,0.0576,-0.0835,ND,ND,ND
ND,-0.0954,ND,ND,ND,ND
-0.0713,0.2368,-0.0641,ND,ND,ND
ND,0.1344,ND,ND,ND,ND
ND,-0.4524,ND,ND,ND,ND
ND,ND,-0.0678,ND,ND,ND
ND,0.083,ND,ND,ND,ND
-0.2373,-0.0587,ND,ND,ND,ND
-0.0957,0.046,0.0442,ND,ND,ND
-0.0783,ND,-0.1593,ND,ND,-0.0682
0.0703,0.1263,0.0178,ND,ND,ND
-0.1534,0.0534,-0.1855,ND,ND,ND
-0.1756,0.2156,-0.2399,-0.0056,ND,0.0238
ND,-0.0227,0.0168,ND,ND,ND
0.2743,ND,0.1002,ND,ND,ND
ND,ND,ND,-0.3185,0.0965,-0.2193
0.1923,0.0316,0.1359,0.066,0.1706,0.08
-0.0648,ND,ND,ND,ND,ND
0.1168,0.1184,ND,ND,ND,ND
0.1504,0.1001,0.082,0.049,0.0596,-0.0001
ND,ND,ND,ND,0.0738,-0.0015
ND,-0.0194,0.0954,ND,ND,ND
-0.202,0.3474,-0.199,-0.005,0.2439,ND
ND,0.0866,ND,-0.0598,ND,-0.018
-0.1164,0.3926,-0.324,ND,ND,ND
-0.1513,0.7304,-0.3162,ND,ND,ND
ND,-0.116,0.434,ND,ND,ND
ND,ND,0.2907,ND,ND,ND
ND,ND,ND,0.1639,0.0681,ND
ND,ND,ND,0.2149,ND,0.2441
ND,ND,ND,ND,0.0899,ND
ND,ND,ND,ND,-0.1809,-0.6609
ND,ND,ND,0.0413,0.1092,ND
ND,ND,ND,-0.0166,0.2539,ND
-0.0941,ND,-0.2567,ND,ND,ND
ND,ND,ND,0.1805,0.4564,0.051
ND,ND,ND,ND,ND,-0.6778
ND,-0.0877,ND,-0.0295,0.0481,0.0119
ND,0.0453,-0.011,0.2317,-0.0705,0.1346
ND,ND,ND,0.0597,0.1855,-0.005
ND,ND,ND,ND,0.1693,-0.1147
ND,ND,0.314,ND,ND,ND
-0.119,0.0824,-0.1642,-0.2642,-0.0143,-0.2626
-0.1332,0.217,-0.2067,ND,ND,ND
ND,ND,0.2903,0.1912,ND,ND
0.283,-0.0789,0.1866,0.1976,0.0997,0.2009
0.2624,-0.0338,0.1878,0.1402,0.0773,0.1558
ND,ND,ND,0.3673,-0.2361,ND
0.3776,0.0006,0.3675,0.2205,0.0893,0.2612
ND,ND,ND,0.089,ND,0.1904
ND,ND,-0.0442,ND,ND,ND
ND,ND,ND,ND,ND,0.0487
ND,ND,ND,ND,0.1174,ND
-0.2468,0.6203,ND,ND,ND,ND
0.307,0.2478,0.1306,ND,ND,ND
ND,ND,ND,-0.0104,ND,ND
0.1361,ND,0.164,ND,ND,ND
0.2094,0.2965,-0.0391,-0.1471,0.2058,-0.25
-0.094,0.0099,0.0448,-0.1422,ND,-0.074
-0.0792,ND,0.0223,ND,ND,ND
ND,-0.2751,-0.2813,ND,ND,ND
ND,ND,0.0458,-0.0113,0.0634,0.0082
ND,-0.2271,-0.1027,ND,ND,ND
ND,ND,ND,0.2325,0.0683,ND
-0.163,-0.1144,-0.1441,ND,ND,ND
ND,ND,ND,-0.007,-0.2276,0.0995
ND,ND,ND,-0.3158,0.2553,ND
ND,ND,ND,0.0947,0.1094,0.1228
0.5118,0.1874,0.4278,ND,ND,ND
ND,-0.6086,0.1036,ND,ND,ND
0.1692,0.0028,ND,ND,0.0313,0.1005
0.0469,0.0224,0.1079,0.0035,0.1903,0.0197
0.1171,0.1087,0.1142,ND,ND,ND
0.166,0.2665,-0.0209,0.0111,0.2036,-0.1172
0.0562,ND,0.1205,ND,ND,ND
0.784,ND,ND,ND,ND,ND
-0.0996,ND,0.2507,ND,ND,ND
-0.261,ND,-0.2613,ND,ND,ND
-0.0506,0.2382,-0.1106,ND,ND,ND
0.4157,0.1676,0.2141,0.1684,-1.6205,ND
ND,ND,ND,ND,0.0986,ND
0.2726,ND,ND,ND,ND,ND
0.4473,0.0021,0.1858,0.0369,ND,0.0545
ND,-0.0715,0.336,ND,ND,ND
0.3662,-0.0427,0.1665,0.1921,-0.053,ND
0.3322,ND,0.2663,ND,-0.0129,0.1468
ND,ND,ND,ND,0.5106,ND
0.2307,ND,-0.0161,0.1193,ND,-0.1503
0.1177,0.0153,0.0065,0.0698,0.2014,0.0001
ND,ND,ND,0.1101,ND,0.0223
0.3768,-0.0154,1.1263,ND,0.0994,ND
0.1942,0.0365,0.1232,0.1127,0.0444,0.2286
0.2879,0.1034,0.1833,-0.1688,0.0726,-0.1008
0.2607,-0.008,0.173,0.1504,-0.0362,0.0949
-0.1611,0.2918,ND,-0.0196,0.0849,-0.0656
ND,ND,ND,-0.0298,0.2953,-0.0377
ND,0.2253,0.2217,ND,0.1321,-0.4324
ND,0.2264,0.3643,0.3054,0.496,0.1631
0.709,0.1647,0.4564,0.3555,0.1899,0.3779
ND,ND,ND,0.0789,0.4272,ND
0.2481,-0.1404,0.1017,0.0014,0.0578,ND
ND,-0.0424,0.014,ND,ND,ND
ND,ND,ND,-0.0639,0.4215,ND
0.2126,-0.0678,0.1984,0.0362,0.069,0.138
-0.0139,0.1702,0.0919,ND,ND,ND
ND,ND,ND,ND,-0.021,0.2834
ND,ND,ND,0.0343,-0.0223,0.0808
0.2315,-0.0188,0.2236,0.0639,ND,ND
ND,ND,ND,0.1975,ND,0.2326
ND,0.165,0.1539,ND,ND,0.0624
ND,ND,ND,0.133,0.0278,0.208
ND,ND,ND,ND,ND,0.1725
0.2705,0.0027,0.2197,ND,0.0676,0.0502
0.1827,0.091,0.1582,-0.1173,ND,0.0795
ND,ND,0.285,0.0744,0.0294,0.1708
0.2139,0.0523,0.1914,0.0368,0.0737,0.1273
ND,ND,ND,0.0811,ND,0.1747
ND,ND,ND,0.0903,ND,0.2061
0.1714,-0.0803,0.2265,-0.0227,ND,0.2993
ND,ND,ND,0.1379,ND,ND
0.1052,ND,-0.2238,ND,ND,ND
ND,ND,ND,ND,0.1587,ND
0.463,0.2931,0.3901,0.2288,ND,0.382
0.4487,0.201,0.421,-0.2273,0.2071,0.1586
ND,ND,ND,ND,0.1568,0.082
ND,ND,ND,-0.0003,0.2411,-0.0082
ND,ND,0.2094,ND,ND,ND
0.0735,0.0665,0.1874,-0.2774,ND,-0.0535
0.0809,0.197,ND,0.0122,ND,-0.0631
ND,ND,ND,ND,ND,-0.1185
ND,ND,ND,ND,0.218,ND
0.0681,0.0907,0.158,ND,0.1782,0.0828
ND,ND,ND,ND,0.0871,-0.0749
ND,ND,ND,ND,-0.1143,0.1085
ND,ND,ND,-0.1802,-0.1972,ND
ND,-0.3679,ND,ND,ND,ND
-0.078,0.2501,ND,ND,ND,ND
ND,ND,ND,-0.3014,ND,ND
ND,0.7129,-0.205,ND,ND,ND
0.2147,ND,0.1729,0.1747,0.057,0.1613
0.2124,0.1049,0.1457,0.1738,0.0491,0.2218
-0.0414,0.0058,ND,ND,-0.1156,0.2468
0.2359,0.0675,ND,ND,-0.0076,0.0738
ND,ND,ND,0.359,ND,0.1251
ND,0.1189,ND,ND,ND,ND
ND,ND,ND,-0.1018,0.1895,ND
ND,ND,ND,ND,0.0892,ND
0.1872,-0.035,0.0811,-0.0319,0.084,0.0877
ND,ND,ND,0.1402,ND,ND
0.0735,0.1473,0.0974,-0.0184,0.1457,0.0935
ND,-0.0335,ND,0.1468,ND,1.0241
ND,ND,ND,ND,ND,0.2319
ND,ND,ND,0.0155,ND,ND
ND,ND,ND,0.0558,ND,ND
-0.3527,0.228,-0.4128,ND,ND,ND
ND,ND,0.423,ND,ND,ND
ND,ND,ND,ND,0.3052,ND
ND,ND,ND,ND,ND,0.2511
0.1286,0.4447,-0.0648,ND,ND,ND
0.0124,0.2934,-0.0936,ND,ND,ND
ND,ND,ND,0.0401,ND,-0.0391
ND,ND,ND,ND,ND,-0.1395
ND,ND,ND,ND,0.0516,-0.13
ND,-0.0091,0.1069,ND,ND,0.1003
-0.0375,0.3201,-0.0678,ND,ND,ND
ND,ND,-0.1719,ND,ND,ND
-0.2318,0.0812,-0.1951,ND,ND,ND
ND,ND,0.18,ND,ND,ND
-0.0556,0.0535,-0.0799,-0.0787,ND,-0.1584
ND,ND,ND,0.1359,ND,0.2265
0.4155,-0.0721,0.4133,ND,ND,ND
0.1461,0.016,0.0972,0.0678,0.1208,0.0667
0.3753,-0.216,0.3438,0.3061,-0.0842,0.2369
ND,ND,ND,-0.1313,0.306,-0.2004
0.0982,0.2834,-0.0663,ND,ND,ND
ND,0.1844,-0.0674,ND,ND,ND
-0.019,0.2756,-0.1858,ND,ND,ND
0.1551,0.0789,0.1179,0.0119,ND,ND
0.2131,ND,ND,ND,0.0773,0.1531
0.3669,ND,ND,ND,ND,ND
0.2533,0.3395,0.1999,ND,ND,ND
0.2606,0.2187,0.1731,ND,0.4819,0.0139
0.2399,ND,0.1452,ND,0.0301,ND
0.3183,0.0779,0.2591,ND,ND,ND
0.3674,0.1073,0.1941,0.1402,0.2942,0.0887
0.4049,ND,0.2865,ND,ND,ND
ND,ND,ND,0.0497,-0.1043,ND
ND,0.0365,0.165,0.0783,0.0806,0.0561
ND,ND,ND,0.0587,ND,ND
0.0286,ND,ND,ND,ND,ND
-0.2231,ND,ND,ND,ND,ND
0.3878,0.0487,0.3149,0.3454,-0.0106,0.3087
-0.0807,0.2846,-0.1388,-0.2473,ND,ND
-0.0991,0.2135,-0.1109,-0.149,ND,-0.3235
-0.067,ND,-0.0554,ND,ND,ND
-0.0968,-0.2453,-0.1423,ND,ND,ND
0.0702,0.1976,-0.3276,ND,ND,ND
-0.0773,0.2003,-0.0204,-0.0287,-0.1063,-0.0269
-0.1173,ND,-0.0947,ND,ND,ND
0.1677,ND,0.0422,ND,ND,ND
-0.1615,0.1916,-0.211,ND,0.0868,ND
-0.1376,0.3391,-0.3391,ND,ND,ND
-0.2073,0.2355,-0.4378,ND,ND,ND
-0.2046,0.1388,-0.2847,ND,ND,ND
0.36,-0.1701,0.1608,0.1113,ND,0.1328
-0.1563,ND,ND,ND,ND,ND
-0.0324,0.146,-0.1108,ND,ND,ND
0.3422,0.0248,0.5874,ND,ND,ND
0.207,ND,ND,ND,ND,ND
ND,ND,ND,ND,-0.7186,ND
-0.0186,0.1608,-0.1077,ND,ND,ND
0.005,0.1295,ND,ND,ND,ND
-0.107,0.1776,-0.2715,ND,ND,ND
ND,ND,ND,0.0961,0.0264,0.3223
ND,ND,ND,0.0455,ND,0.0316
-0.0949,-0.3379,-0.1179,ND,ND,ND
ND,ND,0.0161,ND,ND,ND
ND,ND,ND,ND,ND,0.0808
-0.0304,0.0459,-0.0514,-0.0231,-0.1058,-0.2164
-0.0269,ND,ND,ND,ND,ND
ND,ND,ND,0.0122,ND,0.0652
ND,0.1028,0.3628,ND,ND,ND
0.0837,-0.0196,0.0567,0.1478,0.068,0.097
ND,ND,ND,0.0431,ND,ND
ND,ND,ND,-0.442,ND,ND
-0.0557,0.3257,ND,ND,ND,ND
ND,ND,ND,0.0453,ND,ND
ND,0.1668,ND,ND,ND,ND
0.5375,0.1018,0.3351,0.1823,ND,ND
0.1833,0.0026,0.1658,0.0403,-0.0136,0.0833
-0.0827,0.5082,-0.0657,ND,ND,ND
-0.3103,0.652,-0.3507,ND,ND,ND
-0.4976,0.4176,ND,ND,ND,ND
0.0648,0.2372,-0.0158,ND,ND,ND
ND,ND,ND,0.2413,ND,ND
0.1329,0.4206,0.0362,ND,ND,ND
0.2438,0.5705,-0.5065,ND,ND,ND
-0.0009,0.0981,ND,ND,ND,ND
-0.0799,0.1012,-0.0794,ND,ND,ND
-0.4635,0.7577,-0.34,ND,ND,ND
0.1034,0.1804,-0.0876,ND,ND,ND
0.1003,0.0527,0.0048,ND,ND,ND
-0.0116,0.1145,-0.0329,ND,ND,ND
ND,ND,ND,0.0935,ND,ND
0.2424,0.0893,0.1832,-0.0015,0.0582,0.0412
0.1645,0.0098,-0.0701,ND,ND,ND
-0.0427,0.143,-0.0777,ND,ND,ND
ND,0.0228,ND,ND,ND,ND
ND,ND,ND,0.4258,0.0122,0.2367
0.2281,ND,0.0746,0.0671,0.1341,0.0583
ND,ND,ND,-0.0575,ND,-0.0431
ND,ND,ND,0.0125,-0.029,0.0601
0.2578,-0.0801,0.1073,0.2869,0.037,ND
ND,ND,ND,0.2198,ND,0.1855
0.1147,ND,ND,-0.0572,0.1875,-0.0749
ND,ND,ND,-0.1527,0.0641,ND
0.2402,-0.0805,0.1385,0.0896,0.0297,0.1247
ND,ND,ND,ND,0.3308,0.2634
ND,ND,ND,0.0332,ND,0.0562
ND,-0.1134,ND,-0.0176,0.2311,0.1835
0.2757,ND,0.0065,0.1748,0.2407,0.2144
0.0735,0.2072,-0.1912,ND,ND,ND
ND,ND,ND,0.098,0.0836,0.1038
0.0687,ND,0.0705,ND,0.1252,ND
-0.1739,0.1961,-0.1614,ND,ND,ND
0.2065,-0.0432,0.1754,0.1261,0.0552,0.1213
0.2974,0.0119,0.2013,0.0899,0.1451,0.1512
0.0488,0.2191,-0.3946,ND,ND,ND
-0.0379,0.2138,-0.0491,ND,ND,ND
0.1589,0.0047,0.1263,0.1057,-0.0115,0.1635
ND,ND,ND,ND,ND,0.2187
0.1404,0.2203,-0.0181,-0.108,0.1519,-0.0852
0.2065,0.1242,0.1817,ND,ND,0.2429
ND,0.2046,-0.0239,ND,ND,ND
0.1195,0.0256,0.076,ND,0.124,ND
ND,0.0265,ND,ND,ND,ND
-0.1597,0.1777,-0.0457,ND,ND,ND
0.0434,-0.0225,0.0007,0.0745,ND,-0.0377
ND,ND,0.8134,ND,ND,ND
ND,ND,ND,ND,0.1606,0.1308
0.2539,0.1578,0.1647,0.1456,0.091,ND
0.1254,0.1621,0.1059,ND,ND,0.0147
-0.0244,0.1728,-0.0927,ND,ND,ND
0.154,0.0662,0.135,0.1229,0.5458,-0.3052
0.2402,0.2015,0.0652,ND,ND,ND
0.2926,ND,0.0465,ND,ND,ND
ND,-0.0881,0.0969,ND,0.034,ND
0.2267,ND,ND,ND,ND,ND
ND,ND,ND,ND,-0.1425,ND
0.3129,ND,ND,ND,ND,ND
ND,0.3902,-0.0095,ND,ND,ND
0.0922,0.1717,0.0363,ND,ND,ND
0.0461,0.3359,-0.1388,ND,0.2032,ND
-0.2029,0.0794,-0.1204,ND,ND,ND
ND,ND,ND,0.6118,0.4161,ND
ND,0.1887,-0.076,ND,ND,ND
ND,ND,ND,-0.4957,0.4201,ND
ND,0.1207,ND,0.211,0.9739,ND
0.1462,0.1049,0.1615,0.1175,0.0358,0.217
0.1242,-0.0291,0.1487,ND,ND,0.0695
0.2987,ND,ND,0.0727,ND,ND
0.2616,0.0102,0.0912,ND,ND,ND
ND,ND,ND,ND,ND,ND
ND,ND,ND,0.0712,0.1614,0.1294
0.1842,0.01,0.1788,0.0758,0.0729,0.1115
ND,ND,ND,0.0094,0.3082,-0.1428
0.6505,ND,ND,ND,0.0248,ND
0.1137,-0.2179,0.1467,0.0887,0.0466,0.1007
-0.2476,ND,-0.2749,ND,ND,ND
0.0759,0.0759,-0.0237,0.0384,0.1095,-0.0458
ND,ND,ND,ND,0.0096,0.1839
ND,ND,ND,-0.5394,0.0182,0.1195
ND,ND,0.184,ND,ND,ND
0.1452,0.1137,-0.0274,0.1307,0.1238,0.0363
ND,ND,-0.1357,0.1043,-0.1314,0.282
ND,ND,ND,0.1607,ND,ND
ND,ND,ND,-0.147,0.1764,-0.2858
0.024,0.1328,-0.0762,ND,ND,ND
0.2777,ND,ND,0.0807,-0.0249,ND
0.2886,0.0571,0.2142,0.0947,0.1186,0.1539
-0.0453,ND,ND,-0.0321,ND,ND
ND,ND,ND,ND,ND,-0.2597
-0.1522,0.1623,-0.1208,ND,ND,ND
0.0975,0.2314,-0.1678,-0.0961,ND,-0.3113
ND,ND,-0.1492,ND,ND,ND
-0.1232,0.2099,-0.2652,-0.1867,0.1511,-0.5016
-0.1283,0.1409,-0.2442,-0.3015,0.0482,-0.3738
0.3572,0.4448,0.043,ND,ND,ND
ND,ND,ND,ND,-0.3014,0.2326
-0.0559,0.0355,ND,0.0783,-0.0319,-0.0699
0.2498,ND,0.2658,ND,ND,ND
ND,ND,ND,0.0675,ND,ND
-0.0422,ND,ND,ND,ND,ND
ND,ND,0.9292,ND,ND,ND
ND,-0.2078,ND,ND,ND,0.1902
0.2302,0.0834,0.13,0.151,-0.117,0.1644
ND,ND,ND,0.0841,0.1576,ND
ND,ND,ND,0.0434,0.107,ND
1.0223,0.1881,ND,ND,ND,ND
ND,ND,ND,0.0886,ND,0.1993
ND,ND,ND,ND,ND,0.2533
ND,ND,ND,0.1396,ND,0.3178
0.2346,0.0597,0.3092,ND,ND,0.1594
ND,ND,ND,0.0855,0.1078,ND
ND,0.0269,0.3663,ND,0.1281,0.1193
ND,-0.0265,0.2797,ND,ND,ND
0.2696,-0.0756,0.3498,ND,ND,0.0672
ND,-0.0855,ND,ND,ND,0.0522
0.2531,-0.0018,0.3009,0.182,ND,0.2083
0.4008,ND,0.5409,0.1587,ND,0.2278
ND,0.467,ND,ND,ND,ND
ND,ND,ND,ND,-0.0159,0.2536
ND,0.011,0.4238,0.0871,ND,0.1286
ND,ND,ND,ND,-0.2394,0.4423
0.1782,0.0484,0.1113,0.0495,0.1243,ND
0.4218,-0.0417,0.2997,0.1797,-0.0224,0.2537
ND,ND,ND,ND,-0.0185,0.3767
ND,0.12,ND,ND,ND,ND
ND,ND,ND,ND,ND,0.2452
ND,ND,ND,0.4322,-0.0529,ND
0.4582,0.0536,ND,0.2543,0.0681,0.2571
0.15,-0.087,0.2667,0.0105,0.0371,0.1766
0.0131,0.0291,0.9321,ND,ND,ND
ND,ND,ND,0.3667,0.1034,ND
-0.0556,ND,0.42,ND,ND,ND
ND,ND,ND,ND,ND,0.1859
ND,ND,ND,0.177,ND,0.1973
ND,ND,ND,0.1363,ND,-0.0608
ND,ND,ND,-0.2557,0.1907,0.0569
-4.3646,0.1584,0.2013,ND,0.0443,-0.0602
0.2374,0.0437,0.084,0.2796,0.0436,0.1245
ND,0.0572,-0.1411,ND,ND,ND
ND,ND,ND,0.1976,ND,ND
ND,ND,0.1829,0.0686,-0.0504,ND
ND,ND,ND,ND,ND,0.1168
ND,-0.2734,ND,0.167,ND,0.317
0.2135,0.0992,ND,-0.1024,0.1432,ND
0.6282,-0.0668,0.1561,0.1641,0.2577,0.1306
0.2712,-0.3713,0.1461,0.2323,0.0557,0.2071
ND,ND,ND,ND,ND,-0.1109
ND,ND,ND,ND,-0.154,ND
ND,ND,ND,ND,0.0607,ND
0.2889,-0.0564,0.1433,0.1162,0.0981,0.1521
ND,ND,ND,0.1274,0.2057,ND
ND,ND,ND,0.0301,ND,-0.0067
0.1221,0.0233,ND,0.0831,0.1526,0.0912
ND,ND,ND,ND,ND,0.1112
ND,-0.024,0.185,0.1414,0.1293,0.1457
0.3838,-0.1004,0.2823,0.224,ND,0.2864
ND,ND,ND,ND,ND,0.1329
0.2432,ND,ND,0.1414,0.0412,0.1067
ND,ND,0.4552,ND,ND,ND
ND,-0.0007,-0.0545,ND,ND,ND
0.0925,-0.1818,0.477,ND,ND,ND
0.2616,0.1694,0.133,0.0687,0.257,0.1237
-0.2011,0.0753,0.0625,0.1403,0.2771,0.1314
0.2,ND,ND,0.3192,0.0593,ND
0.2059,-0.142,0.21,ND,ND,ND
ND,ND,ND,0.0101,0.0646,0.0848
ND,ND,ND,0.1009,0.3617,ND
ND,ND,ND,-0.0078,ND,ND
ND,ND,ND,0.0578,0.3346,ND
ND,ND,ND,ND,ND,0.0735
ND,ND,ND,-0.1096,ND,0.1324
0.2699,-0.1761,0.1837,ND,0.1565,0.1133
ND,-0.1557,0.1639,ND,0.2284,0.1297
0.2448,-0.0434,0.2618,0.1223,0.0587,ND
ND,ND,0.2244,0.1738,0.032,0.2454
-0.2715,-0.1859,0.5322,-1.0055,-0.5157,-0.2084
ND,-0.0471,0.0256,ND,-0.2473,-0.2718
-0.0058,-0.0171,ND,-0.0851,ND,-0.0082
ND,0.0126,-0.0412,ND,ND,ND
ND,ND,ND,0.2044,ND,-0.0254
0.0866,0.2032,-0.0309,ND,ND,ND
0.088,-0.246,0.0288,-0.1409,ND,-0.0761
0.0706,0.1169,-0.1052,-0.0786,ND,-0.3629
0.0874,0.0753,-0.0761,0.0341,0.1749,-0.0448
ND,ND,0.2746,ND,ND,ND
-0.2294,0.1556,-0.2572,ND,ND,ND
-0.1197,-0.1335,ND,ND,ND,ND
-0.0595,0.289,ND,-0.3798,0.1319,-0.2143
ND,0.143,0.0926,ND,ND,ND
-0.0203,-0.1311,-0.1243,ND,ND,ND
ND,ND,ND,ND,ND,-0.0579
ND,ND,ND,0.0205,0.1686,0.1016
ND,ND,ND,0.1551,0.0517,ND
ND,ND,ND,0.0985,0.0744,0.117
ND,ND,ND,0.1094,ND,0.0396
ND,ND,ND,0.1084,0.2357,0.0573
ND,ND,ND,0.2743,ND,ND
ND,ND,ND,0.0938,0.0979,ND
ND,ND,ND,ND,0.2554,ND
ND,-0.1229,0.3108,0.3515,ND,ND
ND,ND,ND,ND,0.2204,0.0054
ND,ND,ND,0.0529,0.0376,ND
ND,0.1015,0.088,ND,ND,ND
ND,ND,ND,-0.0539,0.2506,0.0223
ND,0.3014,ND,ND,ND,ND
0.1646,0.044,-0.0018,ND,ND,ND
0.2504,ND,0.1474,-0.0586,0.1217,-0.0465
ND,ND,ND,ND,ND,0.0315
0.2558,-0.8593,ND,ND,-0.0055,0.6267
-0.1407,0.3407,-0.3768,-0.2332,ND,ND
0.2908,0.133,-0.0772,ND,-0.0311,ND
ND,0.0922,ND,0.0482,-0.9866,1.3408
0.3666,0.0431,0.2946,0.307,ND,ND
0.6214,ND,0.5514,ND,-0.0046,0.1173
ND,ND,ND,-0.1438,ND,-0.0482
ND,ND,ND,0.0172,-0.1488,ND
ND,ND,ND,-0.069,0.1772,ND
0.1416,0.4327,0.1166,0.0543,-0.0817,0.2715
0.3632,0.5242,0.0594,-0.3531,ND,ND
ND,ND,0.1585,0.026,0.014,0.1256
0.0957,-0.0515,0.1285,ND,0.13,0.145
-0.2983,ND,-0.5652,ND,-0.1413,ND
-0.1312,-0.2709,ND,ND,ND,ND
-0.4108,ND,-0.3648,ND,ND,ND
-0.6325,1.9489,-1.2516,ND,ND,ND
ND,ND,ND,0.0838,ND,ND
0.137,0.1721,0.2958,ND,0.3811,ND
0.0737,1.4804,-0.2715,ND,ND,ND
0.008,0.4297,-0.1255,ND,ND,ND
0.051,ND,ND,ND,ND,ND
ND,ND,0.1285,ND,ND,ND
ND,ND,ND,-0.0356,-0.0616,-0.1418
-0.0122,-0.0031,-0.0638,ND,ND,ND
0.2447,0.2001,0.1047,-0.0744,0.1336,-0.0438
ND,ND,ND,0.1688,ND,0.3051
ND,ND,ND,ND,-0.0067,0.0591
0.3505,0.2534,-0.2395,ND,ND,ND
-0.0314,0.2656,-0.1515,ND,ND,ND
0.2107,-0.2635,0.1015,ND,ND,0.1118
ND,ND,ND,-0.1823,0.1482,0.0091
ND,ND,ND,ND,ND,-0.0486
ND,ND,ND,0.002,ND,-0.0511
-0.0752,0.5703,-0.1633,ND,ND,ND
0.2124,0.5816,-0.0689,ND,ND,ND
ND,ND,ND,-0.2079,0.2072,ND
ND,ND,-0.1052,-0.0833,ND,ND
ND,ND,ND,ND,ND,-0.0133
-0.1499,-3.116,-0.1192,ND,ND,ND
ND,0.0865,0.1929,ND,0.0063,-0.0061
ND,ND,ND,ND,-0.389,ND
-0.0215,ND,0.4779,ND,ND,ND
0.2752,0.1578,0.1467,0.0353,0.1877,0.084
0.5153,ND,ND,ND,0.0425,0.2294
0.6672,1.1216,ND,ND,ND,ND
-0.0136,0.4282,-0.2963,-2.9425,0.3077,ND
-0.0093,0.4429,-0.757,ND,ND,ND
0.1098,ND,0.0753,ND,ND,ND
0.1659,0.165,ND,0.1033,0.1212,0.0771
0.1903,0.5525,0.2178,0.1215,0.054,0.2092
0.1593,-0.0473,ND,0.1248,0.0117,0.2377
ND,ND,ND,0.13,-0.0316,0.2912
ND,ND,ND,ND,0.035,0.3013
ND,ND,ND,ND,0.3626,ND
0.1168,ND,ND,-0.0691,ND,ND
-0.0368,0.0288,0.0848,0.2803,0.1089,0.0923
ND,0.0642,ND,ND,ND,ND
ND,ND,ND,ND,ND,0.1549
ND,ND,ND,ND,ND,-0.358
ND,ND,ND,0.4573,ND,0.2488
ND,ND,-1.6709,ND,ND,ND
0.5097,-0.1862,ND,ND,ND,ND
0.1101,0.0176,0.0654,ND,ND,ND
-0.1636,1.2514,ND,ND,ND,ND
0.2363,-0.0111,ND,ND,ND,ND
0.2626,ND,0.1021,ND,ND,ND
0.1328,0.18,0.0749,-0.0158,ND,ND
0.1888,ND,ND,ND,ND,ND
0.1782,0.3981,-0.0289,ND,ND,ND
-0.1917,ND,ND,-0.2056,0.0904,0.0179
-0.3201,ND,-0.0517,ND,ND,ND
-0.2607,ND,ND,ND,ND,ND
-0.1023,-0.0381,0.0866,-0.1607,ND,ND
ND,ND,-0.081,ND,ND,ND
ND,ND,ND,ND,ND,-0.2499
ND,-0.1275,0.0637,ND,0.006,0.0453
0.0808,0.4218,-0.0383,ND,ND,ND
0.024,-0.0407,0.0011,ND,ND,ND
0.4347,ND,ND,ND,ND,ND
0.2105,-0.002,0.2744,0.0995,0.126,0.0962
ND,ND,ND,0.4514,ND,0.1125
ND,ND,ND,-0.0985,0.0215,0.0111
ND,ND,ND,-0.0721,ND,-0.0592
ND,0.0987,0.2158,ND,0.103,0.0461
ND,ND,ND,0.0703,0.2299,-0.1052
0.1245,0.0254,0.0249,-0.0998,-0.0715,0.1839
0.0547,ND,ND,ND,ND,ND
-0.2088,ND,ND,ND,ND,ND
ND,-0.0847,0.1342,ND,ND,0.1147
ND,-0.0677,0.248,0.1332,0.0365,0.137
ND,ND,ND,0.1956,-0.1194,ND
ND,ND,ND,0.4954,ND,0.2581
ND,ND,ND,-0.0985,-0.0558,0.2393
ND,ND,ND,0.1656,ND,0.3377
0.3051,-0.3606,0.516,0.1511,-0.1172,0.2475
0.2438,ND,0.5399,0.1402,ND,0.1489
ND,ND,ND,0.1304,-0.1177,0.2396
0.2823,-0.1912,0.9052,ND,ND,ND
-0.3694,-0.0182,ND,ND,ND,-0.107
ND,ND,ND,0.3239,ND,ND
ND,-0.1654,0.4878,ND,ND,ND
ND,-0.1679,ND,ND,ND,ND
-0.0513,-0.2204,ND,ND,ND,ND
0.483,0.1351,0.4145,0.3275,0.23,ND
ND,ND,0.2273,0.3331,0.274,ND
ND,-0.0202,-0.1751,ND,0.2139,ND
ND,ND,ND,0.3696,-0.1288,0.1964
-0.0895,ND,-0.1306,-0.0865,0.2471,-0.6027
ND,ND,ND,ND,-0.0742,0.3419
0.0283,0.0902,0.1442,0.0285,0.1342,-0.0117
0.1463,0.1554,0.0096,-0.0143,0.2352,0.0596
ND,ND,0.1511,-0.252,0.1225,ND
ND,ND,ND,0.1183,0.1453,0.1159
0.0897,0.1781,0.1349,0.0749,0.1451,-0.0938
-0.0223,0.2319,-0.0904,-0.0334,ND,ND
ND,ND,ND,0.3263,ND,ND
ND,ND,ND,0.0944,ND,0.0116
0.1238,-0.0465,0.2123,0.0326,0.0194,0.1693
ND,ND,-0.3411,ND,ND,ND
0.1473,-0.0161,0.1725,0.0586,-0.0109,0.1191
0.1412,0.0969,0.1547,0.1524,-0.1707,0.2042
ND,ND,ND,0.2055,0.0516,0.2774
0.0147,0.1012,-0.002,-0.0734,ND,ND
0.0826,ND,ND,ND,ND,ND
0.3625,0.0409,0.1603,ND,0.0752,0.0797
0.406,-0.01,0.3256,0.1851,ND,ND
ND,ND,0.3882,0.3667,-0.0208,0.2723
0.1583,ND,ND,0.0605,0.0222,0.0206
ND,ND,ND,ND,ND,0.4004
ND,ND,ND,0.0344,ND,0.0933
ND,ND,ND,ND,ND,0.0561
0.3908,0.0508,0.1618,-0.2195,0.7724,-1.4293
ND,0.0189,ND,ND,ND,ND
0.2509,ND,0.28,ND,ND,ND
ND,ND,ND,ND,0.0911,ND
1.1006,-0.1696,0.7663,ND,ND,ND
0.2116,-0.1741,ND,ND,ND,ND
-0.1611,0.1832,-0.1425,ND,ND,ND
-0.0167,0.0489,-0.0514,ND,ND,ND
ND,ND,ND,0.1357,0.1115,ND
ND,ND,ND,0.2554,ND,ND
-0.0994,0.2443,-0.3182,ND,ND,ND
-0.074,ND,0.181,ND,ND,ND
ND,ND,ND,0.0797,0.1495,0.1603
ND,ND,ND,ND,ND,-0.0033
ND,ND,ND,0.0099,0.0916,ND
-0.0317,-0.0455,-0.0472,0.0054,0.1489,-0.1449
ND,ND,ND,ND,0.2218,ND
ND,ND,ND,ND,ND,ND
0.1992,0.2556,-0.0404,0.0727,0.2383,-0.2019
ND,ND,ND,0.0607,0.1257,-0.2545
-0.0539,0.1998,-0.1503,ND,ND,ND
0.1704,0.0826,-0.0201,ND,0.0864,ND
-0.1906,ND,ND,ND,ND,ND
0.1021,0.0455,0.0233,0.0261,0.1188,0.0264
ND,ND,ND,ND,-0.1565,ND
0.044,ND,0.0397,0.0733,ND,0.0431
0.2434,ND,ND,0.3028,ND,0.3554
ND,ND,0.2667,ND,ND,ND
ND,ND,ND,ND,ND,-0.1043
ND,ND,ND,0.1383,ND,0.2229
ND,ND,ND,ND,0.1252,-0.003
ND,ND,ND,-0.1003,ND,-0.0506
0.2469,ND,0.3153,0.0489,-0.0027,0.1841
0.0491,0.1803,ND,-0.1267,0.1923,ND
-0.0266,0.048,-0.0093,ND,ND,ND
-0.0776,ND,ND,ND,ND,ND
-0.042,0.5506,ND,ND,ND,ND
ND,ND,ND,-0.1807,ND,ND
ND,0.0223,-0.0888,-0.0989,ND,-0.1355
ND,0.2752,0.3981,ND,ND,ND
ND,0.3492,-0.2195,ND,ND,ND
ND,0.4258,-0.2566,ND,ND,ND
-0.1152,-0.1722,ND,ND,ND,ND
0.099,0.0712,0.0494,-0.032,0.1912,ND
ND,ND,ND,ND,0.2781,-0.3194
ND,ND,ND,0.1485,0.0616,0.1664
ND,ND,ND,0.2152,0.0994,ND
0.3082,0.0986,0.2076,0.1573,0.1527,0.1202
0.2871,0.0544,-0.1381,ND,0.0167,ND
ND,-0.0321,0.1957,ND,0.1189,ND
ND,ND,ND,0.1453,ND,ND
-0.2716,ND,ND,ND,ND,ND
0.0942,0.4105,0.0181,-0.0241,0.1705,ND
-0.0132,0.0638,-0.0208,ND,ND,ND
ND,ND,ND,ND,0.0704,ND
-0.1281,0.1346,-0.1535,ND,ND,ND
-0.1307,0.2313,-0.1548,ND,ND,ND
0.1247,-0.0859,0.0991,0.0268,ND,0.2244
0.015,0.1764,-0.1519,0.0456,ND,-0.2274
-0.0753,0.3239,-0.1754,-0.1776,0.2945,-0.1513
ND,0.1785,0.221,ND,ND,ND
ND,-0.3744,ND,ND,ND,ND
0.023,0.3037,ND,-0.231,0.381,ND
ND,0.3003,0.2213,ND,ND,ND
ND,ND,0.2956,ND,ND,ND
0.2459,ND,0.0729,ND,ND,ND
ND,ND,ND,ND,0.119,ND
0.3552,0.2205,0.4059,0.1456,0.0755,0.2668
0.2107,0.0835,0.1774,ND,ND,ND
ND,ND,ND,ND,0.2289,ND
ND,ND,ND,ND,ND,0.1258
-0.1073,0.1728,ND,ND,ND,ND
ND,ND,ND,0.0516,0.0377,0.1387
ND,-0.1212,0.1411,0.2019,ND,0.1135
ND,ND,ND,ND,ND,-0.3128
0.5709,0.0752,0.5672,0.1722,0.2247,0.1201
0.0104,0.1629,0.0487,-0.2018,ND,-0.0129
-0.0079,-0.1726,0.3021,ND,ND,ND
ND,ND,ND,-0.1249,-0.0002,ND
ND,ND,ND,0.0905,-0.1244,0.0015
-0.036,ND,ND,ND,0.2364,ND
ND,ND,ND,-0.1585,0.1695,-0.0256
ND,ND,ND,-0.0773,0.2374,0.0045
ND,ND,ND,-0.0719,0.2053,-0.1975
-0.0157,-0.0608,0.0497,-0.0066,0.1534,-0.0046
ND,ND,ND,ND,0.4433,ND
-0.0701,-0.2015,-0.0394,-0.3502,0.3555,0.1552
-0.0935,ND,-0.0075,-0.2602,0.164,-0.15
ND,0.1073,0.1408,ND,0.1631,-0.0047
ND,0.0325,0.193,ND,ND,ND
ND,ND,ND,ND,ND,0.0827
0.006,ND,ND,-0.0463,0.1142,-0.0214
ND,ND,ND,0.4147,ND,-0.015
ND,ND,ND,ND,-0.3447,ND
ND,ND,ND,-0.1494,0.0426,ND
ND,ND,ND,ND,ND,0.0875
ND,ND,ND,ND,ND,0.2465
ND,ND,ND,ND,ND,-0.1154
ND,-0.0895,0.1719,0.0159,0.2517,0.1226
ND,ND,ND,0.0584,1.2454,0.0893
ND,ND,0.616,ND,ND,ND
ND,ND,ND,ND,0.0682,-0.0217
0.0431,0.1482,ND,-0.0856,0.1995,-0.0133
ND,0.1395,0.2221,ND,ND,ND
0.2479,ND,0.5671,ND,ND,ND
0.0191,0.0928,ND,ND,0.1307,0.1263
-0.0458,0.0105,-0.0621,-0.1495,0.231,-0.061
0.5628,-0.2146,ND,-0.1076,ND,ND
ND,ND,ND,-0.0012,-0.6961,-0.0309
ND,ND,0.0874,ND,ND,ND
-0.124,0.1071,0.4926,ND,ND,0.0171
ND,ND,ND,-0.0108,ND,0.0246
0.3887,ND,0.3449,ND,ND,ND
ND,ND,ND,0.0006,ND,0.1122
ND,ND,ND,-0.0831,ND,-0.0461
0.1164,0.1933,ND,ND,ND,ND
-0.063,ND,-0.0354,ND,ND,ND
ND,ND,ND,0.177,-0.4178,0.5062
ND,ND,ND,ND,ND,0.033
ND,ND,-0.0015,ND,ND,ND
ND,ND,ND,0.0971,-0.0699,0.2643
ND,ND,ND,0.1587,ND,ND
ND,0.0861,ND,ND,ND,ND
ND,-0.0019,ND,ND,ND,ND
0.1178,ND,-0.2955,0.0166,0.0786,0.0352
ND,ND,ND,0.0674,-0.1783,0.1579
ND,ND,ND,0.1168,ND,0.1283
ND,ND,ND,ND,ND,0.2139
0.2096,0.2265,0.0207,0.0242,0.3855,-0.1744
-0.2295,0.0367,0.0436,ND,ND,-0.0064
0.3732,ND,ND,ND,ND,ND
ND,ND,ND,ND,ND,-0.144
ND,ND,ND,0.2464,ND,ND
ND,ND,ND,ND,-0.0917,ND
ND,ND,ND,-0.0212,-0.0863,ND
ND,ND,ND,ND,0.0013,0.337
ND,ND,ND,-0.0907,ND,ND
0.3086,0.279,0.0502,0.1286,ND,0.0442
ND,0.1454,ND,ND,ND,ND
0.0417,ND,0.2431,ND,ND,ND
ND,-0.097,ND,0.1004,ND,ND
ND,ND,ND,0.1573,ND,0.196
ND,ND,ND,-0.0428,-0.317,0.2524
ND,ND,ND,0.1457,0.0702,ND
0.4235,ND,-0.3281,ND,ND,ND
ND,ND,ND,0.0852,0.2054,-0.0612
ND,ND,0.4877,ND,ND,0.2144
ND,ND,ND,-0.1529,ND,ND
-0.0486,ND,0.1316,ND,ND,0.4348
0.1158,-0.036,0.1974,-0.0014,0.0702,ND
ND,ND,ND,ND,ND,0.192
ND,ND,ND,ND,0.1637,0.1929
ND,ND,ND,ND,0.0938,0.1955
ND,ND,ND,0.4545,0.0381,ND
ND,ND,ND,-0.2614,ND,-1.3613
ND,ND,ND,0.1845,ND,0.3406
ND,ND,ND,ND,ND,-0.3058
0.0357,0.0168,0.016,0.0917,ND,-0.0868
ND,0.145,0.2944,ND,ND,ND
ND,0.6722,-0.0984,ND,ND,ND
0.1786,0.0585,0.1449,ND,ND,ND
ND,ND,0.0732,ND,ND,ND
-0.1809,0.2983,ND,ND,ND,ND
0.0355,ND,0.4513,ND,ND,ND
0.1593,0.0377,-0.0425,0.0973,-0.1424,-0.1786
-0.0768,0.0363,-0.0607,-0.1236,ND,-0.136
ND,ND,-1.5845,ND,ND,ND
ND,-0.1534,ND,ND,ND,ND
-0.0067,-0.0184,0.0093,ND,ND,ND
-0.0184,ND,ND,ND,ND,ND
-0.0244,0.1241,ND,ND,ND,ND
1.7349,ND,ND,ND,ND,ND
ND,0.0899,ND,ND,ND,ND
0.4577,-0.7743,0.548,ND,ND,ND
ND,ND,-0.053,ND,ND,ND
0.0597,-0.0671,ND,ND,ND,ND
-0.0308,-0.2441,-0.0581,ND,ND,ND
0.0132,0.0604,-0.0204,ND,ND,ND
-0.0605,-0.0049,ND,ND,ND,ND
-0.0285,0.0326,0.0213,0.0009,-0.2012,-0.0967
0.0035,0.0174,0.0043,ND,ND,ND
-0.1075,0.2933,0.1792,ND,ND,ND
ND,0.0435,-0.0722,ND,ND,ND
ND,0.1659,0.3946,0.2315,-0.1077,0.0896
0.0477,-0.0052,-0.0188,ND,-0.1048,ND
ND,ND,ND,0.0212,ND,0.0819
-0.0944,0.3303,-0.0772,ND,ND,ND
ND,ND,ND,-0.036,0.5998,ND
0.1408,ND,ND,-0.0433,0.0622,-0.0352
-0.0653,0.0502,-0.0899,-0.042,-0.123,-0.1831
0.0153,0.079,-0.0801,ND,ND,ND
ND,ND,0.0185,0.1841,-0.0077,0.0932
0.1279,-0.0499,0.1612,0.034,-0.0044,0.1384
ND,0.0222,ND,ND,ND,ND
0.1292,-0.0062,-0.0163,ND,ND,ND
ND,ND,ND,0.4483,ND,0.1495
ND,ND,ND,0.4172,ND,0.1096
0.3266,0.1009,0.3267,0.199,ND,ND
ND,ND,ND,0.2313,ND,ND
ND,-0.1046,ND,ND,ND,ND
ND,-0.4487,ND,ND,ND,ND
0.3789,-0.0066,0.2134,0.1674,0.0996,ND
ND,ND,ND,ND,0.0424,ND
0.3027,0.0842,ND,0.0256,0.1263,0.1146
ND,ND,-0.3398,ND,ND,ND
ND,-0.2663,0.2204,0.1357,-0.1466,0.2194
-0.1926,-0.3046,-0.1006,ND,ND,ND
ND,0.14,ND,ND,ND,ND
ND,ND,0.2036,0.0527,-0.0009,0.2966
ND,ND,ND,-0.1535,0.2382,-0.0341
ND,ND,ND,0.0896,0.0998,ND
ND,ND,ND,ND,-0.0084,ND
0.1451,ND,0.2167,0.0975,0.1119,ND
ND,ND,ND,0.3875,ND,ND
0.0942,-0.0614,0.2146,0.2129,-0.1723,0.2356
ND,ND,ND,ND,ND,0.2381
ND,ND,ND,ND,0.0337,ND
0.3028,-0.118,0.2668,ND,0.0283,0.1744
0.2697,0.0453,0.1896,0.2712,0.1483,0.3282
-0.3062,-0.2982,-0.3076,ND,ND,ND
-0.0145,0.264,0.4638,ND,ND,ND
0.3061,0.1481,0.1526,ND,ND,ND
0.5799,0.0754,0.8074,ND,ND,ND
ND,ND,0.0174,ND,ND,ND
0.5873,0.2054,0.3603,ND,ND,ND
0.538,-0.033,0.3573,0.1357,-0.0351,ND
-0.0844,0.3678,0.2099,ND,ND,ND
-0.0748,ND,0.3422,ND,ND,ND
-0.0305,0.2143,-0.1469,ND,0.2134,-0.6552
ND,ND,ND,0.194,ND,0.3244
ND,ND,ND,ND,ND,-0.3441
-0.0293,ND,-0.1504,ND,ND,ND
0.0628,0.1228,-0.3832,ND,ND,ND
ND,ND,ND,ND,ND,ND
0.1123,ND,ND,ND,ND,ND
ND,-0.0544,-0.068,-0.1185,0.026,ND
ND,ND,ND,0.0961,ND,ND
0.0939,ND,ND,ND,0.255,ND
ND,0.3128,-0.1938,ND,ND,ND
ND,ND,ND,0.0193,0.1189,-0.1508
0.3562,0.046,0.2587,ND,0.0551,ND
0.4315,ND,0.1866,0.0825,-0.0353,0.0137
ND,-0.0572,ND,ND,0.0852,0.0754
0.1661,0.0873,0.564,ND,ND,ND
ND,0.1926,0.0466,0.0087,ND,0.0052
0.3523,0.1281,0.2771,0.198,0.1735,ND
0.1558,0.1263,0.0991,-0.0032,0.0329,0.0696
0.2568,0.2765,0.2184,0.0077,-0.0775,0.2006
0.2803,0.0297,0.2426,0.0708,0.0111,0.1299
0.1258,-0.0378,-0.0084,0.0877,0.0244,0.0875
0.1601,ND,0.181,ND,ND,0.1355
ND,ND,0.1798,ND,ND,ND
ND,-0.4239,ND,ND,ND,ND
ND,0.4648,ND,ND,ND,ND
ND,-0.2449,0.4407,0.2146,-0.0943,0.4453
ND,ND,ND,0.3961,-0.2246,0.5142
0.2211,0.0962,0.3386,-0.1056,0.0908,ND
ND,ND,ND,-0.1298,0.2528,0.0118
0.2785,0.2958,0.0572,ND,ND,ND
0.0826,0.4912,ND,ND,ND,ND
0.054,0.1086,ND,ND,ND,ND
0.1175,0.1401,-0.0199,0.0129,-0.0302,-0.163
0.1085,0.0632,ND,ND,ND,ND
0.3593,0.0793,0.265,0.1237,0.1856,ND
ND,ND,ND,ND,0.0902,-0.012
ND,ND,ND,ND,ND,0.1294
ND,ND,ND,0.1035,0.0038,0.1721
0.307,ND,ND,ND,ND,ND
ND,0.1077,ND,0.0581,0.1073,-0.0064
0.1935,ND,-0.2338,ND,ND,ND
0.1946,-0.2562,ND,ND,ND,ND
ND,0.2063,-0.03,0.2632,ND,ND
ND,0.0996,0.2978,ND,ND,ND
ND,ND,0.4078,ND,ND,ND
0.0541,0.2815,0.0133,0.1181,ND,0.0895
ND,0.0287,ND,ND,ND,ND
0.2611,-0.1314,0.6391,ND,ND,ND
ND,ND,-0.2885,ND,ND,ND
-0.1965,ND,ND,ND,ND,ND
0.229,0.0629,-0.0998,ND,0.1578,ND
ND,0.2004,-0.2291,ND,ND,ND
ND,ND,0.1813,ND,ND,ND
ND,-0.0784,ND,ND,ND,ND
0.0059,0.0147,0.0233,0.2441,-0.0735,-0.045
0.2215,-0.0677,0.0828,ND,0.0567,0.1038
0.2595,0.1093,-0.1563,ND,ND,ND
0.1216,0.1213,-0.0478,0.0566,0.0448,-0.0476
ND,0.0967,0.0409,0.0818,0.1645,0.5437
ND,0.0302,0.2102,ND,ND,ND
0.3068,0.0019,0.1891,0.0684,0.0717,0.1282
0.1907,0.0008,0.09,0.0361,0.123,0.0435
0.1018,-0.0191,0.1534,-0.0079,0.0675,ND
0.1028,0.0075,0.0431,-0.0581,0.0992,-0.0359
ND,0.203,ND,0.1494,ND,0.0923
ND,ND,ND,0.3685,ND,1.0838
ND,-0.1126,0.2234,ND,ND,ND
ND,ND,ND,-0.0301,ND,-0.1894
-0.0459,-0.0601,-0.0123,0.0347,ND,0.1103
ND,0.1464,ND,ND,0.0978,0.1515
ND,ND,ND,0.2125,0.1519,0.1462
0.1799,ND,0.1487,ND,ND,0.1144
ND,0.3461,-0.2328,ND,ND,ND
0.0934,ND,0.1016,0.3385,0.0629,ND
0.227,0.4215,-0.2802,0.0806,0.3342,0.0329
ND,ND,ND,0.0329,0.1569,-0.5255
-0.0175,0.0593,0.0216,ND,ND,ND
ND,0.0844,0.0487,ND,ND,ND
ND,0.0092,-0.1526,ND,ND,ND
ND,-0.0975,0.0492,ND,ND,-0.0509
-0.0377,0.3597,-0.0296,ND,ND,ND
-0.5811,0.2261,-0.3386,ND,ND,ND
ND,0.3783,-0.0821,ND,ND,ND
0.2636,0.3829,0.0899,ND,ND,ND
0.3566,0.2651,0.1949,ND,ND,0.0994
ND,ND,ND,ND,0.2262,0.0256
0.279,-0.0185,ND,0.0876,0.0349,0.0747
ND,0.0823,0.0827,ND,ND,ND
0.4702,0.0929,0.1832,0.156,0.0683,0.162
0.0401,ND,ND,ND,ND,ND
ND,ND,ND,0.1044,0.0696,-0.0079
ND,ND,ND,-0.3054,ND,-0.1904
0.0343,0.2601,-0.1887,-0.3425,ND,-0.2223
ND,ND,ND,ND,ND,0.171
0.174,0.0159,0.0408,ND,ND,ND
ND,ND,ND,0.0928,-0.0001,ND
-0.2018,0.0413,-0.2444,ND,ND,ND
0.0824,0.1704,0.116,ND,ND,ND
ND,ND,ND,-0.1955,ND,0.0266
0.4903,-0.0528,0.4102,ND,ND,ND
-0.0283,-0.0008,-0.0657,ND,ND,ND
-0.0209,0.1836,-0.1901,ND,ND,ND
ND,ND,ND,ND,0.1673,ND
0.1683,ND,0.0457,-0.024,0.2464,ND
0.0235,0.113,0.1097,0.0665,0.2484,ND
0.0582,0.1169,0.1414,0.044,0.1498,0.0542
-0.1207,ND,ND,ND,ND,ND
0.1715,0.0998,0.2692,0.0109,ND,-0.0431
ND,ND,ND,ND,0.3388,ND
0.4403,ND,ND,ND,ND,ND
ND,0.1295,0.2092,0.0144,ND,ND
ND,ND,ND,0.0376,ND,ND
ND,ND,ND,ND,0.0056,0.0991
-0.1076,0.3176,-0.2466,ND,ND,ND
ND,ND,ND,-0.0535,ND,ND
-0.0161,0.212,ND,-0.1228,0.1767,-0.0995
0.8828,1.3574,1.0048,ND,0.1805,ND
0.6148,ND,ND,ND,ND,ND
ND,ND,ND,ND,0.0477,-0.0154
0.1888,0.0165,0.0777,0.1854,0.2428,0.1209
ND,-0.0318,ND,ND,ND,ND
0.1409,0.1204,0.0252,ND,ND,ND
ND,-0.4736,ND,ND,ND,ND
0.4098,ND,ND,ND,ND,ND
0.0674,0.4408,0.1309,ND,ND,ND
0.1701,-0.0389,0.2281,ND,ND,ND
0.4753,-0.5634,0.3383,0.0584,-0.1842,0.1383
ND,ND,ND,ND,0.1548,0.1364
ND,ND,ND,0.1634,0.0955,0.229
ND,ND,ND,0.1062,ND,0.1047
0.1157,0.0062,ND,ND,ND,ND
ND,0.2868,0.1344,ND,ND,0.0244
ND,ND,ND,ND,0.2198,ND
0.326,0.0149,0.2206,ND,ND,ND
-0.0905,ND,-0.2031,ND,ND,ND
ND,0.0989,0.0681,ND,ND,ND
0.0851,0.2088,0.0004,-0.1604,ND,ND
0.3852,-0.0437,0.1225,0.2719,-0.0762,0.2965
0.0682,3.0403,ND,ND,ND,ND
0.166,ND,ND,ND,ND,ND
-0.1598,-0.0402,-0.139,ND,ND,ND
-0.2293,0.2193,-0.2786,ND,ND,ND
-0.0344,-0.0849,-0.0689,ND,ND,ND
ND,0.1263,-0.3746,ND,ND,ND
-0.0696,0.0095,ND,ND,ND,ND
ND,0.4974,-0.1261,ND,ND,ND
-0.176,-0.0425,-0.3353,ND,ND,ND
-0.0655,ND,ND,ND,ND,ND
0.0277,0.0638,0.1295,ND,ND,ND
-0.0772,-0.0173,-0.1886,ND,ND,ND
-1.2425,0.0403,-2.2112,ND,ND,ND
-0.2231,0.1655,-0.2456,ND,ND,ND
ND,ND,-0.0944,ND,ND,ND
-0.1257,0.2096,-0.2568,ND,ND,ND
-0.0217,0.0709,-0.1028,0.0243,-0.1815,-0.4462
-0.2454,ND,0.0274,ND,ND,ND
-0.0935,0.073,-0.1426,ND,ND,ND
-0.3301,0.4496,-0.1029,ND,ND,ND
-0.1365,ND,ND,ND,ND,ND
0.0021,0.0069,-0.0853,ND,ND,ND
-0.0683,0.1679,-0.0402,ND,ND,ND
-0.0033,0.1491,ND,ND,ND,ND
0.1221,ND,ND,ND,0.0048,ND
0.3086,0.3163,ND,-0.0309,ND,ND
0.3656,0.0328,0.176,0.2096,0.0794,0.1749
0.0662,ND,0.1931,0.0205,ND,ND
ND,ND,ND,0.0175,0.0592,ND
-0.1398,-0.1219,0.0286,ND,ND,ND
-0.2118,0.0412,-0.1173,ND,ND,ND
0.1522,ND,0.2911,0.1103,ND,ND
0.1253,0.0563,0.0277,0.0321,ND,-0.0566
ND,-0.0812,-0.1939,0.081,0.3372,ND
ND,ND,-0.0738,0.0071,0.9183,-0.4028
ND,-0.1656,0.3012,0.1241,-0.0069,0.145
ND,ND,ND,-0.0059,ND,ND
0.0282,0.16,-0.0867,ND,ND,ND
ND,ND,ND,0.1354,ND,0.1392
0.1907,0.1975,0.2094,ND,0.2127,0.0438
0.2455,-0.1338,0.1136,0.1407,-0.1149,ND
ND,ND,ND,0.1366,0.0991,0.444
0.2831,-0.0582,0.0027,0.2642,-0.0526,0.1638
ND,-0.3076,-0.1211,ND,ND,ND
ND,-0.0863,-0.1545,ND,ND,ND
0.2837,-0.04,0.1286,0.2489,-0.1868,0.1745
ND,ND,ND,0.263,ND,0.2253
0.2508,0.1483,0.0423,ND,ND,ND
ND,ND,ND,ND,0.2654,-0.5084
0.0322,-0.017,0.2398,0.0013,ND,0.05
0.268,ND,0.0459,-0.0958,0.1806,ND
0.779,0.7039,0.4166,ND,ND,ND
ND,ND,ND,0.0457,-0.1425,0.0608
ND,0.5103,-0.5299,ND,ND,ND
ND,-0.1161,0.1712,0.1363,ND,0.4392
ND,ND,ND,ND,0.1456,ND
0.1811,-0.0873,0.371,0.139,0.3014,-0.126
0.1972,-0.0093,0.0444,0.0377,0.1175,0.159
0.2186,0.2379,0.0745,0.0405,0.1409,-0.1101
0.3167,ND,ND,ND,ND,ND
-0.0912,ND,-0.1723,-0.0184,0.3246,-0.1435
ND,ND,ND,0.1263,ND,0.0281
ND,ND,ND,ND,-0.0107,-0.1505
0.0395,0.0857,0.0773,-0.0139,ND,ND
ND,ND,ND,ND,0.1075,ND
ND,0.0576,0.1381,ND,0.2834,0.1778
ND,ND,ND,ND,ND,0.2738
ND,ND,ND,0.0971,-0.2836,0.167
ND,ND,ND,0.055,-0.0821,0.0045
ND,ND,ND,ND,0.3344,ND
0.0094,ND,ND,ND,ND,ND
-0.265,ND,0.2878,ND,ND,ND
0.0284,ND,ND,ND,ND,ND
-0.3005,0.0999,0.0492,ND,ND,ND
-0.3444,0.2,0.0761,ND,ND,ND
ND,ND,ND,-0.2543,-0.1001,-0.197
ND,0.0235,-0.3829,ND,ND,-0.2534
-0.2188,0.2127,-0.3605,ND,ND,ND
-0.1455,0.0336,-0.1477,-0.0607,ND,ND
-0.1075,0.1346,-0.1869,-0.1124,-0.0631,-0.2688
0.1131,-0.0504,-0.0282,ND,ND,ND
0.0818,-0.0566,0.0328,ND,ND,ND
-0.205,0.2341,-0.2393,ND,ND,ND
0.0232,-0.0626,0.006,ND,ND,ND
-0.2319,0.1945,-0.32,ND,ND,ND
ND,ND,-0.2758,ND,ND,ND
ND,ND,-0.1235,ND,ND,ND
-0.2685,0.3813,-0.3778,ND,ND,ND
-2.0112,0.2902,ND,ND,ND,ND
0.3077,ND,0.091,ND,ND,ND
-0.1899,0.3522,-0.3356,ND,ND,ND
ND,0.3253,ND,ND,ND,ND
-0.0694,0.1904,-0.2046,ND,ND,ND
-0.1487,0.2282,-0.2163,ND,ND,ND
-0.3473,0.2339,-0.422,ND,ND,ND
-0.2935,0.1695,-0.3405,ND,ND,ND
-0.2842,ND,ND,ND,ND,ND
-0.0744,0.1073,-0.24,ND,ND,ND
-0.2289,-0.0288,-0.3408,ND,ND,ND
-0.2522,-0.05,0.1293,ND,ND,ND
ND,0.132,-0.2959,ND,ND,ND
ND,ND,ND,ND,0.0148,ND
0.3499,ND,0.1075,0.1342,ND,ND
ND,ND,ND,ND,ND,ND
ND,ND,0.3753,ND,-0.0227,ND
ND,-0.0954,0.3268,ND,ND,ND
-0.2148,0.1041,-0.4027,ND,ND,ND
ND,0.3279,ND,ND,ND,ND
0.2943,ND,ND,-0.07,0.3091,-0.1018
ND,0.0873,ND,0.0425,ND,0.0587
ND,ND,ND,0.023,0.1443,0.0706
-0.0697,0.4188,-0.0443,ND,ND,ND
-0.0553,0.2864,-0.1502,ND,ND,ND
ND,ND,ND,ND,0.043,ND
ND,ND,ND,ND,ND,0.142
ND,ND,ND,0.0584,ND,0.1192
ND,ND,ND,ND,ND,-0.2952
0.1003,0.0447,0.193,0.1677,ND,-0.1139
ND,0.1101,-0.5015,ND,ND,ND
ND,ND,ND,ND,ND,ND
ND,0.1272,0.2326,ND,0.0908,0.0825
0.06,0.0645,0.0024,-0.0843,0.2935,-0.0299
ND,ND,ND,ND,0.0308,ND
ND,ND,ND,ND,ND,0.4
0.3057,0.283,0.7481,ND,ND,ND
ND,ND,ND,0.1597,ND,ND
-0.0281,-0.1577,0.1201,ND,ND,ND
ND,ND,ND,-0.0069,0.0402,0.067
0.1512,-0.1726,0.2708,ND,ND,ND
0.066,0.0932,0.2571,0.0258,0.0513,0.0957
ND,ND,ND,-0.0056,ND,0.0233
ND,ND,ND,ND,ND,-0.0652
ND,0.1248,-0.0513,0.1289,ND,0.1244
ND,ND,ND,ND,-0.1517,-0.1579
ND,ND,ND,ND,0.1241,ND
0.0725,ND,-0.1094,ND,-0.0382,ND
ND,ND,ND,ND,ND,0.3341
ND,ND,ND,ND,0.1289,0.048
0.1225,-0.0304,0.1795,0.1053,0.1106,0.0935
0.2806,0.0264,0.1137,0.0724,0.0081,-0.0285
0.2725,ND,0.2326,0.1664,0.103,0.2634
ND,ND,ND,0.2704,0.065,0.3131
0.3206,ND,ND,0.096,-0.0097,0.4047
ND,ND,ND,ND,-0.0367,ND
ND,ND,ND,ND,ND,0.1489
ND,ND,ND,-0.0606,ND,0.2058
-0.2587,-0.0251,-0.2463,ND,ND,ND
ND,ND,ND,0.0979,ND,0.5095
ND,ND,ND,-0.2726,0.3334,-0.293
ND,ND,ND,0.169,0.2123,-0.0268
0.1746,-0.0225,0.0568,0.0397,0.0926,0.0986
ND,ND,ND,-0.0328,ND,0.0975
ND,ND,ND,-0.0781,ND,ND
0.2361,0.1267,0.1988,0.1383,0.1096,0.1683
ND,ND,ND,0.1942,-0.0712,-0.1977
0.1626,0.0561,0.1995,ND,0.097,ND
ND,ND,ND,-0.0053,0.1595,ND
-0.054,ND,-0.7958,ND,ND,ND
-0.0384,0.0443,-0.2077,ND,ND,ND
ND,ND,ND,0.1061,0.2189,ND
ND,0.1784,0.2384,0.0077,0.2379,0.1065
ND,ND,ND,0.0875,-0.0337,0.2004
ND,ND,ND,0.124,ND,ND
0.2269,0.3461,-0.0874,0.0091,0.3374,-0.2756
0.2016,-0.0064,0.0436,ND,ND,ND
ND,ND,ND,0.2504,ND,ND
ND,ND,ND,ND,ND,0.0904
ND,ND,ND,ND,0.151,0.1773
0.1709,-0.1478,0.0991,0.2527,-0.0522,ND
0.3334,-0.0341,ND,ND,0.1067,ND
-0.1874,ND,ND,0.0594,0.1931,0.0628
0.212,0.3803,-0.116,0.0602,0.2065,-0.242
0.1005,0.4353,ND,ND,ND,ND
-0.007,0.1172,-0.9776,ND,ND,ND
0.2235,0.0188,0.1762,0.0824,0.107,0.0694
ND,ND,ND,ND,ND,ND
ND,ND,ND,ND,ND,ND
ND,-0.0929,0.1835,0.0241,0.2167,0.2415
0.0807,0.1314,-0.0249,ND,ND,ND
ND,ND,ND,-0.1342,0.1669,ND
0.1309,-0.0706,0.1374,0.0306,0.0818,ND
ND,ND,ND,-0.8987,ND,ND
0.0251,0.1461,0.0782,0.0359,0.2662,-0.0714
ND,ND,ND,-0.1506,0.086,ND
ND,ND,ND,ND,0.0365,0.0873
0.2296,0.0234,0.2951,0.085,0.0817,0.1038
-0.149,0.1242,-0.0855,ND,ND,ND
0.4874,-0.0184,0.18,ND,ND,ND
ND,0.0792,ND,0.2745,-0.0053,0.1815
0.2767,0.3624,0.1592,-0.0044,0.0634,-0.0825
-0.0388,0.1173,0.0616,ND,ND,ND
0.2044,ND,ND,ND,ND,ND
-0.1569,0.3552,-0.2696,-0.2746,ND,-0.4827
ND,ND,ND,0.0008,ND,-0.3941
ND,ND,0.3256,ND,ND,ND
ND,ND,ND,ND,ND,-0.4021
ND,ND,ND,ND,0.0833,ND
ND,ND,ND,0.045,-0.0304,-0.1157
-0.0129,0.1345,-0.1048,ND,ND,ND
0.3176,ND,-0.5293,ND,ND,ND
ND,ND,ND,ND,ND,0.3817
0.2084,0.036,0.1509,0.0943,0.0277,0.0941
0.0408,0.0025,-0.0743,-0.03,0.1246,0.0428
0.3377,0.3265,0.1391,0.0642,-0.0317,ND
ND,ND,ND,0.1225,ND,ND
ND,ND,ND,ND,0.2287,0.1459
ND,ND,ND,-0.111,0.2454,-0.1032
ND,ND,ND,0.0019,0.1509,-0.0079
ND,ND,ND,ND,ND,0.1202
ND,ND,ND,ND,ND,-0.2235
ND,ND,ND,-0.0365,0.0001,0.382
0.1349,-0.0425,0.1342,ND,ND,ND
ND,ND,ND,ND,ND,0.0091
ND,ND,ND,ND,0.1834,0.109
0.025,0.0608,-0.0455,0.1512,ND,-0.1412
-0.0306,0.0314,0.1911,ND,ND,ND
-0.05,ND,ND,ND,ND,ND
0.2666,0.1931,-0.0367,0.0533,0.0612,-0.0678
0.1699,0.188,-0.0881,ND,ND,ND
ND,0.4913,ND,ND,ND,ND
0.2041,ND,0.5591,-0.0638,0.2368,-0.0825
0.1858,0.189,ND,ND,0.1735,-0.0745
0.1504,0.2512,-0.1669,-0.1065,0.1668,-0.1432
0.0334,0.0862,ND,ND,ND,ND
0.1233,ND,-0.2505,ND,ND,ND
0.0694,ND,0.0125,ND,ND,ND
0.2046,0.0005,-0.0023,0.1694,0.0893,0.0984
0.4089,0.002,0.2719,0.33,-0.1479,0.4117
0.3632,-0.2391,0.1967,0.4977,ND,ND
ND,ND,ND,ND,0.2778,0.0799
ND,ND,ND,ND,0.1758,ND
ND,ND,-0.2872,ND,ND,ND
0.0651,-0.0065,0.1222,0.1097,0.0888,0.1782
-0.0874,0.1277,-0.0813,ND,ND,ND
0.1128,0.0947,0.046,ND,ND,ND
ND,-0.0562,ND,0.0282,0.0074,0.1349
0.1452,-0.0301,0.2076,0.1182,0.1337,0.1388
ND,ND,ND,0.1108,ND,0.1137
ND,ND,ND,0.1108,ND,0.1691
ND,-0.0422,ND,ND,0.051,0.1292
ND,ND,ND,0.1225,ND,0.251
ND,ND,ND,0.1344,ND,ND
ND,ND,ND,0.0306,0.0022,ND
ND,ND,ND,ND,ND,-0.0153
ND,ND,ND,0.1263,0.0776,0.1214
ND,ND,ND,0.083,0.0811,0.0293
0.1993,0.0058,0.0119,0.0854,0.1003,0.0321
-0.0655,0.1463,-0.0511,0.064,ND,ND
ND,ND,ND,-0.0477,0.1066,0.0273
0.129,0.0175,0.1307,-0.1049,0.044,0.0054
ND,ND,ND,-0.0678,0.3221,ND
ND,ND,ND,ND,ND,-0.0539
ND,-0.0018,ND,ND,-0.3871,0.1374
ND,0.0004,ND,ND,ND,ND
ND,ND,ND,0.0764,-0.1579,0.0967
0.0935,0.1679,0.1559,ND,ND,ND
0.1108,0.0345,-0.0602,-0.0828,0.1816,0.0907
ND,0.1141,ND,ND,ND,ND
ND,ND,ND,-0.0927,0.1293,0.0132
ND,ND,-0.0365,-0.0406,0.0696,ND
ND,ND,ND,-0.1863,ND,ND
0.1917,-0.0213,0.1661,0.1322,0.12,0.2058
0.157,0.1224,0.1551,0.1823,0.0907,0.2105
ND,ND,ND,0.1826,ND,ND
ND,ND,ND,0.2873,ND,0.2209
-0.085,ND,0.2472,ND,ND,ND
0.4419,-0.018,0.4479,0.3059,0.1558,0.377
ND,ND,ND,ND,ND,0.2412
ND,ND,ND,ND,0.3297,0.1327
ND,ND,ND,0.226,ND,0.2453
0.2576,-0.0655,0.172,0.1027,0.2328,0.1278
-0.5783,-0.0241,ND,-0.0147,0.1947,0.2797
ND,ND,ND,0.3183,0.0398,0.2282
ND,ND,ND,0.2572,0.1691,0.2042
0.569,-0.0707,0.5595,ND,ND,ND
ND,ND,ND,ND,0.0053,0.0187
ND,ND,ND,-0.4166,ND,ND
ND,ND,ND,ND,ND,0.0495
ND,ND,ND,-0.2169,ND,-0.0519
ND,ND,ND,0.2156,0.1034,0.1872
ND,ND,ND,ND,-0.0039,0.0828
ND,ND,ND,0.3611,0.1601,ND
ND,ND,ND,ND,ND,0.3426
ND,ND,ND,0.1713,ND,0.134
-0.1291,ND,ND,ND,ND,ND
ND,ND,ND,0.3871,ND,0.1861
0.2766,0.3108,-0.0056,ND,ND,ND
ND,ND,ND,-0.0196,ND,ND
ND,-0.0112,ND,ND,ND,ND
ND,-0.4026,-0.188,ND,ND,ND
ND,-0.5847,0.2553,ND,ND,ND
-0.4876,-0.0531,0.1822,0.0621,0.538,0.0522
ND,ND,0.2328,ND,ND,ND
ND,ND,ND,0.1813,0.0492,ND
0.3683,ND,ND,ND,0.2862,ND
0.2686,0.2212,ND,ND,ND,ND
0.2581,0.4036,0.0834,ND,ND,ND
0.0439,ND,-0.0314,ND,-0.0284,-0.0274
ND,-0.3004,ND,0.1164,0.1034,0.1793
ND,0.4884,ND,ND,ND,ND
-0.592,0.5098,-1.7756,-0.0185,ND,-0.56
-0.054,0.3305,-0.1949,ND,ND,ND
ND,ND,ND,-0.1472,0.2197,-0.1698
0.0838,ND,0.0529,ND,0.1808,0.1027
0.1766,ND,0.1986,-0.0768,ND,0.01
ND,ND,ND,ND,0.2105,ND
-0.1328,0.1249,-0.1835,ND,ND,ND
ND,ND,ND,0.1678,ND,0.0838
ND,ND,ND,ND,0.2081,ND
ND,ND,ND,0.1327,0.2043,-0.3944
0.0609,0.2775,-0.0182,ND,ND,ND
ND,0.5858,ND,ND,ND,ND
0.0297,0.2195,ND,ND,ND,ND
-0.0401,0.3149,-4.0943,ND,ND,ND
-0.008,ND,ND,ND,ND,ND
ND,ND,ND,-0.0038,0.0868,0.0736
-0.1156,-0.1205,ND,0.1931,0.1522,ND
ND,-0.0047,0.185,0.2256,0.256,0.1093
ND,0.0825,-0.0315,-0.1714,0.0934,-0.0276
0.0793,ND,0.0661,0.172,-0.023,0.0407
0.0287,0.0207,0.1375,0.0397,-0.0058,0.0503
0.1093,0.205,0.0921,0.0342,0.0692,0.0306
0.1576,0.0023,0.1748,0.1043,-0.0223,0.1752
ND,ND,ND,0.0312,0.0713,0.0662
ND,ND,ND,-0.2885,0.2559,0.0439
ND,ND,ND,ND,ND,0.1229
ND,ND,ND,ND,0.5397,-0.0706
ND,ND,ND,ND,ND,0.0583
ND,ND,ND,ND,0.0847,0.075
ND,ND,ND,ND,ND,-0.2319
ND,-0.0492,0.252,-0.0371,0.1456,0.1315
ND,-0.0578,ND,0.0444,-0.081,0.0597
ND,ND,ND,0.1144,-0.238,0.2094
0.2383,-0.1664,0.1979,0.1223,0.0555,ND
0.2381,0.1235,0.1491,0.0464,0.0107,ND
0.1331,0.1096,0.0541,0.035,0.0706,0.102
ND,ND,ND,ND,0.1254,ND
0.5293,ND,0.2201,ND,ND,ND
ND,-0.0134,0.1615,ND,ND,ND
ND,ND,ND,0.1086,0.0806,0.033
ND,-0.1897,0.2516,0.1136,ND,ND
0.1236,0.0173,0.1446,0.0776,-0.0948,0.1262
0.2284,ND,0.0088,0.1184,0.1716,0.153
0.0618,0.0187,0.0481,0.0816,0.0932,0.0136
ND,ND,ND,-0.0459,0.1291,0.0316
ND,ND,ND,ND,ND,0.4371
0.0826,-0.0311,0.1068,0.0584,-0.0168,ND
ND,ND,ND,-0.1576,0.1083,-0.1299
ND,ND,ND,-0.0104,ND,-0.038
ND,ND,ND,-0.1673,ND,-0.1078
ND,ND,ND,ND,0.1263,0.047
0.1748,0.3424,-0.1309,-0.1246,0.2456,ND
ND,ND,ND,-0.1729,0.3378,-0.3307
ND,ND,ND,0.128,ND,0.1352
ND,ND,ND,ND,ND,0.2541
ND,ND,ND,-0.3805,0.1393,-0.8245
0.1257,0.0527,ND,ND,0.0796,ND
ND,ND,ND,0.1228,0.0933,0.0266
0.2578,0.0605,0.0544,0.1296,0.1354,0.1303
0.1378,ND,ND,0.0254,0.3219,ND
0.1434,0.0579,0.1983,0.2341,-0.0385,0.1579
0.1414,0.0119,ND,ND,0.1168,ND
-0.0299,ND,0.2319,ND,ND,ND
0.0861,-0.1961,0.0542,ND,-0.0796,0.3098
0.7724,-0.2102,0.1889,0.0965,-0.1034,0.253
0.4748,0.0894,0.0024,-0.0391,-0.0686,ND
0.8629,-0.294,0.1841,0.084,0.0218,0.1731
ND,0.1417,ND,0.0628,0.2165,-0.0365
ND,ND,ND,0.1278,ND,0.03
0.2724,0.723,ND,ND,ND,ND
0.1089,0.188,ND,ND,ND,ND
ND,ND,ND,-0.1444,0.2302,-0.1186
ND,ND,ND,0.2803,-0.1837,ND
-0.2315,ND,-0.1753,ND,ND,ND
0.0451,0.2357,-0.0085,ND,ND,ND
0.1067,ND,-0.1154,ND,ND,ND
ND,ND,ND,ND,ND,0.1103
ND,ND,ND,ND,ND,0.3727
0.0677,-0.2417,0.0834,-0.0105,0.0857,0.1301
ND,ND,ND,ND,ND,-0.2456
ND,ND,ND,0.0339,ND,0.1001
ND,ND,ND,ND,0.0569,0.0877
ND,ND,ND,0.0384,ND,ND
ND,ND,ND,0.0856,ND,0.5561
0.0087,-0.186,0.1446,0.0807,-0.0264,0.1801
ND,-0.0911,ND,0.0697,-0.1661,0.1675
0.1978,-0.0585,0.19,0.0816,0.0267,0.1427
0.1676,-0.035,0.29,0.1122,0.0286,0.1512
ND,ND,ND,ND,-0.2001,-0.2614
0.0965,-0.0466,0.0924,0.0905,0.0394,0.1161
ND,ND,ND,ND,0.011,ND
ND,ND,ND,ND,0.0348,0.1131
ND,ND,ND,0.1333,0.1285,0.1828
0.2268,-0.1228,0.2364,0.0899,0.1919,ND
ND,ND,ND,ND,0.0836,0.2383
ND,ND,ND,ND,0.1064,ND
ND,ND,ND,-0.1115,0.2341,ND
0.2181,0.0946,0.1716,0.1377,0.1092,-0.0354
0.2571,-0.1619,0.7132,ND,-0.0916,0.1505
ND,1.7536,ND,ND,-0.0063,-0.6823
ND,ND,ND,0.3763,0.2706,0.2839
ND,ND,ND,0.4012,0.2628,0.3608
0.1559,ND,ND,ND,0.1567,ND
ND,ND,ND,ND,ND,0.2937
0.1967,ND,ND,0.0305,0.0891,0.1966
ND,ND,ND,0.341,-0.4315,0.2467
-0.4533,-0.0102,0.0813,-0.8266,-0.3044,-0.3667
0.4162,0.057,0.3509,ND,ND,ND
ND,ND,ND,0.1773,0.1491,0.1441
0.03,0.0421,0.0954,0.011,0.1574,0.0821
0.1095,-0.0345,0.1668,-0.0122,0.045,0.0997
ND,-0.205,0.1878,0.0739,0.1056,0.1109
ND,0.0445,-0.0448,ND,0.2639,-0.0447
0.452,0.0432,-0.0188,-0.0018,-0.083,-0.2489
0.0059,0.1632,-0.1029,-0.1638,0.2059,-0.3393
0.5433,-0.2725,-0.1534,ND,ND,ND
-0.2164,0.0215,-0.2757,ND,ND,ND
0.1399,0.031,0.0273,ND,ND,ND
ND,ND,ND,0.0694,0.0553,ND
0.2673,ND,ND,ND,ND,ND
0.0894,0.0126,0.0264,0.0306,0.1183,0.0506
ND,ND,ND,-0.0758,0.3164,-0.019
0.2889,-0.3359,0.0969,0.1283,ND,0.1876
0.0124,-0.1904,-0.1006,-0.0112,0.1045,0.023
-0.1208,0.0066,0.2819,0.0336,-0.0087,0.1349
-0.0131,ND,ND,0.2381,0.1386,ND
ND,ND,ND,0.1518,ND,0.1908
-0.3659,0.0439,-0.3875,ND,0.3799,-0.1686
0.3104,0.169,0.2037,0.1641,0.0287,0.1392
0.3345,0.0802,0.3326,0.0598,0.0417,ND
0.2928,0.0813,0.3836,ND,0.0898,ND
0.1676,ND,0.3156,ND,ND,ND
ND,0.2262,ND,0.1271,0.2948,-0.0057
ND,0.4703,ND,ND,ND,ND
0.1409,0.2456,0.0311,ND,ND,ND
0.1481,0.1987,0.1357,ND,0.0461,ND
0.0884,ND,ND,ND,ND,ND
ND,0.5935,ND,ND,ND,ND
ND,ND,ND,ND,0.0796,0.0616
ND,ND,ND,-0.0135,0.2543,0.0706
ND,0.0714,0.0774,0.0741,0.1171,ND
0.1606,0.3968,0.0909,-0.0572,ND,0.0639
ND,ND,ND,-0.0163,1.5216,0.0316
0.149,-0.1475,0.234,0.1604,0.0256,0.2481
ND,ND,ND,0.2074,ND,ND
ND,ND,ND,ND,-0.0235,ND
0.0938,0.1873,0.0475,-0.0418,0.1368,-0.0523
0.1438,0.1068,0.1093,ND,0.0963,ND
0.2171,0.0049,0.0988,0.008,0.1619,ND
ND,-0.1029,0.17,ND,ND,ND
ND,ND,ND,0.1466,ND,ND
ND,ND,ND,ND,-0.401,ND
ND,ND,ND,0.097,ND,ND
ND,ND,ND,-0.1331,0.2579,0.0686
0.1801,0.0665,ND,0.0783,0.1034,0.098
ND,ND,ND,ND,-0.0031,-0.1495
ND,ND,ND,ND,ND,0.1246
0.1827,0.0511,0.3004,ND,ND,ND
0.1782,0.2038,-0.0963,-0.0715,ND,-0.1319
0.1629,0.1532,0.0469,ND,0.2466,ND
0.3156,1.1797,ND,0.2388,ND,ND
ND,ND,ND,-0.0017,ND,ND
ND,ND,ND,-0.0047,ND,ND
0.1391,0.2042,-0.013,0.041,0.1356,-0.0795
0.1219,0.2062,-0.0114,ND,ND,ND
-0.1352,0.0189,-0.2437,ND,ND,ND
0.2537,ND,-0.0588,ND,0.0617,0.1091
ND,ND,ND,0.0495,ND,0.0647
-0.0476,0.0512,0.0485,0.0831,0.1508,0.0738
0.2705,0.2725,0.1737,ND,ND,ND
0.9203,0.0387,0.6461,ND,ND,ND
ND,ND,ND,ND,0.0468,ND
ND,ND,ND,-0.0348,0.4414,0.1742
0.1949,ND,0.1998,ND,0.1062,0.0632
0.3565,ND,0.1145,ND,ND,ND
ND,ND,ND,0.1841,0.115,ND
0.3307,0.0539,0.2455,ND,ND,0.2759
ND,ND,ND,0.0082,0.0932,0.0165
0.3009,0.0252,-0.2434,-0.0578,0.1546,ND
0.1714,-0.1151,0.2473,0.1369,0.0042,0.2399
0.0531,ND,0.0514,-0.041,0.1089,ND
0.2098,ND,0.5586,ND,ND,ND
ND,ND,ND,ND,ND,-0.21
0.1198,ND,0.0174,ND,0.1782,-0.0058
ND,ND,ND,-2.817,ND,ND
ND,0.2451,ND,ND,ND,ND
0.3312,0.0589,ND,ND,ND,ND
0.2247,0.1411,0.2383,-0.0023,0.1618,ND
ND,ND,ND,0.0604,0.1198,0.1193
ND,-0.0443,0.0788,0.0938,0.0759,0.1067
ND,ND,ND,0.1548,ND,0.1761
0.2236,0.085,0.1919,0.0913,0.0824,0.0578
0.2775,0.0385,0.2079,0.0779,0.0568,0.1177
0.3646,0.1825,0.2479,0.0427,0.0701,0.1851
ND,ND,ND,0.2042,ND,0.1455
ND,ND,ND,0.2451,ND,0.3124
0.1879,0.0179,0.1541,0.1263,0.1559,0.0654
0.2702,ND,ND,0.1692,ND,0.138
ND,0.0343,0.4452,ND,ND,ND
ND,-0.2492,0.5277,0.227,-0.0109,0.2368
ND,ND,ND,0.1883,0.2333,0.2727
ND,ND,ND,ND,ND,-0.2464
-0.0409,0.1535,0.2383,ND,ND,ND
ND,ND,ND,0.0462,ND,ND
0.296,ND,0.1876,0.1339,0.0827,0.1222
ND,ND,0.325,-0.0361,ND,0.2958
ND,-0.0412,0.0067,ND,ND,ND
0.2842,-0.0889,0.1523,0.0412,ND,0.1199
0.3049,0.0315,0.2154,0.1782,0.1073,0.1735
ND,ND,ND,ND,0.0827,0.1673
0.0009,0.0636,ND,0.0237,0.055,0.0719
ND,ND,ND,0.116,ND,0.0495
-0.157,0.1335,ND,ND,ND,ND
ND,-0.0511,0.513,ND,ND,ND
ND,ND,0.5256,ND,ND,ND
0.6283,ND,0.2452,0.1483,ND,0.1843
ND,0.2158,0.6017,ND,ND,ND
0.2824,-0.0944,ND,0.0903,ND,0.1417
0.2801,0.0301,0.196,0.1125,0.1043,0.1517
ND,ND,ND,ND,ND,ND
0.1393,0.1355,-0.1101,-0.1465,ND,-0.2201
0.082,0.0901,-0.0759,-0.1627,0.1471,-0.0082
ND,ND,ND,0.1051,-0.047,0.2179
ND,ND,ND,ND,0.0988,0.1539
ND,ND,ND,-0.299,0.0682,ND
0.2485,-0.0474,0.2103,0.074,-0.0596,0.1301
ND,ND,ND,0.1028,ND,0.1719
ND,ND,ND,0.1451,ND,0.196
ND,ND,ND,ND,ND,-0.1336
0.3051,-0.0423,ND,0.1241,0.1402,0.1871
ND,ND,ND,0.2514,ND,ND
ND,0.3343,ND,0.1011,0.0094,0.0983
0.264,-0.0649,0.067,0.0788,0.132,0.1152
ND,ND,ND,0.2029,ND,ND
-0.0238,ND,ND,ND,ND,ND
0.2594,-0.07,0.2005,0.1044,ND,0.1735
ND,-0.0748,ND,0.2459,-0.1526,0.3621
ND,ND,ND,0.0202,0.1079,0.1976
ND,ND,ND,0.2746,0.0592,0.2156
ND,-0.033,0.2959,0.0957,0.045,0.1077
ND,ND,0.374,0.0667,0.18,0.1664
0.0641,ND,0.3324,ND,ND,ND
ND,ND,ND,ND,ND,0.2206
0.2134,-0.0055,0.1642,ND,0.0743,0.1389
ND,ND,ND,0.1615,ND,0.1492
ND,ND,ND,0.1379,ND,ND
0.3263,-0.0344,0.2842,0.0603,ND,0.1256
0.4081,ND,ND,0.107,0.1673,0.0461
ND,ND,ND,ND,ND,0.1331
ND,ND,ND,0.1152,-0.0627,ND
ND,0.2518,ND,ND,ND,ND
0.1879,-0.0374,0.0635,0.0333,0.0963,-0.012
ND,ND,ND,0.0661,0.1883,0.0499
0.0637,ND,ND,ND,0.1216,ND
0.484,-0.0127,0.1245,0.2115,-0.0143,0.1915
ND,ND,ND,0.1303,0.0475,0.1017
0.0498,0.0451,0.0595,ND,ND,ND
0.1832,0.0251,0.1791,0.0311,0.1515,0.0617
ND,ND,ND,ND,0.1781,ND
-0.099,-0.0887,-0.0071,ND,0.1534,ND
ND,0.178,-0.0928,0.0893,0.0951,0.1354
ND,ND,ND,ND,0.1387,0.0816
ND,ND,ND,0.1384,0.0561,0.156
ND,ND,ND,ND,0.1151,ND
ND,ND,ND,ND,0.1459,ND
0.2227,-0.0747,ND,-0.0242,-0.0739,0.1903
ND,ND,ND,-0.099,0.2059,-0.0207
0.0931,0.2117,0.011,ND,ND,ND
ND,-0.2514,ND,ND,ND,ND
ND,ND,0.0046,ND,ND,ND
0.0964,0.3402,-0.0638,ND,ND,ND
-0.1509,0.0813,-0.3014,ND,ND,ND
ND,0.5541,ND,ND,ND,ND
-0.3152,ND,ND,ND,ND,ND
-0.3471,0.5648,-0.2746,ND,ND,ND
ND,ND,ND,ND,ND,0.1178
ND,-0.1415,0.1673,0.1532,0.1086,0.0967
ND,ND,ND,0.2638,ND,ND
1.2342,ND,1.0269,ND,ND,ND
0.3355,-0.037,0.0706,ND,ND,ND
0.2302,0.5391,0.1114,ND,ND,ND
-0.2305,0.2543,-0.1823,ND,ND,ND
-0.4081,0.1924,-0.1492,ND,ND,ND
ND,ND,ND,ND,ND,ND
-0.3021,0.2503,-0.1723,ND,ND,ND
-0.1146,ND,-0.2573,ND,ND,ND
-0.5005,0.0813,-0.5443,0.1685,0.0967,-0.4843
ND,0.9649,-0.3982,ND,ND,ND
-0.2352,0.0208,-0.1313,ND,ND,ND
-0.2082,0.0154,-0.1376,ND,ND,ND
0.1203,ND,-0.0617,0.0287,ND,-0.1454
0.2227,-0.0067,0.0497,ND,ND,ND
ND,-0.106,0.139,ND,ND,ND
0.1755,0.0825,0.1594,0.1094,0.1064,0.141
ND,-0.0879,ND,ND,ND,ND
ND,ND,0.4868,ND,ND,ND
ND,ND,0.2043,0.1083,0.0477,0.0464
0.355,0.0258,0.3101,0.2257,ND,0.3516
0.3226,-0.1675,0.2246,0.0547,-0.0022,0.1008
ND,ND,ND,ND,0.0758,0.1102
0.1692,-0.3074,-0.0792,ND,ND,ND
-0.002,0.1893,0.5885,ND,ND,ND
0.1348,0.1097,0.0135,-0.095,ND,ND
ND,0.0924,-0.0601,ND,ND,ND
-0.2005,0.4196,-0.4801,-0.2173,ND,-0.5034
ND,-0.1163,ND,ND,ND,ND
-0.5985,ND,-0.5213,ND,ND,ND
ND,ND,ND,0.0346,ND,-0.1507
0.1987,0.1687,0.0239,ND,ND,ND
0.1525,0.2117,ND,ND,ND,ND
0.4029,0.3414,0.309,ND,ND,ND
0.3166,0.1541,0.1781,-0.0763,0.1698,0.113
0.6326,ND,0.3014,ND,ND,ND
0.3623,ND,ND,ND,ND,ND
0.238,0.0901,0.2181,ND,ND,ND
0.2869,-0.0739,0.2125,0.0427,ND,ND
-0.0575,ND,ND,ND,ND,ND
0.2718,0.1626,ND,ND,ND,ND
ND,ND,ND,0.1512,ND,0.0747
ND,ND,ND,ND,ND,0.1342
-0.1418,0.0472,-0.0866,-0.0797,0.2565,0.0107
ND,ND,ND,-0.5451,0.6918,0.1264
ND,ND,ND,0.0827,ND,0.1238
-0.1924,1.0203,-1.5824,-0.0526,0.1477,-0.1137
ND,ND,ND,-0.0843,0.1068,-0.0641
ND,ND,ND,ND,0.137,ND
ND,ND,ND,ND,ND,-0.0181
ND,0.0444,0.0279,-0.0366,0.087,ND
0.2477,ND,ND,-0.1132,0.0904,0.3896
-0.1687,0.2723,ND,ND,ND,ND
-0.0752,0.1485,ND,ND,ND,ND
-0.0907,ND,ND,ND,ND,ND
-0.1749,ND,-0.3431,ND,ND,ND
0.0119,0.0908,-0.184,ND,ND,ND
ND,0.2057,-0.2358,ND,ND,ND
0.0999,-0.0897,0.2016,ND,ND,ND
-0.049,0.0989,-0.2151,ND,ND,ND
-0.0687,ND,ND,ND,ND,ND
-0.0685,ND,ND,ND,ND,ND
ND,0.0372,0.2194,0.3177,ND,ND
ND,ND,ND,0.0915,-0.0412,0.0054
0.0172,ND,ND,0.1524,0.0307,-0.1182
0.1505,0.3871,-0.043,0.0186,0.1235,-0.1027
0.0307,-0.2554,0.0403,0.0805,-0.1494,-0.1879
0.0976,0.2393,-0.0328,ND,ND,ND
ND,0.1702,ND,ND,ND,ND
-0.1366,0.1285,ND,ND,ND,ND
-0.03,ND,-0.0253,ND,ND,ND
0.1002,ND,ND,ND,ND,ND
-0.0464,0.234,-0.2383,-0.058,ND,-0.1727
ND,ND,0.1488,ND,ND,ND
-0.0787,-0.0337,-0.155,ND,ND,ND
ND,0.0591,ND,ND,ND,ND
0.0333,ND,ND,ND,ND,ND
0.8261,ND,ND,ND,ND,ND
-0.0016,0.2052,0.0097,ND,ND,ND
0.0248,0.1439,0.0169,ND,ND,ND
ND,ND,0.0853,ND,ND,ND
0.0723,0.1129,ND,ND,ND,ND
ND,0.0466,0.0081,ND,ND,ND
-0.0173,0.1105,-0.0607,-0.0075,0.0082,ND
ND,ND,-0.2508,ND,ND,ND
ND,ND,-0.2023,ND,ND,ND
0.3157,-0.36,0.3644,ND,ND,ND
0.1003,-0.058,0.0042,ND,ND,ND
0.0507,0.0867,-0.0536,ND,ND,ND
2.5931,-1.1735,1.6959,0.35,ND,ND
0.1622,-0.0954,0.0419,ND,ND,ND
0.5978,-0.2047,0.3331,ND,ND,ND
ND,ND,0.4007,ND,ND,ND
0.345,0.1034,0.375,ND,ND,ND
0.4092,-0.0588,0.4375,0.0315,-0.2371,0.2601
ND,ND,0.7388,ND,ND,ND
-0.2827,ND,-0.2113,ND,ND,ND
0.1054,0.3044,0.0413,ND,ND,ND
0.264,ND,ND,ND,ND,ND
-0.0718,0.3773,0.1516,ND,ND,ND
0.27,-0.1613,0.2681,ND,ND,ND
0.4838,0.1271,0.641,ND,ND,ND
ND,ND,0.5587,-0.3914,ND,-0.0894
0.2086,ND,0.1032,ND,ND,ND
0.4241,-0.052,0.4029,ND,-0.0729,ND
0.4586,ND,0.2985,0.1261,0.0103,0.1161
ND,0.0387,0.0085,ND,ND,0.1352
ND,0.0133,0.1283,ND,ND,ND
0.2984,-0.0558,0.2373,ND,ND,ND
0.4335,ND,0.3373,ND,ND,ND
ND,ND,ND,ND,0.081,0.1987
0.3167,-0.0095,0.3351,-1.1811,0.157,ND
0.5105,-0.1034,0.566,ND,ND,ND
0.1412,-0.0194,0.3948,ND,-0.3571,ND
0.0712,0.2029,0.0591,-0.0052,0.0656,0.2104
0.1735,ND,-0.0076,0.0276,0.0547,0.0496
0.1765,0.0673,0.1492,0.0587,0.2101,0.0557
ND,ND,ND,ND,-0.0503,ND
ND,ND,ND,ND,0.2218,ND
0.0856,ND,ND,0.0861,0.1038,ND
0.33,ND,0.3568,-0.2482,0.08,-0.8502
0.2515,-1.1291,0.2735,ND,ND,ND
0.3904,0.0891,0.1876,ND,0.0639,ND
ND,ND,ND,ND,-0.1042,ND
0.1272,1.0352,ND,0.1367,0.1365,-0.2065
0.308,0.2825,0.1073,0.067,0.8606,-0.4239
ND,ND,ND,0.1051,0.0157,0.2087
ND,ND,ND,-0.2086,ND,ND
ND,ND,ND,-0.0919,0.2299,ND
ND,ND,ND,-0.0878,ND,-0.184
0.019,ND,-0.0273,-0.0961,0.1716,-0.0516
0.132,0.0056,0.1785,ND,ND,0.0921
ND,0.3836,0.5963,ND,ND,ND
ND,ND,ND,0.0287,ND,0.0612
0.207,ND,0.1419,0.1844,0.064,0.4574
0.4393,ND,ND,ND,ND,ND
0.3416,0.171,0.11,0.0497,ND,ND
ND,-0.2014,ND,-0.2924,ND,-0.1173
0.1551,0.2474,ND,0.1013,ND,ND
0.205,0.1171,0.1546,ND,0.0365,ND
0.2183,0.0301,ND,0.1185,-0.0099,0.1631
0.129,-0.0967,0.1356,0.0559,0.0329,0.1304
0.0721,ND,ND,0.0334,0.1006,0.042
-0.0313,0.0958,-0.135,ND,ND,ND
0.1859,ND,ND,ND,ND,ND
-0.1305,ND,ND,ND,ND,ND
ND,ND,0.1579,ND,ND,ND
0.2452,-0.1708,0.149,0.0817,-0.2271,0.1131
ND,1.5232,-2.5529,ND,ND,ND
ND,-0.1565,ND,-0.2311,ND,-0.0674
ND,ND,ND,ND,ND,0.2435
0.1732,0.0705,-0.0339,0.0526,ND,-0.1815
0.0775,-0.1696,0.5509,ND,ND,ND
ND,ND,ND,0.1587,0.0338,ND
0.3188,0.1985,0.1419,0.1124,ND,-0.1827
ND,ND,ND,ND,0.1263,ND
0.0848,-0.0792,-0.2002,0.177,-0.0611,0.0911
ND,-0.1161,ND,ND,ND,ND
ND,-0.0258,ND,ND,ND,ND
0.072,-0.1212,-0.2687,0.127,-0.0498,ND
ND,0.2149,ND,ND,ND,ND
0.0343,0.4,-0.6005,ND,ND,ND
-0.0298,ND,0.4639,ND,ND,ND
ND,ND,ND,ND,0.0188,ND
ND,ND,0.147,ND,0.0902,ND
ND,0.0972,0.1934,0.0727,ND,0.0613
ND,ND,ND,0.0251,0.0936,ND
0.334,ND,ND,0.0451,0.0675,0.1061
ND,0.0067,0.3623,0.1902,0.1417,0.1193
0.3205,-0.1626,0.3205,0.1498,ND,0.2447
0.1052,ND,ND,-1.2548,ND,-0.2699
0.1495,ND,ND,ND,0.9634,ND
ND,-0.0955,ND,ND,ND,ND
0.1435,0.1431,ND,-0.0082,0.0912,0.1135
ND,ND,ND,-0.2031,0.223,-0.1086
ND,ND,ND,ND,0.127,-0.0566
ND,ND,ND,0.0309,0.0442,ND
0.1118,0.1749,0.217,-0.0369,0.1117,0.0253
-0.0617,0.1012,-0.0464,-0.0315,0.0166,-0.1014
0.1031,0.0302,ND,ND,ND,ND
-0.0662,0.0248,-0.0129,ND,ND,ND
ND,ND,ND,-0.3199,0.1897,ND
0.1757,0.1514,0.0165,0.0544,0.1621,-0.0524
0.1369,0.3196,0.3768,ND,ND,ND
-0.1329,0.1227,0.2805,ND,ND,ND
0.2537,0.1807,0.2893,0.0529,-0.041,0.071
ND,ND,ND,0.1826,ND,0.1512
ND,ND,0.2464,ND,ND,ND
0.054,0.2338,0.0805,0.0067,-0.0029,0.114
ND,ND,ND,ND,0.1665,ND
ND,ND,ND,0.1931,ND,ND
ND,ND,ND,-0.0746,0.3784,ND
0.3152,-0.1109,0.319,ND,ND,ND
-0.286,ND,ND,ND,ND,ND
0.1386,0.0969,0.1844,-0.2881,0.0638,ND
0.2158,0.0003,0.0958,ND,0.1186,ND
0.1478,0.0469,0.1585,0.1265,0.1202,0.211
0.0578,ND,ND,ND,-0.0677,ND
-0.1622,-0.1294,ND,ND,ND,ND
0.1495,0.1355,0.1133,ND,ND,-0.195
0.0044,0.1963,-0.1224,ND,ND,ND
0.1616,-0.0548,0.1155,-0.0198,-0.0608,ND
0.4582,0.2662,0.012,0.0929,0.1033,-0.0524
ND,ND,ND,0.1081,ND,ND
0.2376,0.2482,0.2519,0.0781,0.0031,0.1228
0.2078,0.1355,0.1336,ND,ND,ND
0.2666,0.0639,0.1442,ND,ND,ND
0.2175,0.0076,0.1035,0.0555,0.0327,0.0052
ND,0.1259,ND,ND,ND,ND
0.3923,ND,0.5031,ND,ND,ND
ND,ND,ND,-0.0185,ND,ND
-0.1137,0.0441,-0.2403,ND,ND,ND
0.0667,0.0847,0.0045,ND,ND,ND
0.5857,-0.235,-0.0429,0.5018,-0.189,ND
ND,ND,ND,-0.0486,0.1358,0.0091
ND,ND,ND,ND,0.0495,ND
0.0316,ND,0.0213,ND,ND,ND
0.3772,ND,ND,ND,ND,ND
ND,0.0586,0.1323,0.0177,0.0494,0.1129
ND,-0.1224,-0.0002,ND,ND,ND
ND,0.0396,0.2622,ND,ND,0.2921
ND,ND,ND,ND,ND,0.0492
0.1813,ND,0.0339,ND,ND,ND
0.3512,ND,ND,ND,ND,ND
0.2029,ND,0.113,ND,0.082,0.1133
0.3046,0.1195,0.1865,0.0548,0.0844,-0.0446
ND,ND,ND,0.0514,0.0774,0.0382
ND,ND,ND,0.1224,ND,ND
ND,ND,ND,0.1795,ND,ND
ND,ND,ND,0.067,-0.0851,0.1405
-0.1115,0.2967,-0.1177,-0.2476,0.1544,0.0568
-0.5263,-0.0133,ND,ND,ND,ND
-0.047,0.1482,-0.0316,ND,ND,ND
ND,ND,ND,0.0786,ND,0.1113
ND,ND,ND,-0.1338,ND,ND
0.2936,0.1461,ND,0.092,0.1269,0.1341
ND,0.0653,0.2174,0.0772,0.1092,ND
ND,ND,ND,ND,-0.0961,0.4603
ND,ND,ND,-0.0064,-0.5605,ND
-0.003,0.397,-0.484,ND,ND,ND
ND,ND,ND,0.042,-0.0169,ND
0.0511,0.3658,-0.216,-0.1978,0.4005,-0.4097
ND,0.2767,ND,ND,ND,ND
0.3526,ND,0.3619,ND,ND,ND
ND,ND,ND,0.0456,ND,0.0756
-0.3831,0.2846,ND,ND,ND,ND
ND,0.9706,ND,ND,ND,ND
0.2207,ND,0.2306,ND,ND,ND
0.5683,0.0206,0.255,ND,ND,ND
ND,ND,ND,ND,-0.1486,ND
-0.0831,0.1238,-0.0159,ND,ND,ND
ND,0.1118,-0.0101,-0.1738,0.1673,ND
ND,ND,ND,0.2246,ND,0.1536
ND,ND,ND,ND,0.2087,ND
0.0737,ND,0.2492,-0.0776,0.0473,0.0431
0.5995,-0.1276,0.4718,ND,ND,ND
ND,ND,ND,0.1234,ND,ND
ND,ND,ND,ND,-0.0734,0.2585
-0.0686,0.1071,-0.0865,ND,ND,ND
ND,0.1719,ND,ND,ND,ND
ND,0.286,ND,ND,ND,ND
0.0195,0.6914,-0.1591,ND,ND,ND
-0.0009,0.1283,0.2949,0.0888,0.4156,-0.2211
ND,ND,ND,0.1142,ND,ND
0.2975,0.0776,0.2252,0.0422,0.0297,0.0166
ND,ND,ND,ND,ND,-0.0466
ND,ND,ND,0.0913,ND,ND
ND,ND,ND,0.0518,ND,-0.0446
0.3101,0.1646,0.1222,ND,ND,ND
0.4989,0.1511,0.4632,ND,ND,ND
0.0615,ND,-0.0322,ND,ND,ND
0.1014,0.2215,0.0518,ND,ND,ND
0.0994,0.2785,-0.0013,ND,ND,ND
0.0326,-0.5874,-0.1171,ND,ND,ND
ND,0.4512,-0.0475,ND,ND,ND
0.1135,ND,-0.1111,ND,ND,ND
-0.1673,0.3473,-0.142,ND,ND,ND
0.0411,0.1403,ND,ND,ND,ND
0.2167,0.3865,-0.0501,ND,ND,ND
0.1226,0.055,-0.1185,ND,ND,ND
-0.1236,ND,0.0279,ND,ND,ND
0.1402,0.046,-0.0536,-0.1366,ND,-0.7429
0.3659,-0.3051,0.358,ND,ND,ND
ND,0.4728,-0.0604,ND,ND,ND
ND,ND,-0.5168,ND,ND,ND
ND,0.1137,ND,ND,ND,ND
ND,ND,-0.0511,ND,ND,ND
ND,ND,-0.0552,ND,ND,ND
-0.1204,-0.1626,-0.1504,ND,ND,ND
ND,-0.1872,-0.2615,ND,ND,ND
ND,-1.2292,ND,ND,ND,ND
0.2366,-0.0052,0.1533,ND,ND,ND
0.0875,0.2095,0.1235,ND,ND,ND
2.1233,ND,ND,ND,ND,ND
0.1923,ND,0.4151,ND,ND,ND
0.0694,ND,ND,0.1212,0.1938,0.1924
ND,ND,ND,0.0456,ND,-0.1073
0.3335,0.0227,0.281,0.1896,ND,0.1799
ND,0.0586,0.313,0.1614,ND,0.2565
ND,-0.2436,0.2055,ND,ND,ND
-0.0943,0.1676,-0.1061,ND,ND,ND
ND,ND,0.552,ND,ND,ND
ND,ND,-0.1909,ND,ND,ND
ND,0.0035,-0.0851,ND,ND,ND
-0.1783,0.2092,-0.0271,ND,-0.0765,ND
0.1235,0.1454,0.1096,0.1386,0.0701,0.2262
-0.3024,ND,0.0077,ND,ND,ND
0.2538,-0.005,0.2482,0.2126,0.0403,0.2856
ND,ND,ND,0.1673,-0.0592,0.336
ND,ND,ND,0.1881,-0.2343,0.3103
ND,ND,ND,0.1601,0.352,0.2117
0.2572,-0.0855,0.213,ND,ND,ND
0.2275,0.0686,0.2419,0.1861,0.043,0.1666
0.2191,-0.0413,0.1236,0.1663,0.0301,0.2105
0.0479,ND,-0.026,ND,ND,ND
-0.0738,0.4992,-0.0942,ND,ND,ND
ND,0.2691,-0.3467,ND,ND,ND
0.2171,0.0173,ND,ND,ND,ND
-0.0747,-0.0689,-0.0807,-0.1344,0.1394,ND
ND,ND,ND,ND,0.0603,-0.0311
-0.4152,-0.05,0.0363,-0.1802,0.0657,-0.0259
-0.0906,ND,-0.2071,ND,ND,ND
ND,ND,0.0327,ND,ND,ND
ND,-0.0504,ND,0.0347,ND,0.051
0.0685,-0.1731,0.1133,-0.049,0.2101,-0.0091
ND,ND,ND,ND,ND,-0.1318
ND,0.1482,ND,ND,ND,ND
0.0262,0.1524,-0.0461,ND,ND,ND
ND,ND,-0.7096,ND,ND,ND
ND,-0.136,0.2741,0.1622,-0.2959,0.1454
0.1903,ND,0.0692,ND,ND,ND
-0.18,ND,-0.1014,0.089,ND,0.0447
0.3277,-0.0218,0.2103,ND,ND,0.2452
ND,ND,ND,0.0728,0.1823,0.129
0.016,-0.0235,ND,0.1394,0.0799,0.2676
ND,ND,ND,ND,ND,-0.2072
-0.0865,0.0536,-0.1428,ND,ND,ND
ND,ND,ND,0.2773,0.1376,0.0759
ND,ND,ND,ND,ND,-0.1227
ND,ND,ND,0.0282,ND,ND
ND,0.0138,0.1079,0.0603,ND,ND
ND,ND,ND,0.022,0.4852,0.1296
-0.0506,0.1272,-0.1125,ND,ND,ND
ND,ND,-0.0142,0.0524,-0.1337,0.091
ND,-0.0422,0.1392,ND,0.0903,0.0808
-0.203,0.1883,-0.2017,ND,ND,ND
ND,0.0718,ND,ND,ND,ND
ND,ND,ND,0.3834,ND,ND
ND,ND,ND,ND,0.1343,0.107
ND,ND,ND,0.0296,0.6,ND
ND,0.1952,ND,ND,ND,ND
ND,0.0816,0.0208,0.0453,ND,ND
-0.0908,0.4699,-0.3353,-0.1985,0.254,-0.1719
-0.0882,-0.0136,ND,ND,ND,ND
0.2036,-0.1117,0.2159,0.1544,ND,0.0534
0.3037,0.0708,0.4723,0.0235,ND,0.1882
0.2189,0.0383,ND,0.1841,0.4369,ND
ND,ND,ND,ND,ND,0.0647
-0.12,-0.0382,0.5781,ND,-0.3268,0.0961
0.2297,ND,0.4807,ND,ND,ND
0.1956,-0.1432,0.2323,0.0918,-0.0034,0.1419
-0.2684,-0.0239,0.2178,ND,ND,ND
ND,-0.182,ND,ND,ND,ND
0.4373,-0.1385,ND,0.1209,0.0501,0.1054
-0.0152,ND,0.0083,ND,ND,ND
0.1956,ND,0.0809,-0.02,ND,ND
-0.4395,0.1554,-0.0411,ND,0.3085,0.0419
ND,ND,-0.1614,ND,ND,ND
ND,ND,0.2965,ND,ND,ND
ND,ND,0.3929,ND,ND,ND
-0.2576,0.1646,0.1199,ND,ND,ND
ND,ND,ND,0.0624,ND,0.1146
ND,-0.2385,0.2853,ND,ND,ND
ND,-0.0532,0.4017,ND,ND,ND
ND,ND,ND,0.1113,ND,0.095
ND,-0.2954,ND,ND,ND,ND
ND,-0.1484,ND,ND,ND,ND
0.0877,-0.1064,ND,0.1167,0.0954,-0.0195
ND,ND,ND,-0.2228,ND,0.2648
ND,ND,ND,-1.0587,ND,0.1678
ND,0.1744,ND,-0.0727,ND,ND
ND,ND,ND,0.1023,ND,0.1259
1.0187,0.3897,0.3022,ND,ND,0.1576
-0.0711,-0.0985,0.493,ND,ND,ND
0.2564,ND,0.2311,ND,0.0262,ND
0.5715,ND,0.0937,ND,ND,ND
ND,ND,ND,ND,ND,0.0937
ND,-0.6721,ND,ND,ND,ND
ND,ND,ND,0.0983,ND,0.058
-0.0449,ND,0.3263,ND,ND,ND
ND,-0.0432,0.1866,ND,ND,ND
ND,ND,ND,ND,ND,0.2049
ND,ND,ND,0.079,ND,0.3259
ND,ND,ND,0.0785,0.0693,0.1151
ND,ND,0.2496,ND,ND,0.0718
ND,ND,ND,0.0772,0.0642,0.1254
ND,ND,ND,ND,ND,ND
-0.0666,0.1603,-0.0094,-0.0051,ND,ND
0.1234,ND,ND,ND,ND,ND
-0.2236,0.1977,-0.2673,ND,ND,ND
ND,ND,0.0092,ND,ND,ND
ND,ND,0.0954,ND,ND,ND
0.041,0.2605,-0.0795,ND,ND,ND
0.6051,ND,ND,ND,ND,ND
0.1653,0.0486,0.1148,0.0733,-0.0033,0.0845
ND,0.005,0.0762,0.0818,0.1455,0.116
0.0761,0.0802,-0.0192,-0.0239,-0.1867,0.1219
ND,ND,ND,ND,-0.5257,ND
0.1427,0.3156,-0.0673,ND,ND,ND
ND,ND,ND,0.0364,ND,ND
0.277,0.0009,0.3055,0.1132,-0.0321,0.1947
0.1817,0.265,0.0743,-0.0488,0.259,0.1285
ND,ND,ND,0.0068,-0.0147,ND
ND,ND,ND,ND,ND,0.0995
ND,ND,ND,ND,0.0387,0.1914
ND,ND,ND,0.1131,0.0101,0.0891
ND,ND,ND,0.0773,ND,-0.0116
0.2784,ND,0.1662,-0.1688,0.1324,ND
ND,ND,ND,0.0029,0.1474,ND
-0.3301,0.3165,-0.2207,-0.3624,ND,-0.1705
ND,ND,ND,0.1343,0.0488,ND
ND,ND,ND,0.2655,ND,ND
0.2043,-0.0178,0.0744,0.1309,0.0833,0.0755
ND,-0.1083,ND,0.0458,0.0794,ND
0.011,ND,0.0813,0.0616,0.2679,ND
ND,ND,ND,-0.1237,-0.4053,0.0403
ND,ND,ND,ND,-0.1226,ND
ND,ND,ND,ND,0.2181,ND
ND,-0.0656,0.1586,ND,ND,0.1309
0.0254,ND,ND,ND,ND,ND
ND,ND,ND,ND,ND,-0.0271
ND,0.0446,0.067,0.0867,0.0487,-0.0016
ND,-0.0646,0.1522,0.0693,-0.0197,0.0907
ND,ND,ND,0.1,ND,ND
ND,ND,ND,0.1961,ND,0.1416
ND,-0.0033,0.2932,0.1795,-0.0773,0.1321
-0.2063,-0.1289,-0.1535,ND,ND,ND
ND,ND,ND,0.1086,ND,0.0894
ND,ND,ND,0.0528,ND,0.0262
0.2064,0.0858,0.1218,0.0425,0.1436,-0.0282
ND,ND,ND,-0.0155,ND,ND
ND,ND,0.3272,ND,ND,ND
ND,ND,0.0467,ND,ND,ND
ND,ND,ND,-0.0276,ND,ND
ND,ND,ND,0.2527,0.0803,0.2519
-0.114,ND,ND,ND,ND,ND
-0.1065,0.0371,-0.1281,ND,ND,ND
ND,ND,-0.1327,ND,ND,ND
-0.2337,0.0987,-0.2719,ND,ND,ND
-0.2483,0.1007,-0.2612,ND,ND,ND
ND,0.5479,-0.7423,ND,ND,ND
ND,ND,ND,0.0542,-0.0446,0.1122
ND,0.6798,ND,ND,ND,ND
ND,0.0376,-0.1192,-0.0245,ND,ND
ND,ND,ND,0.1967,0.071,ND
0.1547,-0.0375,0.0801,0.647,-0.0112,0.177
ND,ND,ND,ND,0.1645,ND
ND,-0.083,ND,ND,0.0307,0.152
0.1206,0.3216,-0.0256,-0.198,0.0283,ND
0.2213,0.175,0.1269,-0.0679,-0.131,-0.0974
0.204,0.186,0.0078,-0.1438,-0.0094,-0.0572
ND,0.46,ND,ND,ND,ND
0.084,0.0588,ND,ND,ND,ND
0.1285,0.07,0.1518,-0.0795,0.129,ND
0.4347,-0.0755,0.2579,ND,ND,ND
0.0327,-0.0856,0.0279,0.0546,0.0451,0.1055
ND,ND,ND,ND,ND,0.0383
0.1517,0.1009,-0.0111,-0.0141,0.0885,-0.0291
ND,ND,ND,ND,0.1789,0.1056
ND,ND,ND,ND,ND,0.1069
ND,ND,ND,ND,0.0373,0.0521
ND,ND,ND,ND,ND,-0.0168
ND,ND,ND,-0.0171,ND,0.0125
ND,ND,ND,ND,ND,0.1152
ND,ND,ND,ND,0.0698,ND
ND,ND,ND,ND,ND,0.0128
ND,ND,ND,ND,ND,-0.8671
ND,ND,ND,ND,ND,0.0015
ND,ND,ND,-0.0644,ND,0.0686
0.1648,ND,0.0514,0.0003,ND,0.0526
-0.0161,0.1304,0.0524,ND,ND,ND
-0.1088,0.2372,0.2334,ND,ND,ND
-0.0049,0.0962,0.0326,ND,ND,ND
0.0783,ND,0.083,ND,ND,ND
-0.0196,0.239,-0.0141,ND,-0.1087,-0.1875
ND,ND,ND,0.1146,ND,-0.1131
-0.3673,-0.3967,0.1322,-0.8157,-0.465,-0.2724
0.4114,ND,0.1942,0.0733,ND,ND
0.1838,0.1114,0.3134,ND,ND,ND
0.7044,-0.2536,ND,ND,ND,ND
-0.0089,-0.1933,0.091,ND,ND,0.0083
0.2851,ND,ND,ND,0.3221,-0.323
0.0915,0.249,ND,ND,ND,ND
0.2582,0.1791,0.1113,ND,ND,ND
ND,0.0125,0.3356,0.0755,ND,0.0719
0.2743,ND,0.229,ND,ND,ND
ND,ND,ND,0.1136,ND,ND
ND,-0.0384,ND,0.1975,ND,0.2226
ND,0.2461,-0.0364,ND,ND,ND
ND,0.208,-0.0516,ND,ND,ND
ND,ND,ND,0.2858,ND,ND
0.2982,0.1861,0.0868,ND,ND,0.0974
ND,ND,ND,0.2257,-0.0375,0.1117
ND,ND,ND,ND,0.0871,0.0058
0.2215,0.0496,0.0753,-0.0348,0.0323,0.0175
ND,ND,0.1562,ND,ND,ND
ND,0.0263,0.1216,0.0465,ND,0.094
ND,ND,ND,0.0926,ND,ND
ND,ND,ND,-0.0125,0.1542,-0.0318
0.1045,ND,-0.0328,ND,ND,ND
ND,ND,ND,ND,0.1513,0.0397
ND,ND,ND,0.0702,ND,0.0735
0.1289,ND,0.1053,ND,0.0905,0.0762
ND,ND,ND,-0.166,ND,ND
ND,ND,ND,ND,0.1032,ND
0.3254,0.0565,0.3668,0.1437,0.1897,0.1544
ND,ND,ND,ND,ND,ND
ND,ND,ND,ND,ND,0.1155
ND,0.232,0.2614,ND,ND,ND
ND,-0.5339,0.7424,ND,ND,ND
0.4855,0.0281,0.5498,0.1709,0.1829,0.1747
-0.004,-0.0353,0.0303,ND,ND,ND
ND,ND,ND,ND,0.1003,0.1818
0.3367,ND,0.4987,ND,ND,ND
ND,0.1497,ND,ND,ND,ND
ND,ND,ND,-0.0912,ND,ND
0.3852,ND,ND,ND,ND,ND
0.1692,0.3683,-0.0256,0.0221,0.2002,-0.0069
-0.1171,0.1836,0.0842,ND,ND,ND
0.1984,ND,ND,ND,ND,ND
0.3543,0.4086,-0.0092,ND,ND,ND
0.0868,0.3767,-0.0159,-0.0303,0.1054,ND
0.1432,0.2216,-0.0789,0.5324,0.4955,-0.0178
0.3307,ND,0.0195,ND,ND,ND
0.1822,-0.0232,0.1112,0.0818,0.0917,-0.0053
ND,-0.0624,ND,0.1463,ND,0.1929
0.284,-0.1231,ND,0.1888,-0.0509,0.2008
0.1826,0.0022,0.1654,0.1074,0.09,0.1634
-0.7673,-0.1447,0.4501,ND,ND,ND
ND,ND,ND,ND,0.1047,ND
0.0915,0.0714,0.0623,0.0366,0.1575,0.0595
ND,ND,ND,ND,ND,-0.0677
ND,ND,ND,0.2957,-0.9443,0.8578
0.2864,ND,-0.0583,ND,0.0575,-0.0006
0.1558,0.0131,0.0807,0.0346,0.0668,0.0966
ND,ND,ND,ND,ND,ND
ND,-0.381,0.3101,0.2218,-0.0236,0.1453
0.1457,-0.0769,0.1477,0.1127,-0.1049,0.2145
ND,ND,ND,ND,ND,-0.1368
ND,ND,ND,0.3711,ND,ND
0.2478,0.0241,0.0816,0.2412,ND,ND
0.0425,0.3606,-0.0483,ND,ND,ND
ND,ND,-0.7766,0.0373,-0.1102,ND
0.2467,0.0946,0.1976,-0.0739,0.1898,ND
ND,ND,ND,0.2241,0.0766,0.1076
ND,ND,ND,ND,0.1316,-0.0479
ND,-0.0353,0.4769,ND,0.091,0.3006
0.2137,ND,0.2048,ND,ND,ND
ND,ND,ND,ND,0.1418,ND
0.5375,-0.1423,0.3929,0.0104,ND,0.7392
