Ctrl_p1,45I_p1,120R_p1,Ctrl_p3,45I_p3,30R_p3,120R_p3,Ctrl_p5,45I_p5,30R_p5,120R_p5
0.4627686,1.24325,1.370163,0.8001442,0.8405781,-3.346778,0.625082,-0.2534256,-0.9618454,-3.916733,-0.4605045
-3.844338,-3.012859,-2.116707,-4.202477,-2.457833,-3.374892,-1.091356,-2.915642,-1.994839,-3.441255,-1.378628
-2.032246,-3.033451,-1.385906,-2.482878,-3.704783,-3.553141,-2.842339,-3.054946,-3.583059,-3.409923,-1.3363
-3.432615,-2.958384,0.2924156,-3.497353,-3.681576,-3.465493,-0.097929,-3.408276,-2.579869,-2.868431,0.4045773
-1.68022,-0.5298996,0.8997002,-1.361748,-3.244538,-3.01691,0.8862858,-2.453209,-1.658747,-1.291752,-0.1412411
-3.227808,-4.61916,-0.7820187,-3.250572,-3.238239,-4.434254,-3.018013,-3.455733,-2.863756,-3.803566,-0.3959084
-3.167207,-3.079751,-0.1680241,-0.004735947,-3.311993,-2.272059,-0.8020668,0.3846455,-3.603418,-3.216087,-0.06781769
-3.963432,-1.926435,-1.401733,-3.325697,-2.440802,-3.597605,-1.761164,-2.792362,-3.207241,-3.723995,-1.806883
-2.990721,-4.415453,-1.447874,-2.149231,-3.39439,-3.950023,-2.629377,-2.946996,-2.890146,-3.773009,-1.85243
-3.391249,-3.404692,-0.7009754,-3.254715,-3.371121,-4.273501,-2.054855,-1.077923,-3.343773,-4.371423,-0.6328049
3.097168,2.382244,2.267548,1.865557,1.98506,-3.130805,1.947926,1.607201,0.5467548,0.4044437,1.714514
-2.251374,-0.6442127,-0.3598194,-3.082276,-2.818145,-4.461283,-1.147104,-2.77796,-3.635279,-3.9871,-0.4681892
-2.637451,-3.370383,-1.719488,-3.080427,-2.856682,-2.881781,-2.230158,-2.995067,-2.425468,-3.819473,-1.525566
1.016483,1.453045,2.111958,0.8322926,0.8251247,1.355856,1.720869,1.078203,0.9440193,0.9074326,1.518923
1.016483,1.453045,2.111958,0.8322926,0.8251247,1.355856,1.720869,1.078203,0.9440193,0.9074326,1.518923
-2.211341,-3.833956,-0.4675198,-3.486493,-2.956421,-3.385093,-0.6287384,-3.804334,-4.192115,-3.979717,-0.2175083
-3.319679,-3.833956,-0.4675198,-2.391316,-2.354501,-3.828006,-0.6287384,-2.10718,-2.013406,-3.36398,-0.2175083
-2.841732,-3.845185,-0.9685879,-3.566439,-3.295402,-3.031305,-0.9813633,-3.440455,-3.100689,-2.987249,-0.5796738
-3.218365,-2.633457,-1.106262,-2.189569,-2.825054,-2.125647,-1.942789,-2.654431,-3.847485,-3.170788,-0.8217945
-3.668296,-2.882233,-1.43648,-2.382945,-3.047023,-3.433831,-1.738546,-2.545712,-3.217043,-3.702275,-1.07638
-3.488865,-1.726822,-0.004468918,-3.170197,-4.385138,-3.005736,-1.101082,-3.314365,-3.645564,-3.35063,-0.8882179
-1.547449,-3.731962,-1.326183,-3.254965,-3.82527,-3.600827,-1.48266,-2.48562,-2.897145,-3.443362,-0.3417282
-2.982883,-2.343668,-1.027895,-3.244524,-2.911477,-3.687836,-1.083809,-1.675205,-3.748715,-2.524328,-0.9196777
-3.092474,-3.970925,0.1707516,-2.232107,-2.291884,-2.978384,-1.671921,-2.5603,-3.292117,-3.821074,0.5164795
2.127827,3.120277,2.825636,1.50091,1.827946,1.598835,2.813269,1.452351,2.568064,1.616106,3.500151
-1.13513,-2.739467,0.9365005,-0.8965015,-3.298164,-3.009642,1.588486,-0.786644,-0.1382122,-2.479055,2.013536
2.127827,3.120277,2.825636,1.50091,1.827946,1.598835,2.813269,1.452351,2.568064,1.616106,3.500151
-1.13513,-2.964837,0.9365005,-0.8965015,-3.659146,-3.087099,1.588486,-0.786644,-0.1382122,-2.479055,2.013536
-2.336491,-0.9842663,-1.028921,-3.429595,-3.169921,-3.355251,-0.7800522,-2.480262,-4.129632,-4.094209,-0.6383667
-3.127594,-2.324514,-1.58824,-3.372638,-2.930051,-3.834368,-1.542841,-3.206958,-3.737076,-4.13294,-2.333342
-0.4306641,-3.2344,0.1060543,-3.005994,-2.738337,-3.306762,-0.4625092,-1.045425,-3.729544,-2.857865,0.08490944
-0.4306641,-2.819409,0.1060543,-3.2668,-3.912393,-2.586714,-0.4625092,-1.045425,-3.651066,-3.53179,0.08490944
0.8384666,-3.477806,1.224276,1.719685,-3.867566,-3.407996,0.8731976,0.911972,-0.4387455,-3.253537,1.486336
-2.601469,-3.169191,-0.3076611,-2.755248,-2.924001,-2.295318,-2.500652,-2.573564,-3.850798,-3.418329,-0.4301701
1.607584,-3.846856,2.773731,3.047918,1.44083,-3.143302,2.309689,2.370266,0.07727814,-3.697943,2.821846
-2.836845,-3.359945,-1.486624,-2.480372,-2.797541,-3.821002,-2.009689,-1.994755,-3.846701,-3.803658,-1.044331
-3.09285,2.168297,2.718662,-2.741889,-3.11912,-3.882508,1.374361,-2.554256,1.984011,-4.07447,2.415812
-1.962765,-3.390549,-0.9887829,-3.22917,-2.712296,-3.308926,-1.38438,-1.87117,-3.865917,-3.388882,0.03176689
-3.016747,-1.287706,-0.5135403,-3.435247,-3.512242,-2.846023,-1.45006,-2.662489,-3.441916,-3.257706,-0.8337994
-3.155565,-4.164188,-0.8751106,-2.502576,-2.863326,-3.955715,-1.452854,-1.955536,-3.433093,-3.631499,-0.9227295
-3.399073,-1.34379,1.320042,-3.40889,0.541647,-0.6181107,-0.08058929,-2.141319,-0.6758804,-4.370583,-0.2509537
-1.381947,-3.158995,0.05415154,-3.346849,-3.661889,-0.5485973,-0.1059437,-3.234898,-3.348805,-3.828166,-0.1160393
0.6938457,0.4101124,0.9858456,-0.345171,-0.2846146,-0.5938435,0.2213058,0.06480026,0.0860424,-1.417261,0.60252
0.6938457,0.4101124,0.9858456,-0.345171,-0.2846146,-0.5938435,0.2213058,0.06480026,0.0860424,-1.417261,0.60252
1.636747,0.5887222,1.812216,1.058815,-2.838192,-3.469154,1.058287,1.791658,0.2668686,-2.25238,2.042389
-2.231219,-1.813936,-1.80073,-2.82391,-2.372475,-3.344241,-2.705467,-2.587276,-2.215613,-3.390861,-1.762589
-0.8774834,-3.658138,-0.9608803,-0.8387566,-2.823757,-2.266857,-1.117985,-1.049505,-3.336305,-4.585115,-1.174196
-0.8774834,-3.458579,-0.9608803,-0.8387566,-3.053225,-2.963328,-1.117985,-1.049505,-2.082336,-3.554265,-1.174196
0.6403732,-2.338913,0.453764,0.3889751,-4.259405,0.01562881,0.05426216,0.7665997,-1.988249,-0.1494179,0.5917244
-0.696928,-3.843653,-0.9856396,-2.291273,-3.390919,-0.8854885,-0.8352318,-1.047844,-4.252913,-3.400851,-0.5418415
0.6403732,-2.338913,0.453764,0.3889751,-3.139418,0.01562881,-0.1557503,-2.426401,-4.034614,-0.1494179,0.5917244
-0.696928,-3.843653,-0.9856396,-2.335342,-3.390919,-0.8854885,-0.8352318,-1.047844,-3.398511,-3.665683,-0.5418415
-0.7354107,-3.893881,-0.80089,0.3182812,-2.495565,-0.2540989,-3.563127,-0.4802227,-3.867728,-0.139328,0.1248608
-2.171195,-4.700725,-1.376531,-0.4196892,-2.553496,-2.170889,-1.263,-1.600876,-3.502878,-3.700687,-1.163042
1.835501,-0.2333775,1.579763,1.871044,0.181551,1.401695,1.254066,0.2361126,-0.3840523,1.730709,0.8196239
-3.885867,-4.352703,-0.6508617,-0.5450401,-3.154744,-1.123095,-1.239489,-1.458723,-3.574583,0.2366028,-1.233027
-1.971295,-4.248679,-0.6633186,-0.6601181,-3.631624,-0.5609741,-0.964035,-3.149369,-4.164422,-0.1335793,-0.9416275
-3.667652,-5.141848,-2.704979,-0.8620796,-3.939978,-0.2749348,-1.371798,-2.818502,-3.30536,-0.7503262,-1.742764
2.621675,0.1084614,2.365583,2.390495,0.09017563,2.774343,2.407568,1.459297,0.4381599,2.04723,2.819298
0.904892,-3.217015,1.396816,1.198099,-0.1079502,0.9076061,1.40876,0.8996964,-0.4763336,0.7165909,1.389839
-0.3702507,-2.842118,-1.532782,-0.4951363,-2.118525,-0.5755692,-0.5712948,-0.6545353,-3.172863,-1.530872,-0.5371857
-0.3702507,-3.536666,-1.532782,-0.4951363,-2.118525,-0.5755692,-0.5712948,-0.6545353,-3.584255,-1.530872,-0.5371857
3.765032,1.728725,3.941492,5.045977,2.009106,3.483913,4.015772,3.985846,0.6387749,4.693758,3.213493
-2.191679,-3.470909,-2.433025,-1.769903,-3.532845,-2.791189,-1.910566,-2.956618,-3.424658,-2.232346,-2.200758
-2.740217,-3.450187,-2.882711,-1.640486,-3.531438,-2.787605,-3.044531,-2.433361,-3.518538,-3.03302,-2.071487
2.471279,0.7383575,2.314289,2.294949,-0.5186081,3.738029,3.096331,2.110424,1.096081,2.976894,3.022762
-0.1129322,-1.120195,1.191132,0.1861134,-3.268329,1.321501,0.9414158,-1.30216,-3.247472,1.643057,0.7760258
2.471279,0.7383575,2.314289,2.294949,-0.5186081,3.738029,3.096331,2.110424,1.096081,2.976894,3.022762
-2.361805,-3.142927,-2.247894,-2.458538,-3.862684,-2.224514,-2.892855,-1.548341,-3.788924,-1.426516,-2.315672
-2.478101,-4.252305,-2.560595,-2.962711,-3.094018,-1.839237,-4.013084,-2.348875,-4.924723,-1.868822,-2.564463
3.404333,0.06942368,3.21228,2.639475,0.6249065,2.790497,3.370815,0.09441948,-0.8938465,4.164249,1.786867
-0.5151997,-3.202388,-1.163729,-0.3218117,-2.639104,-1.715384,-2.421759,-1.801867,-3.692155,-1.105198,-1.575613
1.517412,0.02957153,3.212807,1.450554,-3.612187,1.92651,2.849194,1.382244,-3.463772,0.5933266,3.571472
0.5076733,-5.362709,-0.1298122,-0.1637802,-3.681975,0.253418,-0.7282333,-1.24118,-1.202536,-0.2251186,-0.5465126
0.5076733,-5.362709,-0.1298122,-0.1637802,-3.710395,0.253418,-0.7282333,-1.24118,-1.202536,-0.2251186,-0.5465126
-0.1732731,-3.306467,1.803766,0.615551,-3.012551,-2.516439,0.8725338,-0.4543343,-2.321283,0.8301601,1.596163
-0.1732731,-3.306467,1.803766,0.615551,-3.124051,1.754713,0.8725338,-0.4543343,-2.321283,0.8301601,1.596163
-1.298424,-3.369186,-1.021688,-0.4992542,-4.643257,-1.698053,-1.093483,-1.07053,-4.372941,-0.8725662,-3.317837
-0.6939468,-3.554907,-0.6436729,-0.5802345,-3.12948,-0.445755,-0.6862926,-2.579451,-3.814854,-0.375309,-0.4619751
-2.612015,-3.763851,0.577364,-0.1211395,-3.070156,-2.966355,-2.391982,-0.7327976,-4.564225,-3.095991,-0.7935028
-3.24765,-4.572011,-0.7835655,-0.5952034,-3.211675,0.1753502,-0.2393742,-2.820343,-3.535669,0.4538975,-3.460353
-0.2617779,-2.451577,-0.09846878,-2.932537,-3.23157,0.2165737,0.04761696,-0.07427979,-3.237511,-0.1091576,0.2166405
-0.2617779,-3.124354,-0.09846878,-2.354863,-3.423076,0.2165737,0.04761696,-0.07427979,-2.743015,-0.1091576,0.2166405
-1.364672,-4.166031,-1.108694,-2.30422,-3.538218,-1.365837,-1.018829,-2.152349,-2.421326,-0.04839706,-1.537975
-2.146667,-3.879303,-1.016251,-1.762823,-3.002627,-2.098701,-2.215508,-1.572914,-2.702449,-2.053711,-1.01742
-1.386797,-3.722314,0.316494,-0.01044655,-2.035942,0.07185173,0.08362198,-3.210422,-3.38121,0.249155,0.7524815
-3.261266,-4.619242,-2.244395,-2.431725,-3.342699,-2.247016,-2.489134,-2.956036,-3.745689,-2.8951,-1.283102
0.1059608,-0.5084801,0.7016506,0.6521568,-0.85639,0.5957279,0.1615524,0.4287853,-1.072056,0.3997402,1.028547
-1.561066,-3.097595,-0.7546921,-1.541807,-2.429922,-0.7802811,-1.6565,-2.130882,-3.090949,-1.166679,-1.0278
-0.4634743,-3.292949,1.309498,0.747818,-0.8987846,0.261694,0.9847164,-0.4442444,-1.270521,0.4690208,0.69841
-2.364941,-3.431486,-2.171004,-1.254084,-3.105288,-0.7993793,-3.005486,-2.136483,-4.148666,-0.3804703,-1.805859
0.5470695,-2.748527,1.656361,0.4411278,-3.477143,0.9837837,1.552116,-2.491504,-0.583416,2.802561,0.2218761
2.119898,-0.05282784,2.140184,1.228222,0.1555023,2.039633,1.972494,0.9075546,-0.1439476,1.930077,1.95997
-0.5678711,-3.884693,-0.4795456,-3.249339,-3.805594,-0.2681084,-0.2703152,-0.921423,-3.205131,-0.4141006,-0.5495434
2.119898,-0.05282784,2.140184,1.228222,0.1555023,2.039633,1.972494,0.9075546,-0.1439476,1.930077,1.95997
-0.5678711,-2.602602,-0.4795456,-2.80499,-2.73903,-0.2681084,-0.2703152,-0.921423,-3.776599,-0.4141006,-0.5495434
-1.090996,-1.474777,-0.3493481,-0.7706661,-2.455727,-0.8714848,-0.2314701,-1.268002,-1.794704,0.07941437,-0.3283653
-3.355614,-3.445028,-1.177805,-1.388643,-2.924177,-1.833527,-1.99769,-2.382193,-4.262409,-0.7980461,-1.930926
-0.8892708,-4.308348,-0.0922451,0.3663807,-2.264099,1.085342,0.6844902,0.1945,-2.895462,0.6207657,1.389521
-0.8892708,-3.880755,-0.0922451,0.3663807,-2.264099,1.085342,0.6844902,0.1945,-2.895462,0.6207657,1.389521
3.352249,1.70352,4.167665,3.289965,1.409952,2.561867,2.522997,3.112249,1.018322,2.630442,4.053377
-1.944569,-3.462133,2.065241,2.171921,-4.119163,2.223085,2.840286,0.1717243,-2.92464,2.540642,2.792923
-0.03429031,-0.7624874,0.2636147,0.322876,-0.5271606,0.4073009,0.5052567,0.07219696,-0.788517,0.5474529,0.3419609
-1.663124,-5.225481,-2.22479,-1.56908,-3.803164,2.016672,0.8066082,-2.222765,-4.205162,1.717417,1.388481
-1.663015,-3.965745,-1.198027,-2.6999,-2.915078,-1.710627,-2.620659,-2.582961,-3.696622,-0.7901325,-0.620327
-2.567083,-2.873972,-1.758272,-1.653278,-3.293623,-2.062574,-1.267736,-1.192097,-3.841805,-0.8501549,-0.6610336
-1.299791,-3.104001,-0.2812729,-0.4122143,-3.552953,-0.8131027,-0.7208767,-1.504208,-2.555567,-0.5369797,-0.6459484
-0.5636044,-1.533031,-0.2395535,-0.0880928,-1.433784,-1.144077,-0.1107426,-0.8937492,-2.18786,-0.7789974,0.01309013
-1.292116,-2.93764,-1.164858,-1.508163,-2.908938,-1.688934,-1.198267,-1.016754,-1.981234,-2.137672,-0.8914375
-1.292116,-3.734305,-1.164858,-1.508163,-2.811766,-1.688934,-1.198267,-1.016754,-1.981234,-2.137672,-0.8914375
-2.011654,-3.588814,0.1148129,-1.687519,-2.909434,-3.047835,-0.8013878,-3.536272,-3.916706,-0.1558075,-0.6353397
-3.268326,-3.587707,-3.391699,-1.290451,-3.795191,-1.674547,-2.714108,-3.265516,-4.284969,-1.010052,-2.197681
-1.042904,-3.484462,-3.346151,-0.8322296,-2.718742,-1.066057,-0.9269314,-2.233412,-3.81573,-0.5868397,-2.367186
3.318653,1.179338,2.405247,2.838263,1.182764,3.039232,2.336475,2.60778,1.152584,2.389925,2.983591
3.318653,1.179338,2.405247,2.838263,1.182764,3.039232,2.336475,2.60778,1.152584,2.389925,2.983591
1.264242,-2.764408,1.425259,0.9839783,-2.998711,0.8770485,1.202465,0.7095718,0.5769711,1.05402,1.462297
0.9607391,0.6076336,1.412998,1.657347,0.9285698,0.9604187,1.308708,1.089951,-0.005516052,0.929493,1.524755
3.519487,2.18774,3.483847,3.514933,2.062414,3.103144,2.974941,3.464361,2.409443,2.700586,3.443001
3.519487,2.18774,3.483847,3.514933,2.062414,3.103144,2.974941,3.464361,2.409443,2.700586,3.443001
1.136345,0.2923508,0.7402306,1.390903,0.2842102,0.8590717,1.097809,0.5949535,0.08367538,0.7998695,0.641161
-0.1687183,-2.437893,-0.3083038,-1.238485,-3.010379,-0.7951107,-0.1147137,-2.705188,-3.485431,0,-1.311768
1.636747,0.5887222,1.812216,1.058815,-0.1537037,1.286779,1.058287,1.791658,0.2668686,0.6024055,2.042389
-2.049828,-3.895065,-2.570691,-2.422188,-3.783166,-2.621842,-2.768212,-2.959359,-3.84149,-3.601214,-2.585569
-2.054426,-3.340715,-3.381103,-2.648025,-4.024471,-2.065815,-2.437185,-2.688081,-3.340231,-2.298897,-3.364247
-0.4204483,-2.142162,-0.04073143,0.04147339,-0.9891376,0.7826347,0.427187,-2.168268,-1.872366,0.9721241,-0.1639557
-2.992939,-4.345047,0.5766487,-2.224166,-2.787188,0.1807995,0.6060143,-1.944503,-3.652761,-0.02744865,1.912596
-2.992939,-4.345047,0.5766487,-2.089198,-2.853616,0.1807995,0.6060143,-2.313787,-3.267148,-0.02744865,1.912596
-3.905653,-2.750834,0.3030853,-3.662662,-2.955259,-2.989497,0.6703129,-2.322178,-3.06221,0.345295,-0.2945614
-3.208794,-1.21505,-1.317301,-3.606313,-1.601284,-1.835348,-2.583542,-3.022602,-2.622696,-1.040129,-1.310831
-3.761589,-3.768907,-0.7190609,-2.582175,-3.373293,-0.6956482,-0.7704334,-2.490962,-3.010181,-0.1414223,-0.4355125
-3.611733,-1.255259,-0.4888897,-2.312301,-1.347063,-1.420664,-0.3371201,-3.409302,-3.660529,-2.481093,-0.8035545
-3.381008,-3.379724,-0.1523628,-4.117484,-3.238022,0.8892956,-1.013563,-3.265602,-2.443354,0.006547928,-0.4018154
-3.508084,-2.454905,-0.1523628,-3.477733,-2.75001,0.8892956,-1.013563,-2.641502,-2.769742,0.006547928,-0.4018154
-3.048516,-1.74726,0.1495972,-0.7183609,-2.129511,-0.8617439,0.1254559,-2.837608,-2.908558,-0.1496105,-0.4090538
1.491894,0.7761555,3.417744,2.342285,1.560373,4.537081,3.73572,2.117214,1.497135,3.947212,4.276346
-2.678029,-2.437761,2.165016,-1.90968,-3.512936,2.12122,2.139978,-3.373332,-2.793373,-2.816437,2.364002
1.491894,0.7761555,3.417744,2.342285,1.560373,4.537081,3.73572,2.117214,1.497135,3.947212,4.276346
-3.411295,-3.314654,1.384602,-4.344264,-3.033904,-0.05465889,1.528362,-2.569264,-2.687227,-2.391856,1.618906
-2.894363,-3.61577,0.5535603,-2.718966,-3.224534,0.8188839,-2.923563,-2.662255,-1.241257,1.018167,-0.2514267
-4.057079,-2.825621,-2.215733,-2.985523,-3.414949,0.4572754,-1.642229,-3.225196,-3.489867,0.2804699,-0.7784119
-3.139313,-2.944687,-0.5536919,-1.5396,-2.894459,-0.1101341,-0.8768864,-2.514508,-3.487206,-0.407999,-0.158268
-4.272162,-2.119197,-2.680632,-3.579511,-2.434617,3.314856,-2.572973,-2.715705,-3.973046,2.402672,2.753847
-2.550556,-2.57439,1.106266,-3.234189,-2.087807,-2.090391,-1.176661,-2.401412,-3.911283,-1.471785,-0.393898
-3.649273,1.424225,3.508444,-3.161612,-4.5235,1.282448,0.7376709,-1.875519,-2.743595,3.070208,3.464405
-2.508627,-3.2893,-0.7112751,-2.998317,-2.437359,-3.113288,-1.658419,-2.533314,-3.199323,-1.127987,-0.5155334
-3.373654,-2.682376,-2.808031,-3.547089,-3.262765,-2.636305,-0.3709164,-3.435907,-3.117598,-3.093928,-0.06238556
-0.6457958,-2.434133,-0.2889462,-1.724518,-3.107476,-0.1002731,-0.8823032,-2.797981,-1.344408,-0.1818237,0.04822159
-1.52249,-3.284634,1.231176,-1.615772,-4.017473,2.062195,1.225224,-2.166379,-3.865563,1.267471,2.305525
-1.52249,-2.881668,1.231176,-1.615772,-3.524708,2.062195,1.225224,-1.705006,-3.072702,1.267471,2.305525
-3.143522,-3.838639,-1.09687,-2.190386,-3.010545,0.3551464,-0.8777809,-2.759643,-3.344451,1.435699,0.7313232
-3.541962,-2.863546,-0.1926479,-3.367608,-3.400506,0.652216,0.3064671,-2.812258,-3.61301,1.43898,1.628893
-3.638565,-2.809485,-0.1926479,-3.585764,-2.367798,-0.4580002,0.3064671,-2.817008,-3.022557,-0.3568325,1.628893
-3.308279,-4.01902,-1.106262,-2.189569,-3.468279,-2.125647,-1.942789,-3.384832,-3.027866,-3.005465,-0.8217945
-2.650336,-3.065133,0.3996506,-2.656994,-3.965693,-0.09142685,-0.6394234,-2.544877,-2.998823,-0.6554832,0.7507401
-3.640137,-3.505544,-2.441209,-2.820011,-2.999226,-0.8646832,-2.319115,-2.727733,-3.414538,-2.373007,-2.349791
-3.862751,-0.04914093,-0.2023182,-1.168865,-1.515999,1.241613,0.1609211,-3.177262,-1.64086,0.06677246,0.5197105
-4.028,-0.04914093,-0.2023182,-3.332759,-1.515999,1.241613,0.1609211,-3.509863,-1.64086,0.06677246,0.5197105
-1.614779,-0.8671112,-1.241175,-3.070735,-1.595709,-0.9438267,-1.119041,-2.923919,-1.102539,-1.366566,-0.9078827
-2.688315,-2.620197,-1.073381,-2.5186,-1.304058,-1.07593,-0.119173,-2.856977,-1.298172,-2.703828,-1.002157
-2.610885,-1.135857,2.044172,-2.765067,-0.1466026,1.859026,1.976519,-3.113669,-3.568023,2.48329,2.02947
1.256922,2.055897,1.087444,0.1098576,1.407663,3.107702,1.754065,0.2177391,2.253389,2.231937,2.91165
-4.089015,-2.774968,-3.24962,-3.743926,-3.337689,-0.3107662,-0.3039169,-3.440304,-4.121629,-0.7119522,-0.8050537
-0.2534103,2.055897,1.087444,0.1098576,1.407663,3.107702,1.754065,-0.4094486,2.253389,2.231937,2.91165
-3.506064,-3.892313,-3.24962,-3.826462,-2.900266,-0.3107662,-0.3039169,-2.790357,-3.058673,-0.7119522,-0.8050537
-3.519179,-4.383051,-0.6019917,-3.260848,-2.894637,0.8257847,0.961668,-2.258836,-2.644282,0.4351158,1.000252
-3.846112,-3.22707,-3.24962,-3.223986,-2.588312,-0.3107662,-0.3039169,-3.052932,-3.320119,-0.7119522,-0.8050537
-3.07268,-3.644239,-2.123203,-3.415366,-2.548079,-2.200372,-2.050928,-2.822662,-3.247425,-2.391375,-1.433956
-2.376246,-4.213151,-0.04733467,-3.269733,-2.393829,-0.703495,0.05695343,-2.114609,-2.957462,-0.5442295,-0.5877075
-3.752248,-3.569028,-1.58824,-2.200769,-3.008131,-2.693606,-1.542841,-2.684372,-3.63587,-2.24297,-2.333342
-3.409272,-3.242353,-2.509755,-3.138687,-3.472157,-1.457277,-1.397907,-2.91064,-3.207209,-0.7311954,-1.633682
-1.663124,-2.562752,-2.19797,-1.56908,-2.079395,2.016672,0.8066082,-2.667637,-4.205162,1.717417,1.388481
-1.663124,-3.161612,-2.517909,-1.56908,-2.17876,2.016672,0.8066082,-2.505751,-4.205162,1.717417,1.388481
-2.896756,-2.216285,0.1646423,-0.08254051,-4.886164,1.846657,0.7449474,-2.643192,-2.300451,0.9762688,0.4635735
-2.631997,-3.202278,0.4993553,-2.729736,-3.713788,-0.4043159,-0.05681229,-0.3622227,-3.901889,0.2239838,0.5821056
-0.9689808,0.8599968,0.861351,-0.01458549,0.4856873,0.741312,0.4331818,-0.1105518,0.5133018,0.1898918,1.569956
-4.079432,-3.795986,-0.1716442,-2.494671,-3.405641,0.3554039,-0.516573,-3.061082,-2.710611,-2.294459,-0.9969673
-3.330849,-3.795986,-0.1716442,-2.494671,-3.678019,0.3554039,-0.516573,-3.00147,-2.710611,-3.144589,-0.9969673
-3.888278,-4.075851,0.9807549,-2.795653,-1.70936,0.3347664,0.750351,-2.558474,-3.678679,0.1504002,0.2019711
0.4402924,0.6771584,2.307497,0.01179695,1.111177,1.949701,1.50815,0.4340343,0.2813816,0.7716923,1.90881
0.4402924,0.6771584,2.307497,0.01179695,1.111177,1.949701,1.50815,0.4340343,0.2813816,0.7716923,1.90881
-3.502983,-0.8259277,-0.7871132,-3.475522,-1.070887,-0.7312279,-1.367334,-2.908316,-2.720756,-0.6789112,-0.5409584
-0.2703381,-0.01461411,1.43104,-0.06637955,-0.3865204,1.240496,0.9131451,-0.4677296,-0.2496948,0.02560234,1.488129
-0.2703381,-0.01461411,1.43104,-0.06637955,-0.3865204,1.240496,0.9131451,-0.4677296,-0.2496948,0.02560234,1.488129
-2.724512,-2.965927,-2.75521,-3.399182,-2.270914,-0.9475098,-3.829206,-3.289909,-2.526544,-1.231302,-2.507057
-2.865922,-2.135609,-2.872478,-3.658874,-1.968355,-0.6502781,-3.490322,-2.322937,-1.293428,-0.5177422,-3.272067
-2.510302,-2.135609,-2.198791,-2.740695,-1.968355,-0.6502781,-3.785731,-3.295392,-1.293428,-0.5177422,-3.466507
-2.771948,-2.59252,-2.417925,-3.296518,-3.093044,-1.42168,-2.704717,-2.557133,-2.16313,-0.7813702,-1.552519
-3.516819,-2.878605,-2.521773,-2.633431,-2.514268,-0.9986153,-3.405509,-2.990528,-3.379739,-0.9567394,-3.369003
-3.420806,-4.251245,-2.840254,-1.838161,-3.535987,1.12406,-3.842643,-2.776716,-2.853858,-1.859571,-3.327234
-2.835184,-0.6712093,-3.103882,-2.766747,-2.48386,0.9711399,-3.783569,-2.713086,-4.541402,-0.1883316,-2.903873
-2.952328,-3.659096,-2.215733,-3.601034,-3.522995,0.4572754,-3.947804,-2.761298,-3.445549,0.2804699,-0.7145557
-2.765197,-3.556741,-2.231737,-3.299562,-2.68106,-0.2795105,-2.609322,-2.544565,-3.952925,-0.1891174,-4.035718
-3.299629,-3.411645,-3.119443,-4.177617,-2.997959,3.314856,-4.162261,-2.429105,-3.2752,2.402672,2.753847
-3.387732,-2.871214,-3.112814,-2.694571,-3.468063,-2.154793,-2.661065,-3.641741,-3.160489,-1.720953,-3.343694
-2.2744,-2.896554,-2.487168,-3.192911,-0.6927395,-0.7926807,-2.609463,-2.863416,-0.5224495,0.1891766,-3.023658
-2.351791,-3.520804,-3.132321,-3.276565,0.7280006,2.606571,-3.392297,-2.475377,-3.881752,2.283474,-3.355492
-4.213735,-3.591421,-2.80469,-4.101557,0.7280006,2.606571,-3.731278,-3.317172,-3.391509,2.283474,-2.198937
-3.018265,-2.590492,-1.62281,-3.542839,-3.232596,0.652216,-4.207177,-2.850309,-3.329798,1.43898,-0.1298561
-2.765886,-3.759956,-0.6570053,-2.421363,-4.376841,-0.2556725,-3.760967,-2.696586,-3.319621,-0.6139584,-3.883905
-2.986691,-3.295384,-3.457198,-2.507861,-2.153502,0.4085445,-2.573441,-2.972022,-3.567925,0.4030266,-3.597737
-2.023198,-3.877741,-2.514726,-3.08754,-2.437979,0.9365826,-3.065336,-2.937897,-4.275399,-1.693161,-3.052809
-3.11432,-2.381253,-3.378021,-2.703813,-2.993356,0.9365826,-4.226425,-2.731489,-2.973053,-1.693161,-2.550806
-2.721443,1.312744,0.051651,-0.3320351,1.482365,2.22238,-0.2313843,-2.7809,0.9476967,2.778238,1.015245
-2.473297,-3.075306,-2.761708,-3.320227,-3.721333,-0.6533337,-4.262129,-3.240107,-2.965083,-0.2982597,-3.812593
-3.238088,-3.642993,-2.420508,-3.117909,-3.721333,-0.6533337,-3.093915,-2.467627,-3.183106,-0.2982597,-4.047842
-2.532206,-5.342421,-1.724766,-3.190606,-3.56841,-0.8346424,-2.315927,-3.323016,-4.028806,-0.6188011,-4.251303
-2.56874,-3.12541,-2.744209,-3.048418,-3.646203,-1.450365,-2.886528,-2.652939,-3.776374,-0.6308231,-3.159821
-2.562501,1.814045,-3.265036,-2.785703,1.399218,2.330872,-2.518852,0.6160622,1.410746,2.758503,-3.25094
-4.294967,1.814045,-2.298786,-3.124983,1.399218,2.330872,-3.113342,0.6160622,1.410746,2.758503,-4.719267
-3.454467,-2.36409,-2.811678,-2.886665,-3.543133,-0.1373863,-1.387051,-3.568842,-4.083693,-0.2072334,-3.380199
-2.641664,-3.275534,-4.336333,-2.955196,-4.685496,-1.823978,-3.190774,-2.802526,-3.534081,-2.247263,-3.698649
-4.037347,-3.618852,-1.69006,-3.002841,-3.063597,-0.535202,-0.9112453,-2.511326,-2.904639,-0.01035118,-3.284262
-3.301698,-3.917153,-2.905782,0.05190659,-3.764716,0.7775459,-3.198292,-2.791888,-2.832926,0.9470043,-4.263642
-1.01309,-2.953696,-1.268835,-0.6112785,-2.174739,-0.05482864,-2.561925,-2.837395,-3.904124,0.2636967,-3.152018
-1.975942,-3.208873,-1.843807,-2.789815,-3.192258,1.468699,-3.594018,-3.144537,-2.482343,1.28742,-0.08357239
-0.5453701,-2.343849,-2.100212,-0.8671799,-2.184672,-0.9521599,-3.426745,-2.221432,-3.205756,-0.4647865,-3.592465
-3.54052,-3.341297,-3.83245,-2.239497,-4.036148,-0.8488865,-2.233477,-2.460217,-2.719337,-0.5423965,-3.258522
-2.680789,-2.848125,-2.585304,-2.831802,-0.1204472,0.3099747,-0.8461685,-2.745091,-2.784945,1.223772,-0.1683731
-2.105147,-1.450659,-2.699227,-3.329204,-2.064667,-3.508863,-2.809163,-2.499249,-2.021265,-3.2849,-3.20875
-3.236846,-1.562111,-2.65338,-2.915353,-1.417458,-2.827014,-2.665867,-3.335924,-2.536745,-3.458521,-3.186797
-3.246457,0.1087456,0.5672112,-3.779273,0.05345917,-3.931157,-1.195591,-2.848087,0.0801754,-3.767483,0.320055
-3.666935,0.4748573,-3.093592,-3.081562,0.4840279,-4.021856,-3.637029,-3.122008,-0.3395653,-2.917161,-1.912092
-3.086818,0.4748573,-2.770074,-3.400525,0.4840279,-2.234078,-3.919559,-3.00989,-0.3395653,-2.48465,-1.912092
-3.183226,0.4748573,-1.121125,-3.988923,0.4840279,-4.301301,-2.949839,-2.335934,-0.3395653,-3.149483,-1.912092
-1.948565,-1.369596,-3.853923,-3.979196,-1.349792,-2.874184,-3.880574,-1.952787,-1.659864,-3.284944,-3.613999
3.299328,5.100584,2.658537,4.217281,5.364174,2.957237,2.617079,3.312235,4.015894,3.440025,3.240839
-1.729639,-0.3398132,-2.653938,-1.998523,-1.525282,-3.122967,-2.344754,-1.941355,-1.101124,-4.756287,-3.06769
-1.729639,-0.3398132,-2.546035,-3.083256,-1.525282,-2.166084,-2.928511,-1.941355,-1.101124,-3.928047,-3.06769
-2.691155,-1.187822,-3.466209,-3.37397,-1.531107,-2.968634,-3.087924,-2.24229,-2.415215,-3.540714,-3.391427
-2.752718,1.896904,-2.176426,-2.737468,1.935923,-3.626867,-2.368282,-3.535291,0.2636528,-2.942844,-2.41961
-0.7481003,-0.1168594,-0.5727329,0.1490498,0.601656,-3.247941,-2.432179,-0.1571674,-1.078876,-3.414549,0.1943798
-0.6639786,1.382338,-2.941104,0.5332623,1.359507,-3.579043,-2.780023,0.5570698,1.810102,-2.37582,0.6651268
-2.232962,0.3419437,-2.5405,-1.015451,0.4146538,-1.273458,-3.440552,-0.8741093,0.4704781,-3.807995,-3.298635
-2.90487,0.6651726,-1.969798,-1.301819,0.161684,-3.460929,-3.037583,-1.067646,0.6833763,-2.098049,-3.613784
-2.232962,0.3419437,-2.387342,-1.015451,0.4146538,-1.273458,-3.435299,-0.8741093,0.4704781,-3.953878,-3.085689
-3.158256,0.6651726,-1.856372,-1.301819,0.161684,-3.963768,-3.581591,-1.067646,0.6833763,-2.098049,-1.968689
-1.929329,-0.1557732,-3.543388,-1.301819,0.161684,-2.458834,-3.043108,-1.067646,0.6833763,-2.098049,-3.411786
-0.6639786,1.382338,-0.1942863,0.5332623,1.359507,-0.1785011,-0.1609631,0.5570698,1.810102,-2.37582,0.6651268
-2.401815,0.3946934,-2.181491,-0.9458618,0.8751945,-3.368192,-2.369614,-2.626644,-0.3884716,-3.899186,-2.234116
-2.73109,-0.8367786,-2.939489,-1.947136,-0.8660011,-2.420642,-2.156618,-2.756629,-1.348129,-2.946898,-2.186296
-2.18912,-0.136425,-1.109911,-1.059896,0.04506493,-2.298358,-2.143124,-1.028059,0.2233944,-3.320704,-0.00494957
-3.86425,-0.136425,-1.109911,-2.67543,0.04506493,-3.368073,-3.219117,-1.930126,0.2233944,-3.151628,-0.00494957
-3.168693,-1.423983,-3.40486,-2.158034,-1.246563,-3.347495,-2.676811,-2.278268,-2.402709,-3.80707,-4.083138
-2.484629,0.7283363,-0.6376095,-3.355875,1.171303,-1.616819,-2.384841,-2.579175,0.2206326,-2.366282,-0.9878445
-1.102831,0.9087124,1.152962,-2.734981,1.523359,-3.83883,1.468527,-2.189778,0.4437351,-3.795828,-3.069808
-2.11449,1.833828,-3.157779,-3.004228,1.868357,-3.070263,-4.235886,-3.292933,-2.661255,-2.834433,-4.140066
-2.995925,0.5190964,-2.812384,-3.317925,0.05301285,-3.119496,-3.304697,-2.630687,-0.3324528,-3.416824,-3.321203
-3.949718,0.5190964,-3.254506,-1.712402,0.05301285,-2.257152,-3.112137,-2.671778,-0.3324528,-3.102338,-2.740294
0.4130325,2.173971,0.8051205,0.7510567,0.7772236,0.2542477,1.265446,0.870369,1.987629,0.008878708,1.554144
-3.460533,-2.36727,-2.742544,-3.118253,1.590065,-3.787047,-3.64811,-1.451586,0.4927349,-3.471125,-3.686301
0.4616337,1.488064,-2.370948,0.1546707,0.9527817,-3.681098,-0.3344173,1.173595,1.187292,-3.233994,-3.136342
0.4616337,1.488064,-2.347586,0.1546707,0.9527817,-2.136376,-0.3344173,1.173595,1.187292,-3.233994,-4.37837
0.1558647,1.515875,-1.323738,0.1819344,1.608706,0.5869732,-0.6013908,0.6043835,1.557299,-0.4094067,-0.3818722
0.8124008,1.515875,-1.323738,1.539499,1.286718,0.1564484,-0.297266,1.259209,1.557299,-0.4094067,-0.3818722
0.2192917,0.1640739,-2.133806,0.3480206,0.8917618,-0.903944,-1.610683,-0.4187164,-0.2451077,-0.565176,-1.885546
-2.834158,1.158186,-2.317579,-3.553791,0.2997017,-1.695168,-3.193599,-3.204124,-0.3388329,-0.6826286,-0.5988274
-2.733216,1.158186,-2.762092,-2.109983,0.2997017,-1.695168,-2.90696,-2.179859,-0.3388329,-0.6826286,-0.5988274
1.234959,2.362816,1.713139,-2.976341,2.022585,-3.369744,1.124386,1.612818,2.294571,-3.085315,2.01255
1.234959,2.362816,1.713139,-3.709855,2.022585,-3.663288,1.124386,1.612818,2.294571,-3.313436,2.01255
0.1316128,1.053053,0.8553791,-0.1895256,0.374958,-3.80293,-2.722664,0.2700272,-0.1857719,-3.448138,0.3425217
3.097391,3.794222,2.824947,2.584007,3.341898,2.598917,2.210581,3.271523,3.667446,1.843559,3.274746
-0.4000492,1.16361,0.02945518,0.06832695,0.2413368,-0.6569443,0.2404995,0.625267,0.8271751,-1.559893,0.3211956
3.097391,3.794222,2.824947,2.584007,3.341898,2.598917,2.210581,3.271523,3.667446,1.843559,3.274746
-3.830913,0.1040878,-3.361725,-2.618714,0.3061771,-3.202573,-1.542616,-3.129091,-0.1104279,-3.925072,-3.268181
-2.764341,-0.2331123,-2.02599,-2.656806,-0.958353,-2.383027,-2.681282,-2.669059,-0.4706116,-3.845366,-2.352005
-0.8761444,-0.7301979,-3.264137,-3.464596,-1.200115,-3.462249,-3.473253,-3.85559,-0.4841957,-3.172271,-3.102737
-0.8761444,-0.7301979,-2.383955,-2.47999,-1.200115,-3.337821,-2.960693,-2.617107,-0.4841957,-4.008413,-3.625667
-2.310355,2.920319,0.8524246,-0.2646542,2.515533,0.8169193,-2.256711,-2.785603,2.112036,1.273302,0.9436798
-1.324629,-0.7011642,-1.363955,-0.381506,-0.9137936,-2.640724,-1.726019,-1.890314,-1.241447,-2.859669,-0.8364525
-3.195668,-1.769527,-2.613996,-2.945482,-2.207113,-2.693514,-3.18453,-2.545376,-1.818703,-2.212427,-2.355673
2.46261,1.698994,1.88677,2.318422,1.539989,2.190622,2.121202,2.263382,2.001007,1.878067,1.994272
2.46261,1.698994,1.88677,2.318422,1.539989,2.190622,2.121202,2.263382,2.001007,1.878067,1.994272
-2.525637,-3.726699,-3.137019,-0.8971539,-2.86615,-2.648697,-4.004894,-0.7180138,-3.962219,-4.031953,-3.325645
-0.3338356,-1.757446,-3.033122,0.674633,-4.380699,-3.280465,-2.714347,-0.07887077,-3.06365,-2.971092,-0.2710762
-1.383713,-3.153287,-1.838627,-2.627445,-3.831755,-3.952425,-2.922307,-1.469612,-2.511917,-3.694231,-2.400959
-3.220807,-3.355442,-3.339059,-1.054392,-3.208966,-4.179804,-3.259172,-0.7090645,-3.049831,-4.252374,-3.966106
-1.150852,-3.470584,-3.182937,-1.054392,-3.600642,-2.7537,-2.801259,-0.7090645,-3.235791,-3.802952,-4.207505
0.1022606,-3.448985,-3.041235,-2.480307,-2.730181,-2.848053,-3.165744,-0.8246555,-3.402621,-3.924473,-2.77991
0.4145966,-3.99613,-4.341829,-2.846845,-3.604318,-3.362163,-3.810396,-0.7084866,-4.139743,-3.302626,-3.25168
-0.16786,-3.438055,-2.766103,0.8750267,-2.759111,-1.921065,-3.417993,0.1752243,-3.175785,-2.980631,-2.852573
-1.4305,-3.696547,-2.78907,-0.2352314,-2.683858,-2.800397,-3.370271,-1.472178,-2.493655,-3.125667,-3.108111
-1.532301,-2.186669,-2.385342,-1.946011,-3.052309,-3.461702,-2.650719,-2.560792,-3.313419,-4.043149,-2.741977
5.122314,4.325983,3.36647,4.703529,3.149834,3.349157,3.566376,4.932743,3.588661,2.46191,3.87393
-1.830221,-2.762348,-3.434606,-1.797632,-3.151746,-2.143802,-3.320912,-2.157173,-3.112029,-2.930636,-3.729358
-0.1419735,-0.8489933,-1.482483,1.525646,0.1420727,-1.35804,-1.015923,1.01671,-1.133682,-1.031933,-1.127201
-1.904858,-1.482214,-2.720313,-0.7130566,-0.750206,-2.550806,-2.417517,-0.03456879,-0.5369091,-1.840378,-2.408735
-1.364315,-2.973277,-3.576708,-1.485218,-3.000465,-3.482405,-2.160457,-0.9486637,-1.291338,-3.446846,-3.895597
-0.6846504,-1.031725,-2.048376,0.6328411,0.08711624,-3.968948,-1.946535,-0.2729092,-0.9913464,-3.12799,-2.258002
-1.29693,-4.249049,-2.611328,-0.7558422,-3.028278,-4.015515,-4.551063,-0.8895321,-3.931023,-3.607399,-4.274219
-1.836222,-2.358617,-3.386097,-2.36245,-3.380283,-3.884245,-4.035136,-1.62834,-2.953261,-3.063753,-2.869778
2.995188,1.571465,1.317106,3.331795,1.786839,2.551271,1.811537,3.71727,2.171686,1.62269,1.926212
2.995188,1.571465,1.317106,3.331795,1.786839,2.551271,1.811537,3.71727,2.171686,1.62269,1.926212
-0.8144379,-0.6805649,-2.225601,-0.5646133,-1.704226,-3.924643,-2.899665,-0.8678379,-0.7565002,-3.58099,-3.041996
-0.8144379,-0.6805649,-3.168456,-0.5646133,-1.704226,-3.006836,-3.716247,-0.8678379,-0.7565002,-2.808176,-4.191291
0.05909348,-2.646823,-2.61139,-1.534634,-2.670719,-2.244143,-4.25679,-0.3624153,-3.528857,-1.899907,-3.568529
-0.0507431,-4.203436,-2.726928,0.1993713,-2.90985,-2.337743,-2.427504,-1.798288,-2.989029,-2.746916,-3.30637
1.381121,0.9648151,-1.531986,1.085827,0.9577579,0.4884014,-0.156374,0.6326599,1.130394,0.3299675,0.292181
1.381121,0.9648151,-1.531986,1.085827,0.9577579,0.4884014,-0.156374,1.287304,0.7363377,0.3299675,0.292181
1.381121,0.9648151,-1.531986,1.085827,0.9577579,0.4884014,-0.156374,1.287304,1.130394,0.3299675,0.292181
-1.258076,-3.376553,-2.147388,-1.291973,-3.524648,-2.164458,-3.783055,-2.055235,-4.015877,-2.240601,-3.709255
1.096296,0.7618217,-0.7208691,0.5281448,0.1553898,-2.074714,-0.3097839,1.543734,1.423948,-0.2748775,-0.5020084
3.489992,3.04911,2.794607,3.211349,3.208344,2.894361,2.881805,3.449987,2.985741,2.446466,3.017368
3.489992,3.04911,2.794607,3.211349,3.208344,2.894361,2.881805,3.449987,2.985741,2.446466,3.017368
-2.151237,-2.329964,-3.421786,0.1204357,-3.517701,-4.376318,-1.765232,0.2322941,-3.327224,-3.987392,-3.14008
-2.151237,-2.796428,-3.171749,0.1204357,-3.474931,-3.709595,-3.558636,0.2322941,-2.672986,-2.793059,-2.785678