C1_lung,C2_lung,C3_lung,V1_lung,V2_lung,V3_lung,V4_lung,V5_lung
2.700540304,2.042953253,4.755652428,1.645199537,0.554897666,0.775550783,1.106080532,1.515009761
0.097046919,0.053051695,0.151329935,0.249367863,0.561484039,0.360252887,0.344919086,0.352693975
1.285372376,1.112885952,1.06573534,0.953183711,1.041689992,0.837635279,0.768988669,0.879672825
5.461984634,4.112039089,8.324612617,1.933415055,1.675973892,0.044192888,3.03697443,2.47461772
0.717329264,0.104743332,0.144685656,1.445751309,0.730731487,0.847086489,0.938814342,1.131265998
0.193496734,0.265342832,0.355484933,0.208547249,0.117779568,0.055469312,0.05622739,0.07529448
2.366229296,2.522286415,2.693234921,1.390353203,1.247232318,1.42716074,1.849439621,1.532214642
15.23658752,9.590341568,18.8534832,9.155237198,6.122127056,9.405879021,7.361649036,9.211979866
1.447163224,1.621517181,1.975238204,3.116082907,6.124228954,6.555533886,2.482290983,3.701500893
3.298957825,3.32474494,4.202158451,1.598536491,1.524138212,2.536957502,2.083183527,3.057773829
3.676804304,4.020759106,4.994860172,3.176231861,2.889188528,1.760103106,2.473471165,2.983927965
1.577074528,1.489970207,1.898336649,1.354187489,0.517621875,0.766034424,0.955831528,1.495114684
0.96873796,1.162170172,1.411278129,0.656922817,0.535909474,0.549960911,0.771582782,0.794498742
0.193670377,0.230015829,0.422200114,0.180081978,0.057923485,0.051717509,0.091112763,0.096241325
0.142153442,0.074926414,0.095419034,0.179710373,0.227133557,0.171203226,0.159895524,0.173205197
0.35382092,0.229500547,0.085868306,0.533943772,0.357798487,0.480152518,0.304323494,0.576465607
3.928985119,9.385697365,9.269294739,15.03103352,24.49446106,12.99635029,15.01175976,17.68054199
0.8979159,0.86050272,1.143898368,0.528273702,0.328226596,0.455481708,0.621748745,0.563579679
4.659591198,3.83488512,8.497476578,4.242203712,1.924467564,2.149785042,1.746264577,2.209324598
32.73986816,31.69715309,47.90225601,31.99065208,9.923274994,7.396689415,15.95012474,18.64804459
4.719027519,4.724133968,6.231544495,3.548731804,4.43070364,3.059118748,4.176466465,3.335811138
0.437900394,0.186143175,0.254359007,0.089636125,0.05041936,0.148686618,0.101730898,0.060567956
0.110444918,0.186421007,0.21367912,0.078127503,1.151520491,1.247783899,1.195109367,0.979007304
3.152026176,2.896499634,4.210241318,1.454601169,1.382146835,1.834278464,1.252075315,2.746849298
1.109532952,1.467297196,0.097713143,1.871274233,2.393462658,2.875733376,1.877870798,2.207412958
0.277325362,0.556627035,0.441767842,0.076627582,0.125381857,0.140825838,0.054535661,0.246502399
0.165461227,0.208229944,0.173902065,0.129089728,0.120340504,0.137661323,0.157612756,0.101798356
0.157213435,0.082027256,0.100708954,0.468239993,0.274488509,0.22243081,0.429510236,0.324702621
3.130528688,1.838087559,3.17996645,1.989694238,1.460271835,1.512710214,0.956696212,2.044533968
1.014550328,0.738341451,1.134647727,1.308252215,1.975161076,1.829552889,1.460569978,1.393231273
0.965766132,1.151385784,1.564427137,0.616734326,0.492642969,0.557978094,0.685805202,0.970652699
0.793940544,0.739335239,0.97336942,0.547850788,0.312664658,0.314688444,0.359746814,0.534444928
0.193076044,0.263057142,0.261904329,0.349092036,0.419737965,0.409790128,0.418718874,0.375318617
0.551215768,0.372888237,0.233694464,0.610336363,0.493623853,0.656042278,0.626418114,0.656117201
1.83056736,2.460892916,2.117734909,0.711286545,1.676289201,1.775844097,1.508404851,1.334041357
26.94326019,20.73908043,16.19650459,16.52708626,12.70039272,16.52978516,11.00581169,12.46530724
0.078117713,0.046358213,0.104787134,0.651022911,1.13929379,1.279689789,0.723298311,0.705359697
2.378965616,2.862195969,3.454868317,1.571450472,0.811343849,0.637628794,1.576300502,1.6004318
5.91200304,9.898411751,5.328442574,13.72078609,16.53061676,15.50058556,16.77331161,10.33736801
0.103436284,0.173458621,0.126468122,0.064318351,0.069156386,0.078493685,0.085777156,0.07782498
32.6792717,23.81427574,57.90505981,21.48303032,21.58176994,13.10161495,17.62866783,13.36023903
1.435507536,1.429607272,0.353436083,0.094074726,0.121444032,0.189407989,0.055293791,0.07378111
2.707140207,4.097316742,4.181133747,2.739981651,2.376401424,2.381110668,2.776632547,2.625530958
0.143006563,0.209989309,0.212548703,0.091115624,0.108817972,0.083564736,0.109317936,0.127984256
4.763025284,5.30310297,5.465800285,3.902765989,2.907160759,3.967866182,4.357014656,4.397479534
2.587417841,2.219993353,3.880489349,1.955290794,1.023122191,0.784610927,1.322772622,1.61183095
0.13338995,1.290772557,1.125537276,4.333767414,3.69814992,4.078999043,5.024558067,4.200297832
0.11428383,0.12803562,0.189750269,0.09349858,0.033064734,0.062042098,0.079041086,0.110567115
1.370822191,1.209724307,0.74126327,2.018849134,2.127732515,1.822545886,2.178299665,1.790993929
1.178965688,1.148036361,1.652214408,0.82579875,0.700287282,0.728946686,0.599439681,0.846254587
0.340667695,0.412050486,0.3311297,0.158639178,0.119377099,0.269159824,0.308781832,0.277492225
27.19953537,31.27203369,27.62380981,20.78806686,10.60643387,13.19286823,16.17494583,22.89577866
9.369743347,5.350214958,11.15912819,6.473066807,5.266254902,3.274996758,4.370849609,4.625813961
0.057952572,0.065116808,0.193054795,1.586123586,1.66185534,0.953949988,0.092669845,1.396098852
3.218718767,2.713313103,3.222248077,3.445023298,3.454246044,4.443684101,4.301328659,3.627867699
20.77691841,18.43829346,30.21631622,14.44601917,8.057384491,14.23575783,15.38323116,19.4300499
0.599305272,0.693142951,0.972248197,0.551566899,0.290835202,0.345163614,0.494846433,0.585209548
0.380833656,0.500570476,0.152300939,0.494674742,0.598304331,0.607547939,0.470773369,0.632398784
0.165019721,0.184792265,0.24040021,0.08227139,0.115575947,0.113322906,0.117933728,0.142668501
0.054059602,0.039806169,0.224572912,0.741475761,0.778832674,0.520629644,0.669687331,0.139545575
2.07062912,2.114100456,2.200523138,1.40219152,1.221237421,1.389649391,1.590377688,1.71035111
0.068653703,0.117578849,0.09629564,0.239387766,0.298125684,0.284591317,0.37382403,0.244842127
1.010961056,1.264639854,1.389880419,1.054516912,0.677200079,0.790216446,0.870330691,0.696898878
0.312400639,0.291858375,0.339170218,0.520190001,0.728699505,0.632186174,0.435493916,0.735131621
2.953338623,2.428760767,2.263128281,1.210328698,1.086918473,1.590275168,1.656751513,1.881938577
64.77807617,76.98847198,81.83516693,43.50624084,50.71118927,54.66692734,53.52103043,50.52393341
6.835198879,6.496742725,9.348720551,4.867059708,2.11603117,1.812214851,6.297385216,4.837509632
1.12273252,1.879421353,0.473930091,2.934755802,2.46374011,2.861686945,1.776010036,2.829439163
8.2952528,9.725054741,11.56419468,8.495134354,4.541759491,4.330269814,7.034103394,5.169215202
4.372057438,4.724870205,5.220986366,4.150640011,3.201478243,2.836071014,3.4083426,3.524391413
0.347692013,0.261743158,0.448314756,0.120400742,0.212321311,0.215529263,0.237164497,0.233747527
0.719876528,0.642497003,0.349705637,0.86246264,0.883162796,1.135966659,0.741422236,0.891496718
0.39540717,0.397990346,0.729256213,0.255777329,0.202844724,0.159095958,0.366906494,0.348746806
110.5364761,46.78861618,100.4158173,42.85879135,28.48584557,29.04673958,27.0489769,30.48640823
0.218375146,0.187356919,0.174420014,0.104210407,0.089016952,0.107749976,0.073660359,0.072554946
3.93670392,3.854024649,4.945804119,3.375833273,2.056859732,2.061302423,2.894957304,3.048711538
1.482593656,1.595531702,1.843860865,1.216496825,1.166935205,1.223699689,1.275940776,1.400311589
0.302022398,0.308667988,0.401532412,0.22473374,0.186498031,0.223816976,0.256018251,0.297691882
4.61559248,3.63675499,7.014575958,2.981035948,1.03524375,1.302470326,2.221292257,1.715378046
49.20494461,46.02672195,43.60913467,41.2037468,11.55584431,13.23784447,19.40059471,25.13876915
35.11346817,42.65522003,36.55905151,27.41743851,14.69905949,16.71783257,15.49460506,24.87290764
1.083326936,1.523206592,0.636423051,1.347559571,1.727543354,1.86266458,1.921485901,1.782427073
9.46275425,10.53664112,21.58194733,7.805531502,1.744884968,4.038587093,5.59802103,7.266708851
6.793516159,6.484596252,8.717529297,4.749827862,5.994605064,4.9696908,5.252144814,6.005734444
7.471633434,6.056534767,8.205475807,5.560876369,4.971271992,4.486703396,6.472744942,5.278604031
7.851408005,9.026464462,16.41422081,7.79863596,6.820347309,5.225850582,3.905644655,5.180897713
1.461443424,1.414038062,1.692534089,1.049268246,1.178986788,1.155716419,1.112859726,1.451925755
0.076600283,0.030822717,0.14285025,0.980576217,1.093329668,1.550123811,0.035699688,0.997415781
1.922462463,2.659832716,3.630956411,1.314765096,0.845536709,0.556250811,1.843213916,1.614379764
0.897607088,0.712650418,0.109868459,1.565665483,1.406214952,1.207600117,1.858605504,1.06584537
1.0766114,1.294269204,1.085404634,0.547774136,0.442649931,0.552894056,0.741422236,1.167587042
4.678116798,4.788914204,0.176994264,6.89947176,5.807875633,6.978881836,5.879220009,5.563579559
11.11347008,16.5221386,9.202952385,18.19017792,19.84620094,17.78679657,19.79074669,17.1605072
6.939405918,6.000588417,9.677629471,6.962685108,3.519829035,2.188469648,4.637521267,4.203836918
6.037437916,5.860355377,3.125070095,1.522182226,0.916409731,0.207432941,1.818068743,4.113919258
1.974488616,1.429055214,1.257335067,0.92517817,0.592979252,0.753193855,0.879496455,1.332519054
0.12868005,0.255931377,0.252363056,0.104716122,0.077280685,0.092535339,0.165021434,0.109282099
80.2431488,94.35016632,92.24443817,114.8915634,116.4833374,132.5511627,110.7983017,110.0148697
0.52836746,0.613714099,0.762474298,0.574898422,0.186091647,0.117357582,0.260576934,0.33238107
0.431725234,0.762302577,0.162257954,0.927706718,1.455997825,1.122409105,1.465827465,0.676083207
3.133461952,3.4373734,4.025182247,2.381158352,2.65992856,2.452418327,2.5196805,2.888416767
1.803048968,2.152011395,2.726032257,2.928472996,6.07798481,6.144245148,6.754980564,5.706244469
1.845156312,2.180757523,8.018127441,9.034939766,21.53973198,37.2539444,14.56696129,20.00991058
0.051928189,0.158778027,0.189828515,0.641598344,0.869744956,0.601062477,0.523588836,0.519151807
0.113385156,0.040158637,0.123746246,0.35078153,0.363018483,0.493156075,0.14462398,0.357405841
4.766885757,3.521991968,6.484302521,3.277449608,1.718539834,1.653532863,1.891221642,3.004743814
19.95252609,14.94497395,18.05737495,12.12780571,12.00777721,7.781580448,14.31274128,10.58057308
0.394519508,0.635687768,0.147575662,0.744655609,0.708029687,0.72158128,0.852621794,0.652754128
1.527672648,1.824321747,0.087738678,0.109432407,0.129261345,0.054418933,0.049269248,0.059254892
2.695329905,2.494534254,3.220893383,1.737606287,1.496461511,1.709034085,1.90654397,2.412984848
0.16264376,0.186473534,0.204332933,0.070672072,0.046163402,0.032252178,0.100858659,0.083672464
0.610459268,0.446832776,0.589142203,0.082886592,0.039813709,0.308789611,0.290654421,0.354184359
28.83597183,24.67186737,39.21836472,28.44686508,16.09339905,11.82570839,14.79973602,13.62645149
5.648398399,4.836762428,4.871518612,6.707532406,6.610145569,7.194303036,7.697496891,5.731025696
1.77537632,1.765283942,2.036301613,0.998544157,1.185187817,1.462944984,1.457111239,1.319951892
1.910305023,1.342007399,2.272565603,0.893533051,0.814111531,0.812051892,0.815405369,1.074412227
2.177576303,2.589384794,2.676182032,2.176882982,1.495515704,1.692706347,1.846292257,1.852909803
64.34196472,4.761677265,25.88488388,85.67926025,148.3639221,71.73771667,70.48631287,144.0314331
7.244692802,3.125878811,9.480003357,4.54486227,2.737002373,1.724872947,2.966761351,2.862503529
0.157383248,0.142125219,0.195692882,0.04479672,0.058292866,0.062180836,0.083377406,0.074024975
5.663064003,6.490485191,7.756494522,5.121446609,3.235706329,4.085842609,5.129012108,4.34791851
0.524971068,0.08960218,0.131463319,0.765726745,0.675623596,0.701114595,0.750968456,0.45571366
7.085296154,6.655011177,6.648290157,4.837943077,5.99495554,4.790119171,3.990038633,6.242918968
21.8162899,16.33000946,31.2581768,17.02283478,12.71160316,13.18472099,15.14492226,15.21204948
5.829795837,6.783097744,6.459073067,4.962454796,2.687324762,2.540314198,3.559767485,3.792126894
0.092530556,0.112808712,0.133264825,0.13102062,0.134921506,0.158747226,0.159681112,0.150792971
0.343844086,0.378924519,0.466295958,0.127649203,0.265772134,0.137970939,0.196983933,0.318079144
38.74565887,19.90981865,22.87843323,21.58416557,13.17965221,7.219397545,8.935391426,16.0683918
2.222887039,2.623688698,2.887357473,1.99394691,2.290463686,2.111654282,2.216173172,1.884027123
9.142028809,10.30807018,13.27648926,7.881771564,6.035594463,6.283730507,8.703652382,9.342253685
1.253685832,0.813647926,0.151617527,2.013102531,3.710061789,1.900078177,1.874965429,2.787878752
0.083183721,0.072218768,0.073305503,0.345199585,0.247232348,0.201518729,0.335722208,0.466546237
1.01987648,0.624719322,0.939450562,0.424603462,0.283215404,0.281951517,0.601653278,0.474936247
2.661790848,2.166255713,3.616940737,2.067389488,2.143988132,1.975264192,1.522274613,1.770638585
4.190274239,4.565865517,6.857596397,3.747950315,3.549257278,3.050352097,2.570731878,3.578306437
1.035893559,1.066914439,1.155391455,1.401846647,2.258267879,2.467214108,1.704620957,1.86353004
1.720918536,2.896646976,4.924313068,0.081062533,0.064729437,0.078744844,0.133865207,0.084908843
39.2937088,32.32728195,43.64838791,26.56118202,16.13018608,15.74077797,30.74259949,28.59954262
0.624507964,0.534138143,0.143751815,0.71691823,0.768322587,0.902848363,0.717695117,0.805189729
1.333616495,1.20151639,2.169267416,0.879664421,0.319226444,0.523171663,0.93272692,0.940208137
5.67194128,2.230483294,4.507287979,1.239790082,1.445382595,2.032557726,1.415536761,0.990831137
0.866808236,1.114873528,0.579985023,1.248601675,1.68529284,2.852333546,2.292750597,2.421658278
2.070436239,2.989731312,2.103718996,2.048501968,1.422715783,1.632055759,1.622163773,1.644611955
0.122932807,0.362567633,0.382213593,0.130648866,0.127293184,0.158304021,0.057794191,0.068348564
1.095947504,1.993890047,0.169993505,1.885755897,2.381761551,2.097314596,2.289810658,1.940597534
0.152422279,0.115647323,1.167678952,1.289709687,2.062289715,1.357613087,1.324882507,1.24146843
0.602045596,0.316124976,0.224228248,0.797984838,0.918126345,0.568374395,0.812292516,1.003115296
3.898495197,5.363098145,9.204821587,9.343729973,23.81270981,23.01427269,15.23761749,13.14181423
0.792628348,0.333045006,0.956737041,1.312887907,1.349600554,1.144309759,1.118947268,1.18613708
39.66808701,23.63502884,28.74743271,22.92506027,23.87892151,20.75218391,18.33667946,19.41765785
4.253184319,5.768339157,7.400485992,4.455981255,4.620936394,3.200788736,3.343698025,3.978334665
1.305441976,1.189002156,1.606755733,1.109416842,0.986056566,1.025387883,0.900802433,0.85425514
0.960401416,1.095954895,0.578443289,2.060071945,1.969170451,1.756127,1.915951967,1.595404863
0.184604302,0.118314996,0.21048525,0.100717291,0.078300171,0.08570917,0.075875081,0.101228409
0.440872252,0.528874815,0.773687124,0.209953263,0.120557733,0.201225415,0.358812958,0.447111309
0.775646448,1.016342044,1.336385727,0.821316361,0.588565052,0.498272717,0.584497809,0.590519667
1.762948632,2.066583157,3.72318244,1.55359745,0.907335997,0.847119033,0.778189003,1.072359085
0.302153617,0.365637302,0.235965237,0.454332978,0.616661966,0.598390043,0.827268958,0.471927196
10.49247456,12.96698475,12.45141029,10.20726395,4.234865665,4.611197948,8.232567787,7.834889889
0.137524962,0.030756133,0.091184586,0.099386752,7.560608387,9.872571945,6.816546917,7.039790154
1.047472,0.887113988,1.350448489,0.628189385,0.389433861,0.263788968,0.560355544,0.749752164
0.306375921,0.216632932,0.249057442,0.645429432,0.662450969,0.295049548,0.609020472,0.499150395
2.413199663,2.713865042,2.610026121,1.626618624,0.062047001,0.083082058,1.523796439,0.130988479
12.21651745,9.006220818,13.79321671,5.932495117,5.672294617,5.188697338,7.438779831,7.52513361
1.503743768,0.625492275,1.969958901,0.801126361,0.572414517,0.357482731,0.196440905,0.557419956
35.53840637,36.05027771,36.95430756,24.79350471,17.84087563,11.98474884,17.15688896,32.98569107
0.151923493,0.077523716,0.051989499,0.080734387,0.604540348,0.594446659,0.369085491,0.434402406
0.668699324,0.698884785,0.792795718,0.692973733,0.383267909,0.458838463,0.4393332,0.583191693
0.07952521,0.555486023,0.07030239,1.200674295,1.495445609,1.071633458,0.557588577,0.477803737
0.293909669,0.145091847,0.110929549,0.249149501,0.398017079,0.324892461,0.336234123,0.304644555
0.642879188,0.89635241,0.914501965,0.461688757,0.407371074,0.539206147,0.594286144,0.430649936
3.825202465,2.762597084,1.767753601,4.02344656,4.609724998,4.400339127,4.377420902,4.156045914
1.379274487,1.497110724,0.193806767,1.470232248,2.344730854,2.3027637,1.825954676,2.762036085
29.10961533,63.17125702,55.86338425,20.85816956,15.63936424,22.31521225,19.94327736,26.10344315
0.87746042,0.808421373,1.438609481,0.538962483,0.310758829,0.372800171,0.530333459,0.637071669
0.187299833,0.333637595,0.532050073,0.580262065,0.839440882,1.069124103,0.816373885,0.613140762
0.556657672,0.993890107,0.772425711,0.305474669,0.174943939,0.327043414,0.336701035,0.554375529
8.154766083,8.002503395,11.32311726,20.75933075,15.69051266,20.36044693,21.20469093,20.57313728
3.114511967,3.250211477,4.223275661,2.678837061,1.024523497,1.637107253,1.902808547,2.514372587
0.087451704,0.072948381,0.310976893,2.120986938,1.339125514,2.412984133,1.218040943,0.279506505
1.697761536,1.237439752,3.097785234,0.94751358,0.668231487,0.924683928,1.113966584,1.14553237
9.448861122,9.46667099,9.761258125,7.424718857,4.3767519,2.92018652,6.220254421,7.46212101
0.867580116,1.355920315,1.444169283,0.720136404,0.629344165,0.523106515,0.602829278,0.900842488
0.959822536,0.593838513,0.979349613,0.44946748,0.472463578,0.484226316,0.47921285,0.617955267
0.838826716,0.652103484,0.055728495,1.000804543,1.461953402,1.534187198,0.85414362,1.208616495
1.300038576,1.270565748,1.488553405,1.684966683,1.858394027,1.944400907,1.71731472,1.669498682
9.979930878,10.87820721,10.30228043,8.180214882,7.010930061,5.109177113,8.748270035,8.697254181
7.065997601,6.765798569,6.609512329,5.273542881,6.137192249,5.297549725,5.969493866,5.61030817
0.173477426,0.195829794,0.135478675,0.120580807,0.107111827,0.032980081,0.076596461,0.054071076
1.048745751,0.807795644,1.222388268,0.791395307,0.683436096,0.677291095,0.725719452,0.802747071
3.446236849,2.565387011,3.790179253,2.000574589,2.098058939,2.387498379,2.681343555,2.333014727
0.308251649,0.361029118,0.469835341,0.220680401,0.25915429,0.157336071,0.241401494,0.147759005
5.19181776,4.039530277,7.392076492,3.748486757,3.12132144,2.567005634,3.070386171,2.895602942
1.228753448,0.908829927,0.252132654,1.7412076,1.375,1.600117326,1.689921141,1.382681966
247.352417,191.3540955,165.7213593,119.619194,53.17404556,94.25432587,55.56171036,155.4729767
0.584561944,1.108616471,1.053774953,0.600528717,0.192075387,0.223236874,0.539118707,0.717962325
0.063668057,0.128120676,0.063209333,0.357026279,0.682104766,0.497816473,0.438987285,0.113684289
0.281451166,0.370495766,0.385591447,0.274369776,0.171482623,0.215480402,0.179022551,0.287970841
4.681590557,5.60197258,5.781162739,4.460961342,3.208309889,3.988072157,3.37565732,4.577315331
0.089186445,0.100536413,0.201865941,0.257076085,0.467839092,0.484486997,0.26796487,0.285078585
7.163644314,8.1898489,0.191016972,0.233035102,0.602683544,0.732336104,0.760653079,0.103530638
23.52528,25.51069641,46.62773895,17.94996643,7.509108067,9.020009995,14.01459694,19.63749313
19.11848831,22.47193909,16.62726593,24.8367939,32.75469589,41.53304672,32.08563614,28.19915962
1.175492048,0.933821619,1.135348558,0.766952753,0.624299347,0.890138268,0.691927254,0.527470946
81.30451202,79.09749603,83.8581543,66.50449371,48.71776962,36.87589264,36.9016304,54.75432205
0.23906599,0.208307281,0.223635778,0.206187248,0.081196837,0.10418459,0.141463771,0.165632948
0.275079131,0.282918036,0.272023916,0.148103595,0.140071481,0.203682691,0.236967355,0.231821701
0.818757236,0.952813864,1.524808288,0.47850737,0.4133268,0.458740741,0.690336168,0.54134804
25.96603966,21.398283,35.70220566,22.40250397,11.14314842,10.40542221,12.45814896,20.17948532
0.253083766,0.047342084,0.10633079,0.335817188,0.459991574,0.611947596,0.306056291,0.363423944
1.205673456,0.717104077,1.316809893,0.623055696,0.375630617,0.365271777,0.451646358,0.831634104
8.363952637,7.706209183,13.14146709,11.63282585,19.27725792,18.46434593,18.13364792,14.02364635
5.411423683,5.251573563,7.708839417,3.559037685,2.324831724,2.766849279,4.790052414,5.329227448
0.075817749,0.189469874,0.9254812,1.167420149,2.441213608,3.367553234,1.622751832,3.097528696
3.055422783,1.535389543,3.214025021,1.513715506,1.513137579,1.394603133,1.237756014,1.470829725
0.334399849,0.444293112,0.395818532,0.298352599,0.174281806,0.184105724,0.184411317,0.262899995
3.508066893,2.602193594,3.75467205,2.332158566,1.532931566,1.684363246,1.506467938,2.006973743
4.927441597,3.994626045,7.108016491,3.110106468,2.986932516,3.018413544,3.957526445,2.384451866
0.543844044,0.755309343,0.763502061,0.531376898,0.174201205,0.179787099,0.350996137,0.260775983
0.339440376,0.091314532,0.116744563,0.438970178,0.328958809,0.39610222,0.68691206,0.603936553
0.14685519,0.121401057,0.169040382,0.370795339,0.475161165,0.485986203,0.208007067,0.331357956
0.583249748,0.662998259,0.748551667,0.555627942,0.383583218,0.417383671,0.601895392,0.478016138
0.154172137,0.203478247,0.24510321,0.059168626,0.034093406,0.074439026,0.129627839,0.091879055
0.383604795,0.099975221,0.325056046,0.070700586,0.135925561,0.103456751,0.138047844,0.079934709
0.060365006,0.089327313,0.17161876,0.657037795,0.75634104,1.423184752,1.999100685,0.906223416
0.346213818,0.226173207,0.400616705,0.652861893,0.599880874,0.872213542,0.389665216,0.577067375
7.964107037,8.861938477,10.55877399,8.911578178,4.52214098,4.63173008,5.626383781,6.405763149
3.110652447,3.261511087,2.590450287,2.962608337,1.741732121,1.478686094,1.944348574,2.085103273
0.613392472,0.53424859,0.64469254,1.3002069,1.984269857,1.47200501,1.208564043,1.044640183
0.207263634,0.19875592,0.104240149,0.217140466,0.239766657,0.225035861,0.233048573,0.245139465
0.303446531,0.318252414,0.162436932,0.495479286,0.496917039,0.523693144,0.548353612,0.581457078
66.91238403,27.41617012,47.45374298,23.83456802,18.78678131,19.45900154,31.13828468,24.50792885
1.455770016,0.824616313,2.107736826,0.770439029,0.508022666,0.458675563,0.755568683,0.828483403
2.876765728,2.750818968,3.051765919,1.752317905,2.375946045,2.00664854,2.476826191,2.751522064
0.335117728,0.481099784,0.073124856,0.615163624,0.713705182,0.843729675,0.59106946,0.6071226
1.28946352,1.223526716,0.607316375,0.624549866,0.480801582,0.194759488,0.474854767,0.538976192
2.268043041,2.510913134,3.251728773,1.51953876,0.632181883,0.93354851,1.906855226,1.91443646
1.047472,1.261437654,0.132281139,0.106940068,0.075783372,0.060871962,0.179196656,0.048284139
37.98031616,38.23107529,85.99326324,23.13731194,18.31137657,22.37127113,24.45075035,20.81669617
1.035468936,0.912768245,0.782050073,1.385104537,1.411890388,1.152522445,1.087437749,1.098803401
10.61404705,16.42865181,11.51513577,9.550992966,4.205437183,5.330139637,8.06689167,8.701145172
0.525434196,0.584931314,0.57447201,0.111531317,0.188211158,0.180621833,0.363586068,0.53575474
0.133452326,0.081024654,0.221700177,0.067990959,0.070183799,0.044482473,0.070735328,0.066333897
46.44152832,46.43527985,50.05138397,43.29169846,28.76751709,33.39199829,41.52602005,33.13189697
0.047811486,0.055810113,0.169083238,0.056168508,0.452003926,0.349889219,0.449744076,0.428986102
3.660864592,4.302697659,3.661558151,2.169986963,1.124019027,2.565539122,2.222744942,3.060959816
0.42666924,0.328495711,0.418449819,0.202628151,0.261582106,0.078804389,0.278949916,0.218450844
0.10444621,0.171309873,0.372397661,0.2430989,0.500840783,0.543377697,0.480803847,0.482724458
2.4094944,2.728955746,3.25383091,2.478698969,1.367642879,1.035490751,1.422973156,1.980175376
0.081797108,0.198763281,0.215968952,0.277143508,0.309995085,0.497490585,0.486234099,0.459359944
1.373678088,1.342080951,2.104513168,1.093747616,0.620165348,0.721385717,1.401978493,0.942509174
1.272327304,1.156685948,1.794243932,0.437437743,0.412976444,0.397568822,0.849647224,0.27633813
0.933462024,0.904523492,0.260398924,1.896023273,1.709571123,1.212944865,1.289568424,1.102201819
1.611038208,1.195664167,1.190945506,1.088115931,0.819997191,0.565310895,0.670482814,0.836059153
87.92359924,154.5437622,163.9459686,57.5051651,58.94408798,23.37113953,42.26964951,118.0295792
1.14897716,0.997092247,1.764670014,1.105279326,0.697869956,0.791976333,0.487444639,0.53486973
306.1906738,284.9386597,512.9882202,234.9283752,77.20009613,82.99438477,163.2471008,200.3363342
0.102455474,0.171673596,0.070208535,0.312389851,0.308793455,0.448148906,0.200581074,0.253971964
0.532960236,0.644815743,0.323704809,0.061645065,0.186739773,0.307909667,0.320040107,0.323845923
0.249224246,0.164619029,0.168179572,0.529154897,0.60436517,1.069906235,0.5928334,0.666666627
1.136202216,1.110419989,0.18116191,0.059656501,0.293606371,0.099854834,0.048479069,0.071053982
0.291810095,0.345205933,0.228486463,0.155378908,0.178198591,0.147457972,0.115112253,0.210584819
0.122617185,0.070708707,0.067972057,0.333491713,0.531074822,0.133903146,0.423249871,0.505805731
3.089849472,3.202326059,3.199868917,2.059995413,1.060923457,1.451636076,1.949778557,2.821827888
9.300269127,8.071699142,13.39516068,6.490691185,2.993553877,4.808695316,5.995780945,5.895284653
0.448436916,0.143356726,0.27066794,0.718987107,0.953405261,1.757984638,1.009788394,0.841723323
2.4862988,2.679745197,2.96935153,2.215156078,1.77210629,1.527343273,2.222987175,2.117636681
0.094450086,0.618646264,0.065971367,0.706689179,1.416304708,1.221222758,0.743912578,0.894930601
0.275978386,0.251025081,0.31256783,0.099679768,0.045376219,0.108079135,0.067074701,0.204110026
0.077948019,0.082565226,0.048898987,0.365600348,0.289875299,0.392158806,0.311870515,0.294095159
0.334303349,0.488350689,0.609278619,0.648570955,0.755079865,0.621333599,0.869500577,0.765470088
0.524276376,0.656078577,0.85941875,0.379430711,0.357798487,0.459490329,0.48215273,0.550304472
0.7429564,0.827229559,0.851195991,1.021952391,0.921629727,0.87491852,1.00058794,1.05826962
0.912852228,1.160550594,1.108717918,1.35836339,1.206137896,1.281873345,1.268054724,1.155692339
2.485642672,2.679561138,2.463371277,1.329400063,1.439777136,1.267305493,1.570524454,1.615972757
21.33577538,37.21521378,41.91272736,23.35874367,19.64475822,19.01512337,19.23284912,23.91850281
1.166499496,0.925540149,1.441693068,0.753237307,0.643322587,0.540607512,0.799045384,0.941447139
5.339251041,5.682211399,4.295224667,6.489924431,6.623107433,6.359014511,6.449225903,5.241786957
0.783712864,0.705436289,0.067516811,0.991188407,1.080962658,0.878861964,1.413357854,0.864946187
4.717869759,5.00276041,5.918052197,4.339513779,3.290008307,3.499217987,3.68635869,3.925941706
2.014897823,1.541830659,2.070734501,2.603133917,2.781705379,2.663733482,2.264976501,2.842608213
0.384010017,0.661673248,0.948747873,0.500191569,0.398927987,0.17881307,0.24895893,0.252162963
0.324851424,0.051673479,0.14247486,0.43494752,0.448150188,0.51906532,0.495538205,0.337694705
0.298020065,0.526924074,0.527798533,0.203869462,0.115649901,0.108938977,0.179584429,0.095725842
0.069784202,0.182547197,0.199149415,0.213799715,0.322277874,0.339427739,0.219341457,0.361299902
33.93052292,31.34749603,29.18145752,28.00436783,18.49530792,13.28379536,17.82893181,22.89046669
0.253658831,0.309370965,0.211348549,0.367075324,0.377522409,0.389649332,0.320026278,0.289871842
1.798958063,1.613677382,1.858577728,1.39196229,0.996671736,0.971776783,1.402877808,1.148612261
3.879583359,3.380654335,5.363482475,1.64814961,1.215912223,1.709294677,1.958563805,1.311172366
3.409224272,6.034819603,6.226405621,5.967359543,9.373598099,9.324404716,7.993912697,8.440597534
4.358935356,6.592440128,6.273593426,13.83572292,13.44485664,16.19345856,13.04614067,15.86590099
2.275607824,1.950421333,2.242758274,1.383189082,1.147596598,1.162821054,1.083736897,1.485202432
0.96796608,1.05053544,2.118388891,3.400812149,5.985495567,4.206427097,4.461469173,5.375247955
0.239853337,0.150713578,0.075422369,0.339916497,0.415919274,0.758049786,0.663772821,0.411462784
3.633500814,0.139593571,0.0725547,2.683625937,5.214756489,11.06016254,8.13157177,6.046091557
0.437553078,0.35115391,0.341333389,0.274009675,0.243241996,0.175606191,0.233743787,0.362999141
10.59397888,6.819904327,24.79396248,2.33399725,0.816318631,0.259402305,3.302331209,1.128469229
2.919953823,4.757259846,3.533451796,6.02520895,5.146440506,5.661257267,5.942515373,4.490937233
2.22790432,1.465346456,1.304475784,1.12972188,0.056660987,0.802209675,0.96129638,0.917834878
0.453145504,0.407449692,1.145813823,0.335771203,0.142348677,0.181302965,0.215986446,0.235701621
1.392280936,1.305826545,0.860726893,0.768638432,0.285639703,0.17390497,0.605042875,0.909126282
2.023311377,1.642018437,2.394318581,2.612979889,3.071853876,2.969462872,2.488413095,2.819031239
1.1715554,0.855901957,1.651093125,0.059129212,0.101297803,0.085748382,0.761829019,0.447040528
5.96912384,6.861496449,3.558212996,7.073403835,8.536995888,13.16484261,10.04358006,8.900452614
1.433153272,0.944090664,0.572696686,1.803310156,2.208484888,1.568178892,3.421866655,2.045312881
1.201775432,1.166513205,1.414268374,0.822312474,0.805563331,0.870290697,0.981218934,0.993167579
0.948398292,1.276601911,1.467015386,0.699678183,0.588950336,0.677975535,0.575712562,1.114238143
8.380162239,10.31322479,10.74051571,7.199448109,6.416759491,4.593272686,5.551673889,6.947040081
0.080279388,0.525341392,0.065007083,0.775994182,0.506411135,0.707860768,0.441546768,0.485273302
0.984137416,0.800728738,1.345682979,0.778905869,0.672015131,0.647405863,0.496160775,0.588112414
23.03357887,21.01770401,25.57512856,18.82652664,9.352228165,11.78757668,12.95724869,13.57441044
0.507410288,0.432698995,0.067706637,0.60738641,0.563621044,0.778483927,0.721361399,0.579864025
0.973292232,1.571423411,2.571014643,2.779518843,3.399102926,3.143755674,4.155714035,3.764160156
0.315459043,0.518348098,0.196306199,0.68416214,0.837829292,0.813583612,0.732809961,0.521877646
2.928714752,3.015385151,2.408241272,2.214351416,1.78037405,2.178953171,2.256640911,1.977626681
1.159745216,1.030549526,1.193748832,0.525247097,0.442019314,0.473047882,0.689367771,0.848838806
11.90621281,8.098937035,15.93814087,6.902153015,5.268007278,3.39329958,7.384822369,7.053596973
0.083392248,0.189101547,0.140985176,0.177683681,0.206327081,0.280344814,0.215442121,0.231577441
1.52585876,1.413964391,1.842739701,1.166615605,0.570557773,0.426899999,1.163081169,0.925800025
1.591316223,1.617983818,1.981778979,1.409202337,1.381376147,1.038326144,1.075954676,1.199483037
0.44017756,0.548824012,0.577759206,0.130680606,0.095192395,0.241749302,0.102378227,0.143096283
0.320293337,0.369538814,0.140244126,0.696613252,0.58152324,0.583528936,0.633301079,0.526975393
0.142365888,0.19956252,0.251636475,0.16071181,0.09366592,0.125358492,0.132889464,0.136540636
8.58278656,7.969008446,4.440151215,4.824534416,3.498914003,2.820981741,4.240108013,3.0910151
3.974527121,4.088851452,3.257615328,2.85575819,2.168231487,2.010819912,2.679890871,3.701854944
78.5874176,48.48909378,66.40348053,50.30649567,38.86280823,25.1645813,32.32395172,29.73095131
0.336302578,0.373072237,0.293463826,0.266722858,0.150676146,0.18657279,0.259234935,0.244003087
147.9429016,94.96851349,217.7256317,92.22666168,44.37359619,50.46930695,76.53916168,111.9654312
3.130374432,2.949317217,2.91197896,2.158800125,1.21020174,1.252542019,1.96378684,2.551862001
55.75838852,49.51967621,84.63371277,32.96298981,54.23205948,29.20252037,28.06447601,44.40668106
0.6715554,0.14280647,0.233914495,0.103971213,3.43809557,2.607710838,3.17677784,3.45741272
0.37427634,0.366620034,0.223667532,0.131459057,0.260832399,0.247770816,0.075222075,0.166022375
54.55808258,51.77224731,107.0454178,38.85909653,43.87261581,29.01218987,35.54579544,28.62998772
0.839945972,0.48238799,0.120952241,1.630219817,1.06235981,1.466920972,0.58096987,1.26971817
0.676997304,0.848430157,0.311580807,1.258869052,1.213179708,1.028223157,0.826611817,0.859211266
0.113392524,0.165291324,0.220599174,0.050834641,0.073017098,0.128167793,0.081457533,0.107997559
9.539559364,15.53498554,6.016633034,6.88376379,0.031753078,0.057705358,3.620642185,3.28178978
76.49943542,82.45059204,72.55653381,58.54723358,25.42215729,30.81149673,30.23830605,47.16085052
9.534543037,12.86061192,14.24547005,16.38648224,20.13312912,20.61008835,16.60072136,15.80288696
0.436240822,0.41885972,0.485469967,0.497586399,0.511841357,0.631404042,0.677607954,0.766709149
0.287495166,0.248617932,0.273551673,0.332786769,0.422260374,0.38955158,0.412423968,0.383142173
0.522848308,0.712760866,0.80723232,0.51693356,0.449691713,0.38453266,0.41487962,0.514372706
25.7865715,23.52902031,41.10913849,16.78990173,10.78755569,11.33717918,19.19376183,19.73343086
1.8286376,0.149784565,0.152460396,2.042448759,2.853909731,2.055110216,2.145061016,1.826500893
1.534774303,3.028929949,4.526957035,1.858516574,1.27743125,0.945867598,1.504427195,1.356768608
0.348077953,0.354720473,0.602364004,0.185863137,0.103335209,0.138740078,0.321513593,0.200831905
0.747086108,0.498214871,0.096017949,0.806451619,1.067194581,0.803708792,0.784656942,0.737538874
0.659320772,0.621369898,0.490095288,0.430618346,0.323090643,0.42869249,0.358017445,0.461023808
20.43188286,25.02264023,24.61969185,33.94414139,32.16717529,48.09346771,37.90814209,35.96360016
8.786182404,6.97449255,9.666416168,6.206037998,5.224565506,4.626841545,6.138973236,6.058835506
4.536086082,3.90408206,1.799336553,5.657804012,6.838214397,5.097119331,5.423353195,4.776975632
3.376032352,2.786558151,6.087179661,2.689985514,1.311448932,1.682407856,1.729973793,2.374433517
2.347008944,3.949721813,5.774154186,12.40134811,33.66276932,25.86266518,24.44521523,26.79481888
1.036240816,0.915528715,1.45561564,0.810665846,0.767867148,0.781710386,0.850961566,0.733538628
22.60980415,19.89988518,25.43589783,12.67489052,11.56530285,21.03083229,12.37479305,15.84041214
1.844037056,2.683426142,3.577555656,1.449161053,0.58387053,0.537413657,1.38274765,2.005451441
0.240683123,0.327174366,0.16640231,0.386905223,0.48069647,0.366184354,0.408446312,0.44916451
0.772558868,0.951010346,1.07428515,0.447053879,0.249376386,0.326978236,0.683384061,0.842325091
20.65302658,15.67227364,22.13838768,13.55068588,9.320697784,5.697757721,9.349750519,12.58071232
0.065476947,0.065251507,0.195377588,9.743314743,10.66493893,12.92041492,14.46631145,0.116020225
0.576920152,0.504030347,0.524341226,0.300333321,0.191052392,0.285243124,0.372302175,0.403957784
0.289687395,0.223155066,0.179975748,0.203884751,0.155885667,0.160008475,0.116501182,0.137004375
76.0555954,80.09494781,50.76153183,39.79005051,45.7434082,43.77852249,60.98851395,46.96969986
0.158182725,0.155864328,0.22664836,0.436479956,0.496531695,0.447562277,0.449363589,0.3656542
11.29255199,6.186094284,17.33367538,8.042678833,2.193105221,2.095717669,1.813572288,2.952881575
1.531146288,1.695866704,1.892776966,1.489809275,1.4702214,1.436742306,1.26252079,1.472352028
0.462639958,0.470793933,0.499112308,0.420734048,0.356046796,0.345750242,0.322848648,0.367176443
0.104897462,0.484117925,0.206629023,0.582982183,0.427024901,0.745437384,0.516913414,0.629602075
11.64376545,7.667930603,8.074192047,7.691365242,4.056894779,5.031612396,5.489415646,6.078306198
0.951910496,0.701792479,1.35068202,0.740211487,0.346825957,0.362566799,0.412043452,0.345274001
0.086296305,0.090170078,0.129358381,0.640870452,0.544282496,0.375309616,0.501141429,0.234377638
0.494751066,0.860429168,0.068333194,1.050187707,1.057315111,1.415297866,0.897205293,1.009451985
5.010807037,5.184953213,5.341057777,4.083978176,4.098935127,4.510168552,4.605008602,3.914613724
0.072618105,0.168699294,0.339331657,0.338479787,0.441844165,0.617879033,0.387244076,0.536037922
2.500000238,1.73193717,3.238459826,1.566393375,0.9006446,1.019521594,0.9238379,1.249645948
18.45503616,12.63609409,24.69444847,15.80875111,7.674467087,6.034741402,9.401286125,11.5144434
0.75858742,0.651183307,0.753504038,0.635545194,0.531600296,0.365076274,0.403189003,0.394293398
0.153280586,0.280948877,0.145060822,1.101907969,1.63855803,2.760168076,1.001037717,1.307490706
2.304091215,3.355809689,3.0351336,2.26484561,1.450006962,1.639486432,2.041367054,2.325403452
7.754534721,12.86760616,17.89431572,6.711363316,3.835131884,3.732890368,7.471984386,5.554375648
20.30838013,16.69844246,24.13380814,13.78591728,6.271370888,5.506778717,10.39118862,11.68401337
0.106762886,0.590010643,0.341789007,0.681250513,0.621076226,0.813062191,0.626072228,0.630345523
1.659166455,1.499944806,1.725471735,2.180139542,2.056018591,2.057065725,1.857014418,2.070836782
2.82612896,3.791085482,5.156045914,2.814420223,0.813866317,1.188306689,1.49647212,2.59321022
46.46855164,35.02521515,39.35479736,26.34587669,21.1816864,20.12644958,23.88696671,25.96644211
0.572597504,0.658728659,0.86395067,0.482721627,0.230286568,0.299693644,0.402912319,0.63154906
0.547356248,0.581766009,0.729396343,0.491648138,0.269993693,0.249745801,0.360403985,0.513593853
0.421690434,0.568000257,0.496028781,0.287230879,0.299215227,0.308346361,0.402739376,0.308060765
7.588190556,7.455187321,10.0205555,6.28112793,5.659682751,7.105005264,5.973299026,5.372416019
2.076302767,1.482571959,1.814146757,2.34748292,1.874474406,2.598846197,2.37382412,2.790073633
0.898842156,1.619198322,1.224397302,1.654049516,1.824656606,1.561758637,1.925463557,1.827739954
0.597529948,0.670175552,0.314324409,1.020956278,0.983604193,0.774703443,1.117148519,0.719484568
0.555422604,0.486142278,0.799383223,0.430694997,0.193291068,0.292804062,0.501867771,0.37602663
0.094946124,0.051077046,0.148706123,0.317548782,0.258117288,0.272849053,0.266826928,0.208839551
45.58472443,42.90552139,55.69986725,26.26350021,33.69639969,26.48579025,36.70448685,40.39577484
0.905557752,0.52846998,0.277901739,1.03080225,1.270950079,1.563388228,1.086088777,0.928455114
1.23678124,0.7722404,1.238132954,0.830779254,0.526590526,0.486475021,0.714409232,0.476600081
0.227996916,0.260569036,0.173623949,0.180162445,0.161403432,0.099827573,0.100480773,0.053787164
0.205715939,0.30280897,0.451671153,0.068731315,0.119415641,0.169739932,0.174225241,0.080869839
5.153222561,4.818358898,4.330731869,4.641407013,3.626681566,3.244524956,3.552850246,3.604502916
0.7788499,1.378004313,1.262240648,0.468776345,0.832153857,0.556120455,0.754980683,0.702279806
2.463682175,3.154514313,3.908942223,2.260976315,2.045543671,2.1033113,2.273415804,2.662276745
0.057391401,0.123942114,0.230756477,3.640832424,6.287135601,3.1307199,1.946804166,3.259451866
3.695561409,5.017114162,4.654456139,2.685388088,2.895740032,3.340177536,2.50121069,3.098767996
10.10034752,11.97320557,16.67211533,10.31798267,5.158001423,4.717768192,7.268609047,9.338358879
0.494673878,0.736537933,0.781629562,1.114627242,1.237002492,1.198214054,0.840931118,1.115618825
1.095445752,1.151717067,1.061483741,1.559535623,1.220186353,1.563942194,1.230596304,1.340944409
0.315507531,0.268508196,0.324861079,0.181863472,0.192471266,0.085777678,0.162444666,0.188823238
1.221767783,1.544002414,1.591384649,1.218757272,1.076653481,1.247457981,1.141429186,1.285365343
0.335812449,0.354234606,0.190380692,0.353072554,0.420228392,0.467768252,0.441858113,0.374433577
0.878888488,0.544260025,0.206291512,1.18285954,1.126016021,1.249804497,1.233190417,1.219024301
0.607410252,0.573153198,0.74098295,0.276496053,0.440863222,0.438241452,0.504496396,0.338374376
2.210613728,2.200154543,2.640113831,1.723469377,1.274208188,1.174227715,1.686151147,1.784126282
1.245542288,1.595384479,2.108998299,2.07807827,3.05868125,3.144244671,2.428092241,2.053419828
0.464067936,0.301748335,0.132379711,1.087426186,1.374614596,1.423836589,1.317169428,1.082377553
5.00192976,5.708711624,3.431975126,7.824688435,6.558295727,10.24149323,9.168511391,6.118662834
0.087396905,0.217626706,0.219435617,0.025485056,0.101597883,0.080556653,0.084618844,0.077443622
0.564569652,0.58754462,0.576948166,0.399356365,0.445207417,0.423021764,0.31877768,0.579510033
58.06251907,55.66639328,85.87647247,30.7635498,22.68498039,28.09802818,40.48491669,29.01444244
3.426630497,1.693915844,3.375116587,1.550455928,1.112037539,1.146330357,1.145406842,2.169392347
1.038093448,1.865103602,2.414314985,0.130425021,0.676464438,1.324077725,0.58390981,0.926260233
1.5764184,2.100666285,1.679172158,1.59957087,1.288782239,1.127656102,1.523346782,0.984883845
0.924083352,1.221944094,0.306516171,1.290858865,1.35422492,2.02757144,1.814229369,1.859635949
0.801698208,0.840590417,0.827228546,0.458087504,0.208891526,0.218589514,0.648346722,0.380380899
0.321196437,0.323721886,0.336254895,0.171753138,0.099061094,0.071087442,0.208152324,0.264556766
0.092417724,0.180755079,0.166603565,0.660945535,1.00413394,0.851192892,0.60002768,0.471396178
1.490389824,1.094777226,1.138338566,0.598728061,0.832013726,0.868335307,0.633889079,0.983113885
1.048166752,1.293385863,2.282236814,0.915102303,0.810468018,0.948931038,0.657062829,0.685960054
0.733191848,1.195811391,1.200756788,1.361734748,1.740260601,1.686253548,1.605457902,1.313013315
44.01389313,46.72236633,38.94225693,56.6431694,69.63986206,67.69326019,61.56267548,79.54547119
1.914743423,3.101843834,4.018174171,1.738985538,0.515029371,0.664157212,1.110888243,1.881903052
0.094818532,0.052465603,0.111529082,0.469044536,0.690197587,0.815245748,0.543995559,0.624362767
2.654341936,2.679487467,1.591338038,1.795111537,1.17408216,1.24429667,1.444037199,1.422578573
305.8162537,303.1175232,368.3469238,237.0431061,122.078186,102.8744583,174.5849457,185.0183563
24.52721596,19.57009506,29.08101463,11.38839912,21.90443039,17.95463753,12.0092001,10.05663967
10.19915009,4.934668064,8.76658535,6.894490719,2.434241772,1.962749362,3.025560379,4.741574287
0.569780052,0.084129803,0.103351347,0.931078076,0.728489339,0.969560683,0.562119544,0.730706573
0.383763045,0.355500728,0.325682104,0.101896413,0.104712501,0.126231909,0.182090491,0.166694969
42.06098175,50.59075546,36.3665657,54.80423737,75.36083221,96.11199951,84.14846802,84.22189331
29.4094944,27.26747513,21.53195953,20.15247726,11.18904114,15.92686939,18.04095078,22.18705559
0.46507141,0.40498364,0.258904487,0.042107139,0.121342607,0.051544812,0.059403844,0.114435211
13.12350368,8.620853424,17.82377052,7.935791016,7.920403957,8.766131401,5.719770908,9.17233181
2.024430752,1.834554076,0.488693655,2.463604212,2.676429272,3.350606441,2.197426796,2.24242425
113.2690048,97.87625122,183.4143066,93.15760803,53.14953232,46.82244873,58.2630043,72.51486206
2.556773424,2.800802469,3.076060534,2.34468627,2.03846693,1.927682161,1.740107894,2.596325159
55.75453568,65.8176651,83.00785828,54.46709442,53.4858551,35.74502182,50.13489532,43.16764832
1.62794292,1.877286673,1.435946465,3.488965988,6.535874367,11.7540102,5.862271309,7.208297253
1.80142808,1.562552929,3.20117712,1.487817049,0.851912856,0.74762094,1.170724988,1.148081183
3.985333681,3.201553106,8.58157444,2.191287994,1.253293157,0.813420713,2.004358292,2.151904583
3.944037199,3.560160398,7.973275185,2.525017262,2.117712975,1.984356642,1.161455512,1.444279194
1.24083364,0.686848938,1.574238539,0.765113831,0.672855914,0.420121253,0.692688167,0.494442046
39.89964676,46.28069305,67.44065857,43.92766571,17.13179779,26.42256546,32.99115372,28.38218689
0.237676561,0.195123106,0.354589194,0.165348694,0.14257288,0.146972373,0.155687675,0.052781213
2.097684383,2.475505114,2.318491936,1.695387244,2.235075712,1.948963642,1.979316592,1.819385409
2.535237551,1.892819047,2.748738527,3.437590837,4.199481487,3.087505102,3.458148718,2.974228144
9.5905056,9.508999825,10.35320473,9.663627625,8.727577209,7.710858822,8.466034889,7.912064075
3.04843688,3.236519575,4.658942223,2.739560366,1.021545649,1.704471469,2.425636292,1.990548015
1.463257432,1.141889691,1.159222603,1.727530479,1.357973576,2.220310211,2.003424406,2.245539427
1.437514424,1.378004313,2.498738527,1.174354434,0.914763153,0.629611552,1.212230206,1.130062222
0.766924024,0.639810085,0.764670074,1.455060959,1.44471693,1.198898435,1.159760714,1.787489414
0.457776934,0.67606467,0.942580819,0.40042907,0.187321305,0.157886848,0.491110951,0.260333478
13.27441216,11.44429398,12.61493111,6.450080872,7.730872154,8.260331154,10.48941803,9.092325211
0.590659976,0.671500623,0.613576889,0.441958487,0.501015961,0.4352431,0.454205871,0.605741978
1.310536504,1.778276801,2.458418846,0.667918146,0.462093621,1.166731954,0.399315178,0.697677672
0.541605532,0.35049504,0.942020118,0.408742636,0.268623888,0.152271539,0.18533136,0.136795521
10.07950592,9.642238617,8.730143547,16.22519684,19.04393578,14.30419827,12.25754166,14.63183117
0.207178712,0.104868412,0.140760601,0.356761932,0.239451349,0.409659773,0.265218616,0.271367878
0.30966422,0.564834893,0.399806678,0.309968591,0.123391949,0.168494985,0.286946625,0.295776695
1.388961792,1.294710875,1.051018476,2.295800924,1.493728995,1.816223502,1.68213892,1.65863061
0.130470753,0.178111091,0.090246826,0.294985056,0.272288382,0.346369445,0.201622158,0.294895202
16.52219391,12.39132881,19.14408493,12.75649261,6.539026737,5.409986019,6.707941532,6.897125721
11.36588097,16.30387497,10.92038822,15.25860023,27.68007088,29.47888184,28.81883049,22.45326614
1.794751167,2.35702467,0.935619473,2.889433861,5.687009335,5.07789135,3.591242552,3.549985647
13.51987553,9.761124611,15.0317688,10.77350235,9.28356266,7.670446396,5.293649673,8.292268753
0.560941756,0.888181329,0.46500653,1.338747978,0.871286392,1.234324098,1.444244742,1.211236119
10.54071808,9.247303963,13.56288433,8.16450882,7.962793827,6.107091904,7.431861877,7.0918293
590.3127441,525.5990601,948.7009888,525.2472534,196.9450378,180.9346924,294.4520874,362.6096497
0.056253396,0.102872588,0.163863629,0.21751973,0.284259379,0.227701738,0.189257085,0.27419585
0.24472405,0.449335635,0.572743416,0.714619577,0.822344422,0.792432547,0.683972061,0.578589618
1.054727912,1.583753586,0.191903353,2.774116993,1.456172824,2.494166374,1.855492592,1.803667426
63.38093948,62.60812378,55.46160507,53.0227623,35.24383163,38.95190048,33.58605194,45.50056458
4.577769279,6.391843796,12.16641617,15.87158203,14.92432785,13.23914909,15.38599968,22.11271858
359.471283,356.5643616,489.5347595,294.6134949,144.8500366,139.4342499,199.0419312,215.5656738
3.301814079,3.391622782,3.937441587,2.938740253,2.805318117,3.158812523,2.799287558,2.63338995
31.08953857,36.50815582,46.08016205,34.75098038,24.32700729,18.25772285,21.51529121,27.42459869
1.149710655,1.396407723,1.240562439,1.941728592,1.664833188,2.357547998,1.737686872,1.963643312
0.912504852,0.820089042,0.512707889,0.486016423,0.375385344,0.215385869,0.46191895,0.470263362
2.916943312,3.397843122,3.883199215,2.82878685,2.016325712,2.202483416,2.759407997,2.92459631
3.012890816,2.815598488,1.931227803,6.114090919,4.209640503,6.498826981,4.74059248,4.574837208
0.239023566,0.171427995,0.279606611,0.114707693,0.108831964,0.158932999,0.092495762,0.160910487
3.023311615,4.746953964,4.210100651,5.586928844,5.472253799,5.298853397,4.91007185,5.098412991
0.466653824,0.101100981,0.114225544,0.406482249,0.52137053,0.577304125,0.415225506,0.534197092
9.959089279,10.83146095,14.90983009,10.83901596,5.627452374,5.728066444,7.480630398,7.69151783
21.49440193,20.2116375,38.69509506,15.50302696,8.722323418,10.90698719,13.56564903,21.03086662
0.192628339,0.061252657,0.147250339,0.307742715,0.224586606,0.253503472,0.271012038,0.265657753
8.103821754,8.096360207,6.917398453,0.100361198,5.56684351,5.466366768,4.548284531,0.034989167
1.133230448,0.445838988,0.35707593,1.938701987,4.96671772,5.211184502,2.560528517,1.473626375
45.7005043,60.14944458,64.65146637,44.64408875,38.85930252,40.13817978,42.83688354,20.7466011
0.072909988,0.040741213,0.140823424,0.386445463,0.296801448,0.315053463,0.217248902,0.201925799
1.146159768,1.018366456,1.104419708,0.723852575,0.657966614,0.597021282,0.706696212,0.669463277
27.61211586,23.45172882,43.48017883,13.62117863,6.337233543,11.8032198,17.34262657,24.0579834
0.126842394,0.129260093,0.213334501,3.443874359,6.007917404,6.806478977,3.791851282,4.398188114
20.72366333,16.08708572,17.6205368,16.33438301,7.309417725,6.626906872,10.81799984,10.84536934
7.524507999,8.484670639,14.49401951,6.1347785,4.065302849,3.50052166,5.931102276,7.811880589
33.17406464,27.64694595,28.8161068,18.78055573,9.28181076,9.559054375,19.78347969,25.45348358
0.857236624,0.773455024,0.996122181,2.176768064,1.59448576,1.669013262,1.346050143,1.754177213
0.658857584,1.798299551,1.202859163,0.445061654,0.460972518,0.69332552,0.712852776,0.503398478
0.355441928,0.114484452,0.174476087,0.995287716,0.984375,1.045333028,0.582387924,0.376132816
13.79235935,10.46008396,7.345823765,26.60562325,18.19997406,29.16634941,21.53396606,11.53674316
0.752527952,0.744230509,0.411082476,0.548693597,0.124714673,0.277708262,0.307363749,0.257204026
4.695870399,4.095476627,7.579890728,3.650295019,3.025539637,3.738104582,3.426224709,3.140788555
53.17638016,77.45593262,93.72079468,34.31193161,24.5221405,25.36892319,25.83080101,41.68436432
3.059359312,3.695756197,3.415249348,1.974331498,1.476457357,1.996024132,2.323671818,3.02626729
2.734234095,0.867974579,1.877592921,0.064194791,1.05409193,0.902457356,0.948498964,0.068888485
8.757237434,5.157347679,7.610259533,3.669297218,1.310468078,1.683515906,2.509649992,2.902577162
0.75164032,0.384813577,0.522285521,0.109210566,0.225276783,0.249778405,0.413426936,0.289185047
18.44848061,20.26132774,20.43309975,11.79986191,6.783911705,7.244165897,12.24266815,16.68896866
1.153222799,1.620044827,1.3811903,0.826373458,0.612422943,0.56977576,0.984331787,1.006726146
0.044158123,0.155445471,0.09528324,0.270140231,0.284438044,0.241904601,0.258352935,0.301699221
4.569664001,5.058706284,5.842833042,4.509615898,2.105030775,2.578444719,4.128389835,2.7978971
1.172636151,1.164341688,1.085077524,1.186269283,1.462619066,1.41448319,1.247648001,1.278497577
0.136820704,0.25933817,0.268008649,0.156920388,0.123178244,0.088287294,0.086279057,0.145426229
0.501505196,0.864661932,0.208701476,0.967282236,1.061413884,1.091089845,1.069140792,0.942332149
124.2570419,86.7459259,154.9149933,70.20918274,61.22477722,47.40256119,54.34767151,75.66552734
2.43516016,2.913541079,3.32769537,2.369703531,0.788572013,0.541324496,1.690958858,1.619796038
39.90737534,36.66753006,45.04859161,29.06405449,26.74502373,28.93234634,29.38537788,31.0970726
0.180907011,0.416651309,0.36490342,0.196345106,0.192169964,0.189616755,0.057929248,0.126002491
0.628405988,0.773786306,0.761680007,0.429660589,0.211865902,0.247317836,0.485680729,0.638346076
0.475067556,0.323243409,0.085366458,0.989311159,1.080542326,1.262645125,1.564644456,1.17002964
1.271362424,5.901578903,0.224892914,5.721783638,9.138173103,8.749185562,5.232429504,9.718564034
6.825550079,8.083108902,10.14950371,5.043674946,2.59375,3.019456625,6.13931942,6.616751671
8.163643837,8.877396584,14.75425148,7.141981602,5.840806484,4.694629192,5.930409431,8.032073021
15.77537727,15.67080021,21.09465599,11.09800053,6.455647469,5.793898582,11.81066799,15.41418839
0.4668082,0.367783129,0.41631934,0.269542545,0.385580122,0.291826367,0.288112223,0.278858662
0.035391375,0.025269978,0.140498355,0.230595335,0.281733453,0.271649718,0.058969215,0.229878202
13.72597504,16.01310539,19.64399147,30.58041382,39.65106201,38.8801918,38.56531143,34.24101257
3.616673231,2.128675938,4.232946873,1.009156346,1.730556369,1.441598177,1.916816473,2.495964289
46.42995453,35.76981354,56.60622787,30.01379204,22.52767563,20.2395401,27.87216377,25.7034111
44.25704956,31.37767029,41.49831772,30.69687843,26.07868385,21.39128113,20.12106323,29.02789116
0.323747575,0.191188499,0.326033562,0.124664769,0.081083745,0.122858822,0.085161202,0.197833478
1.60227716,1.566123128,1.883339524,1.443261147,1.163712144,1.19290185,1.534172654,1.439323068
7.771903038,11.40601444,8.648849487,12.69596291,18.38039207,22.60168266,16.61317062,11.58028698
0.063865423,0.0482504,0.207643434,0.152727783,0.202003941,0.296141326,0.23667337,0.251288563
0.11520002,4.944238186,0.05905509,6.652746677,5.188130856,5.187068462,4.571112633,8.912134171
0.278707057,0.247760341,0.3174932,0.214600429,0.196643785,0.167924643,0.111043818,0.238731951
1.604708672,2.776804447,1.619743943,2.227108955,3.957049131,4.686481953,6.523588657,4.533064365
1.442377567,1.986565471,1.931741714,1.682131648,0.648332357,1.072774172,0.89585644,1.291702032
1.636472464,1.550958753,1.463324547,0.69178611,1.005184889,1.175172806,1.274937749,1.123477697
10.37051296,9.210496902,9.900018692,8.415447235,4.062849998,4.339069366,4.909034252,4.459784508
1.694403648,1.399904251,2.638291836,0.114243738,1.112387896,1.184721708,1.130222797,0.696049213
0.091113582,0.644116461,0.288480431,0.723354518,0.962128639,0.797646999,0.759580851,0.793861508
0.94596684,0.58478415,0.959493518,0.781357765,0.393147409,0.311941087,0.475304395,0.431216329
185.2296448,445.6182556,285.3578796,112.9032364,73.2483139,40.89101791,45.68691254,176.6708832
2.907101631,2.549854517,3.406138897,2.026319742,1.7124089,1.057847738,2.228313446,1.865123153
0.235071406,0.355971873,0.381031573,0.508045375,0.454771578,0.677062988,0.507263422,0.528214335
5.216518879,6.109536648,4.345589638,2.699371815,0.820767939,1.275094628,3.136621475,4.646700382
0.038590435,0.067375906,0.156877562,0.176695272,0.141031399,0.151349232,0.197814062,0.220401451
0.829139352,0.837572217,1.061997771,0.480767757,0.463915348,0.520564437,0.404952973,0.479892373
1.726013184,1.441164494,0.618015289,1.684621811,2.547785759,3.111621857,2.322495937,2.4069314
34.15360641,49.58224106,33.98056412,67.45461273,71.04820251,74.30909729,52.21706772,44.65095139
0.58992672,0.739077628,0.757148147,0.45142135,0.314500421,0.450886488,0.468006343,0.668153465
0.110664159,0.181549698,0.110183664,0.486629367,0.390449822,0.359112233,0.512451589,0.313363761
1.185063601,1.408958673,0.86838907,1.895755172,2.075847626,1.923575878,1.388523936,1.732405782
4.5430336,4.516911983,6.474491119,3.69868207,2.703615427,3.143592834,2.79050231,2.555508375
47.73832321,60.50278091,70.2158432,70.23216248,95.24942017,101.482872,80.60321808,91.69145203
0.348830581,0.542419672,0.183891296,0.551490307,0.569121361,0.811954141,0.502006114,0.643054366
0.067864619,6.292833805,0.136162907,5.188874722,7.547645092,5.892321587,6.813779354,6.253893375
108.0972519,121.6238937,105.72789,91.43745422,56.07132339,50.09125137,59.84020615,68.38713837
1.602971911,1.344547033,1.914595366,2.24706912,2.805633307,3.287706852,2.261690617,2.220050812
5.666538239,3.896720648,4.11567831,2.595126867,1.181228995,1.93830657,1.643781185,1.619371295
0.427672714,0.419632673,0.504812181,0.31178838,0.250031531,0.166409209,0.304735065,0.408630699
0.326727152,0.284474939,0.139184341,0.07245326,0.106927067,0.121291079,0.05725003,0.118230753
0.147024333,0.105889075,0.124326408,0.039277993,0.080307595,0.085575551,0.089429997,0.096318319
2.460169792,2.491442442,4.150205612,1.82671833,1.246917009,1.474938154,1.608778358,2.383248329
0.323759168,0.448084205,0.20469071,0.94621098,0.962549031,1.047549248,1.109055042,0.891532123
8.050560951,7.336669922,9.970097542,6.380353928,5.688410759,5.573262215,4.784173012,3.358751297
0.76148212,0.595053196,0.695290565,0.487242341,0.544352591,0.671620369,0.511967361,0.479927778
2.672095776,2.791490316,3.264389515,2.18063736,1.452774644,1.995306969,2.272274733,1.727803707
8.365496635,7.233979225,8.021397591,3.65811038,2.923976898,6.025616169,6.534657001,6.798711777
2.098186016,2.175788641,2.345682859,1.943682432,1.093224525,1.235660315,1.533826828,1.410011292
0.35208416,0.053353883,0.115430228,0.367688298,0.792811096,1.137563586,0.523415864,0.665994048
0.330602109,0.179141641,0.146439955,0.366485327,0.333096266,0.35764569,0.276670605,0.335560024
8.054419518,6.602745533,10.28732872,6.568845272,4.644058704,3.844349146,5.685528278,4.979821205
1.971555471,2.112922668,2.150812864,2.924680233,2.987738609,2.620877504,2.755776167,2.631159544
0.161989763,0.055211518,0.288284302,2.223852396,2.03037405,1.983085752,3.88627553,3.99992919
0.593477428,0.825021148,0.386166126,0.931116402,0.856607318,0.820851266,0.818864167,0.907427073
5.255114079,6.611947536,5.959167004,3.707340717,4.47554636,3.432407618,5.52158308,2.356626987
0.162415564,0.412050486,0.140855119,0.744847119,0.621496677,0.555468678,0.665882707,0.629885316
0.329208821,0.317751855,0.448916078,0.151149079,0.061069995,0.321229309,0.219886869,0.122078039
3.433076382,2.919503689,6.730517387,2.105892181,1.451092958,1.810781002,1.883854508,2.944137573
0.518834412,0.495675236,0.414137512,0.130977497,0.066390231,0.121460713,0.211227179,0.303603798
1.658085704,2.423202991,3.971266985,5.008045197,3.51842761,3.782753706,5.898934364,4.875034809
39.85720444,34.53457642,37.19958496,29.41537476,29.28251076,19.04021645,24.72883415,25.27329063
33.50057602,26.94468498,65.37096405,26.24128723,15.88530064,17.93149567,17.72620583,18.49121857
16.38093185,7.109572887,17.11969566,8.863305092,6.672855854,6.272976398,7.125415802,6.827031136
8.516016006,11.54992771,8.985703468,4.159834862,5.175518513,6.895450115,5.989554405,5.659870148
11.86607456,9.736095428,12.60325146,18.64837837,16.31165886,11.22018051,16.36690521,18.75566101
0.692126572,0.158872128,0.12122301,0.71626693,0.739630044,0.986116588,0.857360303,0.756336689
0.198825538,0.34660089,0.159499675,0.425408006,0.491346687,0.43175599,0.461158007,0.485379487
1.244230032,1.76521039,1.486030579,2.189602375,1.986196756,2.579585552,1.745953321,1.832165003
0.951485932,0.913835585,0.26438114,0.829476655,2.429267168,2.489701509,1.563814402,1.801755786
3.151061535,3.540321589,3.587132931,2.686001062,2.410804272,2.768772125,2.887693644,3.113246679
1.351678848,0.696639538,0.782003343,0.446019471,0.517797112,0.786240458,0.342480659,0.325920433
8.933231354,10.42474842,8.77499485,7.606313705,4.434206963,5.325902939,5.726688385,6.058835506
23.34543037,20.15348244,43.29890823,18.84760094,8.486546516,10.56772327,13.07415485,17.31627274
1.134735703,1.166255593,1.628527403,0.500881195,0.473304361,0.490711778,0.831696212,1.019364238
1.699498296,2.196547508,0.16281265,2.297831535,2.890449762,3.672598124,3.587437868,2.718634844
47.15168762,29.1372509,41.55391693,25.97846794,22.72141075,14.01544762,29.21520615,17.94073868
0.088780388,0.089721859,0.136530548,0.296877623,0.114087015,0.245267883,0.241325393,0.274582267
1.089617968,1.638926625,1.88142395,2.448739529,3.788887024,3.396558523,2.236303329,2.267063141
3.322423935,3.029077291,3.386236191,1.814956665,2.390379667,1.728490353,3.040364027,2.203978777
0.208583415,0.180131748,0.24414596,0.088010617,0.060077433,0.147202149,0.046347965,0.095536001
5.849093437,5.144097805,5.237805367,4.857481956,4.510229588,5.090600967,4.068898678,3.665038109
0.05317862,0.318245053,0.211925611,0.466937393,0.699271262,0.865206659,0.352656335,0.407250047
3.23137784,2.414553404,3.664361954,2.400735617,2.06617856,1.765350103,1.519230843,1.741078973
13.35314655,12.55695915,21.49364853,9.900774002,5.242432594,7.295985699,7.988378048,8.487680435
4.700500965,3.006625175,8.104558945,3.035399675,1.984865427,1.684037328,1.819936395,2.232228756
1.91181004,1.504030228,2.734068155,1.208872795,1.237492919,1.679246545,1.251418114,1.097422719
0.043700721,0.170215413,0.163904518,0.095889725,0.577003896,0.986507654,0.966899574,0.735237837
0.782014668,1.049983382,1.039618731,0.906673789,0.39002943,0.589590728,0.54050225,0.674207032
0.67811662,0.680775881,0.132847652,1.274385095,1.090737104,0.912234426,1.123097777,0.659551144
0.401428044,0.103415348,0.125997961,0.663244188,0.563410878,0.521281421,0.50179857,0.290880769
0.940486312,1.061062217,1.107830286,1.437935829,1.373318434,1.486540318,1.489692926,1.243238449
6.192975998,6.689977169,4.672491074,11.54969025,9.934486389,8.853474617,10.43269348,7.749574184
8.560014725,5.748095036,6.203045845,4.101984501,5.360846519,4.973276138,2.909345865,3.700084925
1.106599808,1.277338147,0.725098073,0.612290204,0.408071756,0.275922328,0.89941895,0.401975363
46.42995453,30.79281616,38.19752884,32.9105072,18.84669304,6.838092327,27.15273857,18.99108124
0.060716841,0.089710444,0.072290719,0.412995189,0.438550949,0.28204602,0.180236593,0.315438271
21.31184769,20.39456558,12.07951641,12.49099731,7.613859653,5.172077179,12.50449657,11.47904205
0.276163638,0.359810829,0.379190803,0.5247491,0.496566713,0.546832263,0.604593277,0.427145302
0.052978713,0.6668998,0.094259702,0.50651288,1.276590466,1.383066177,0.836400092,0.777789593
0.4718256,0.371158302,0.569379508,0.089219041,0.192502797,0.232430607,0.153790817,0.142187059
0.078797638,0.055137973,0.139439672,0.578308165,0.625910819,0.7799505,0.473713338,0.502442658
0.973407984,0.771872342,0.392079622,0.104981177,0.061131369,0.051158972,0.089338519,0.051309869
2.013353825,1.177076817,0.219884112,3.104168177,3.670473576,2.846467495,2.319521427,2.398718357
8.03473568,8.156354904,6.223602295,4.790437222,3.330577374,3.060487509,2.73277545,7.649744987
0.071351379,1.44315207,0.786021292,2.301892519,1.459220767,2.41125679,1.432899833,1.852024794
10.30799007,16.29651642,10.00981045,24.03647423,22.26527786,26.4949131,24.46596527,14.35216618
0.994751096,1.113180399,1.17122972,0.721745431,0.637962461,0.562051892,0.563814342,0.946190894
0.203770772,0.28313151,0.28967014,0.27935791,0.653237104,0.704992831,0.49588412,0.449483156
0.365966797,0.311041981,0.45463571,0.048941869,0.107868619,0.123706952,0.074551545,0.061556723
7.391355515,5.908939838,6.866473675,6.393379688,3.409192801,3.568961382,3.64762044,3.920631409
1.326977968,1.175899029,1.161792159,0.777335048,0.705086827,0.660376728,0.8583287,1.042976499
1.118023992,1.094666719,0.988460064,0.761742413,0.60643214,0.747164667,1.028431177,0.841794074
0.931609452,1.270860195,1.147402287,0.54857868,0.726492405,0.583757043,0.888765931,0.984104991
0.312049389,0.384776771,0.368347019,0.371147811,0.504309118,0.487354964,0.536939681,0.418578297
1.648822904,1.320953965,2.210100889,1.259711862,0.495550722,0.469984382,0.339336604,0.108995214
0.043669287,0.121649481,0.118502967,0.388667524,0.249446452,0.154758185,0.221357912,0.22884807
1.751408815,2.272001028,1.64039433,3.01053524,2.868378639,2.513720512,3.091173172,2.414896727
0.09640941,0.074298859,0.127456486,0.236591086,0.651800692,0.593534112,0.202891529,0.433552802
0.392242372,0.86948359,0.245906577,1.57899785,1.065688014,0.646069646,1.357879162,1.215094805
13.22462463,9.92712307,14.42907906,8.377902985,4.936588764,4.795985222,7.662217617,8.913551331
0.625395596,1.125657916,0.896467924,1.382422805,2.673030853,2.538521767,1.304510236,2.446367979
6.988421917,5.478302479,7.955522537,5.555130005,4.988089085,4.812605858,5.752974033,5.048498154
0.099479243,0.084848188,0.098875672,0.219224587,0.249698713,0.242536828,0.194320709,0.088608265
6.640293121,5.830174446,6.779573441,4.867059708,3.312464952,3.322578669,3.489554644,4.351458073
133.0490417,118.9775085,157.176239,90.82447052,82.8405304,75.72674561,105.0256042,110.1635437
42.15747452,36.73156357,50.75687027,37.11554337,19.31649399,23.35028458,26.15834618,36.63976288
11.77228928,12.93385696,7.019715786,16.12060165,22.70809937,19.77479935,15.43096447,14.79786015
97.74990845,76.08302307,112.0491333,47.7166481,42.91620255,18.36038589,53.9257164,30.79510689
26.6796627,28.5428257,38.5853157,23.25875473,20.56754303,18.66119003,24.04987335,22.73293304
1.202354312,1.743972898,0.650906324,1.766876101,2.160489082,2.475817919,2.350339174,1.663834572
0.129275694,0.208496675,0.302634567,0.071933411,0.05391676,0.06211381,0.07492736,0.119265079
4.185256481,3.489086866,4.358343601,2.997126579,2.367467642,2.101420879,2.574778557,2.672365904
0.235866442,0.308185786,0.179064721,0.042360775,0.063446365,0.046292223,0.093337148,0.097720981
0.06456431,0.034858834,0.178577319,0.159313455,0.250672638,0.246059835,0.199716389,0.232037678
1.360054135,0.071246758,0.162817985,1.169450641,1.651660562,2.227512836,1.25778234,1.734812975
0.291088402,0.444145918,0.208925396,0.734541416,0.688936353,0.897340655,0.59646517,0.520178378
0.420069486,0.430012137,0.665950239,0.402421266,0.336347371,0.359112233,0.301553011,0.202219635
6.580857277,5.760977268,9.115118027,4.673204422,5.285523891,4.888867378,5.308522701,4.70404911
13.86414528,13.61441326,20.66529846,10.65014267,7.762051582,6.68426609,13.66975594,5.784126282
0.893940568,0.961205781,1.180246592,0.712091088,0.911575079,0.754204154,0.747371376,0.673569739
3.168738127,3.888990879,4.290926933,6.059689522,6.231081963,8.288684845,5.813848972,7.781790257
0.35732922,0.22565423,0.511633337,0.923760593,0.98878926,1.363935709,1.292923331,0.790179789
11.56619167,16.32301712,6.640814304,15.5007267,21.49383354,23.31215096,18.6216774,17.45468712
0.273400247,0.105979003,0.212979496,0.655198872,0.576688647,0.651642561,0.817203999,0.554233909
2.592705727,2.096102238,2.085544586,1.352578402,0.833800435,0.593599319,1.372302175,1.892204642
1.095986128,1.253965855,1.521958351,1.590491176,1.985846281,1.703004837,1.540571451,2.068075657
738.4407959,500.3126831,513.7823486,388.973999,353.9798889,408.0628357,313.4719238,323.9450684
3.4807024,3.241267443,3.201083899,2.79591608,1.712128639,1.638345718,2.313537836,2.669357061
0.462446928,0.867496014,0.155485094,0.931959212,1.297715783,0.861458719,1.050671101,1.343422532
2.557121038,3.056534767,1.726079226,3.700712442,5.739909649,7.176379681,5.12105751,4.438898087
0.220555753,0.111825667,0.222261816,0.591870368,0.650959909,0.677323699,0.550221384,0.873583913
0.56599766,0.557657659,0.130410239,0.535131395,0.696678758,0.823425889,0.79167819,0.811349452
18.4662323,15.46910191,15.46159554,10.51145458,9.308786392,9.186545372,15.07505512,13.2550993
35.22192764,50.38462067,24.61969185,75.99417877,58.12078857,66.95346832,57.39831543,44.27923203
0.303859532,0.397106975,0.127180383,0.364922225,0.718714952,0.496806145,0.865073323,0.801932871
7.924354076,5.840111732,10.29527187,5.045973301,4.967768669,6.875896454,4.851272583,3.947889805
799.5753784,591.9613647,1022.519348,524.5192871,199.9299164,232.1307373,488.9319153,576.005249
0.697877288,0.670617223,0.135456041,1.074362159,1.253783584,1.097445011,1.170379043,1.202350497
3.749865055,4.544517517,4.283638477,6.069649696,6.995164871,5.048233986,5.337576866,5.183022499
19.68545151,23.29051781,29.67529678,16.99831581,9.074412346,14.66562366,13.46534443,11.1342392
2.67753768,4.586109161,6.060081959,1.848823786,1.534753323,2.312345266,3.430686235,2.16613555
8.353531837,9.998895645,10.14109421,5.63903141,8.176850319,6.86937809,7.514872074,6.387708187
22.14203072,25.61411858,27.27060318,33.63650131,37.41241837,38.93235016,30.10479736,30.20001221
4.365109921,3.742500544,4.939262867,2.893111706,2.236371756,1.993645072,1.97737968,2.03759551
1.296758056,0.937759936,0.19595246,1.831430554,1.436869383,1.349498153,1.594424486,1.49801755
3.101582289,2.521660566,2.7237432,2.229369402,0.966788054,0.990516305,1.5470047,1.988034368
0.354334235,0.708528101,0.078174755,0.617730498,1.001576424,1.318081141,1.149038434,0.725962877
1.044847608,1.392837405,1.592272401,2.112175226,2.269338608,2.020596981,2.272724152,2.114061117
7.199923038,6.701387882,6.300223827,10.3999691,10.28622437,11.43168926,12.73381233,9.323491096
13.06175232,12.37108421,12.19024563,11.66768932,10.55913639,9.21555233,9.788324356,11.31478214
4.016210079,4.231660843,4.957951546,6.136312008,7.04876709,5.910573006,4.708425522,6.339917183
0.4145118,0.386396259,0.296776295,0.700291216,0.441213548,0.740451097,0.556343436,0.827740014
1.492782712,1.200044155,1.794524193,0.913684785,1.162836313,0.847249389,1.089962721,1.308659077
0.263423383,0.104877308,0.217259839,0.273090184,0.506200969,0.584995449,0.765633702,0.380876511
1.275453568,1.81788063,1.570640922,1.815761209,1.845746875,2.047549248,2.005499363,2.054694176
1.905326128,2.801059961,2.891141653,1.59091258,1.766816139,1.819743276,2.273312092,1.709643126
39.20493698,57.16809082,57.77891922,27.96529007,17.43168449,15.91350651,19.98443794,45.4014473
1.103126287,1.282969594,1.313305855,0.890200019,0.807735443,1.005833745,0.767639756,0.844130576
0.813083768,0.364691377,0.696271718,0.261648744,0.364770174,0.312247425,0.30578652,0.252439111
0.060405523,0.061332434,0.38807255,0.817063808,0.166860402,0.732205749,0.828756273,0.681605756
0.92589736,0.688946962,0.887264073,0.638993204,0.772456527,0.408225805,0.529226601,0.577067375
5.008105755,4.037690163,5.053260803,7.287564754,6.641674995,5.018250465,5.715274334,7.038728237
3.769664526,2.149950266,6.867875099,1.262278676,0.767551839,1.069906235,1.807000518,1.9370929
1.534388304,1.144981384,2.361661196,0.666845441,0.352683544,0.598650813,0.679441094,1.083864331
1.48919332,1.721079111,0.689030051,2.359742641,2.282966614,2.009255648,2.501037598,2.31871295
1.970937967,2.418638945,2.761773348,1.745536804,1.207188845,1.404966831,2.227656364,1.594095111
5.57390976,6.35062027,9.222575188,4.58087492,5.280268669,5.225850582,4.386067867,3.57866025
551.8331909,338.8309326,506.026947,356.2371216,263.1691284,211.9704437,298.647644,371.9555054
6.923195362,7.5615592,6.696878433,3.939928055,3.767516613,2.670545101,5.861925602,6.417444706
9.656116486,10.61724663,4.109698772,16.44050407,18.37198639,14.41826439,10.39187717,16.93748283
0.065490365,0.10595566,0.754718721,0.736725152,0.682209909,0.727186799,0.829447985,0.99720335
0.6570822,0.553240836,0.700242937,0.581526339,0.495620787,0.481358379,0.411178768,0.49338007
6.38517952,7.835769176,7.626143932,5.734426498,5.329665661,5.39303875,5.7844491,6.760124207
0.067980886,0.169520408,0.068210468,0.209298134,0.336694211,0.241630837,0.19118689,0.25629425
6.023928642,5.716809273,7.722388268,6.999845982,8.909402847,8.235888481,9.93462944,8.483078003
4.969124317,2.212963343,3.457391024,1.819170952,1.705717444,2.034936905,2.235646248,1.658347368
136.2022552,83.21616364,140.403656,86.33820343,43.93216705,45.32330322,45.56240082,67.76054382
0.068504192,0.261305153,0.090506166,0.102192722,1.264153481,1.044322729,0.781094372,1.081386209
0.243940592,0.246023029,0.194910362,0.225453988,0.057881132,0.034696322,0.074560456,0.152888715
1.735854983,2.479296207,1.342786431,3.618956327,3.861757278,3.368530989,2.603624821,2.18695116
0.662060976,0.531083226,0.076051302,0.810857356,1.407020688,1.043638349,0.872233033,1.620362401
0.462215364,0.365674108,0.532844305,0.275258601,0.225178674,0.139056191,0.23605077,0.441694975
113.5237579,105.6424484,104.9803772,175.0440674,182.3185272,185.3506622,156.4229736,128.5683746
40.30876541,59.58261871,44.57530594,30.54440117,12.13214588,13.16614628,22.32118034,32.57681274
0.543689668,0.525451779,0.820454121,0.362317055,0.370095283,0.288450032,0.377040684,0.28696543
7.857198238,8.999227524,7.022052288,3.669182539,6.448640823,6.05364418,6.735266209,4.18259716
2.666306496,3.604402065,4.064099789,2.671097994,2.597393513,2.259157896,2.429890633,2.10064435
1.424893975,0.067878544,0.113639213,3.771090269,4.117852688,3.490418434,1.562292457,1.204120636
0.075082883,0.161882401,0.154434964,2.349015236,2.261490822,1.927551746,4.679371357,2.465094805
1.286607504,0.950605452,1.099887848,0.492452681,0.526205122,0.431495219,0.383577764,0.260676831
1.356078744,1.109131813,1.411698699,0.096079677,0.073536403,0.424260229,0.036668297,0.658913851
0.596565068,0.547167718,0.187739745,0.059485991,0.089564785,0.042266529,0.094853088,0.183601692
115.8240128,131.9776154,137.5864563,98.72805023,68.52578735,52.92660141,67.08979034,74.29905701
0.419104576,0.260664731,0.337619126,0.252302498,0.140103012,0.124318868,0.190581784,0.204113558
4.402161121,4.174242496,3.953139544,2.957321405,2.272036076,2.342719555,2.491387844,3.540427446
3.586221457,4.66855526,3.60068202,3.017201662,2.200077057,1.866934061,1.456039071,1.798392653
0.229814723,0.412713021,0.126248509,0.388092875,0.550238192,0.534969389,0.4238033,0.487857521
143.5314484,182.0383453,230.2700195,292.5561523,300.3607788,267.8529053,271.1400452,278.7806702
1.935430408,2.721778631,1.226826668,2.471381426,3.330191612,3.361035109,3.46672678,3.180118799
0.13354148,0.149367437,0.257958561,11.04398155,12.45725727,0.092454128,10.20095444,6.725077152
9.928214073,7.298023224,5.068678856,4.484330654,2.467033148,2.666210413,5.212022781,3.804516792
123.7823334,88.71508026,155.2513428,74.32764435,60.81837845,47.67306137,85.31060791,91.60648346
0.339868784,0.484890878,0.269813418,0.746149719,1.606852531,1.218485236,1.00653708,1.017275453
1.39926672,1.404247522,3.19664526,5.559727669,7.641186237,6.782688618,4.566962242,5.951925278
1.412504792,0.102050409,0.260180533,2.953030348,2.851212025,3.206198692,2.160590887,2.290073633