LFQ.intensity.1.Plasma.1,LFQ.intensity.2.Plasma.1,LFQ.intensity.3.Plasma.1,LFQ.intensity.4.WB.1,LFQ.intensity.5.WB.1,LFQ.intensity.6.WB.1
28.101,28.249,28.075,39.257,39.155,39.344
28.678,28.613,28.587,39.508,39.383,39.586
27.638,27.502,27.676,38.418,38.193,38.468
22.784,22.266,22.197,33.975,33.996,34.282
26.661,26.479,26.095,37.051,36.806,37.138
26.428,26.111,26.268,36.385,36.165,36.548
23.449,24.176,23.747,34.581,34.539,34.872
23.361,24.163,23.779,34.941,34.726,35.165
22.579,22.628,23.407,34.963,35.232,34.554
22.770,22.495,22.534,32.557,32.428,32.931
22.865,23.300,22.140,34.486,34.445,34.671
21.666,21.890,22.115,31.211,31.097,31.110
21.780,21.936,22.458,32.523,32.658,32.090
23.691,22.863,22.880,33.264,33.420,33.266
23.467,22.844,23.916,33.685,33.696,33.885
22.315,22.395,22.173,30.820,30.685,31.017
22.269,23.109,22.684,32.714,32.252,32.433
30.531,30.714,30.622,38.817,38.698,38.980
22.125,22.159,22.084,30.295,30.216,30.093
23.206,23.109,24.028,33.679,33.307,33.840
23.430,22.419,23.222,33.144,32.969,32.756
22.299,22.889,22.810,31.055,31.310,31.274
23.925,23.836,23.686,32.107,31.729,32.165
22.040,22.517,22.526,30.649,30.878,30.627
23.548,23.665,22.488,33.992,33.629,34.279
22.208,22.367,22.309,30.286,30.128,30.610
22.277,22.206,22.512,30.191,30.162,30.017
22.381,22.328,22.117,30.364,30.915,30.432
23.036,22.750,22.748,30.601,30.862,30.578
21.851,21.848,22.106,30.176,30.244,29.743
23.609,23.842,22.382,34.195,34.157,34.241
23.062,22.711,24.291,34.584,34.599,34.780
22.056,23.631,21.846,34.991,35.047,34.728
22.846,22.491,22.696,30.365,30.245,30.243
22.782,22.913,22.288,30.980,31.202,30.768
21.766,22.910,22.830,32.253,32.237,32.487
21.967,22.013,22.197,30.213,30.772,30.059
22.159,22.257,22.993,31.297,31.079,31.469
22.409,21.286,21.879,31.287,31.670,31.180
22.071,22.581,23.631,33.624,33.752,33.451
23.209,23.355,23.250,31.101,30.764,31.322
21.878,22.973,22.972,32.126,32.104,32.188
22.779,21.474,22.857,32.912,32.835,32.835
23.284,22.987,22.650,30.852,31.122,30.827
22.263,22.722,23.827,33.603,33.688,33.509
23.755,22.760,23.384,32.314,32.356,31.960
24.706,26.271,25.566,36.277,36.620,36.051
24.919,25.183,23.463,36.183,35.885,36.211
22.792,22.166,21.908,30.634,30.678,30.911
24.221,25.273,24.815,33.770,33.880,33.484
22.669,23.239,22.759,30.629,30.492,30.683
21.982,22.622,21.678,30.847,30.944,30.543
23.990,22.861,23.356,32.254,32.454,32.332
23.652,23.640,22.461,32.934,33.035,32.812
22.629,22.216,21.477,31.165,31.369,31.062
21.522,22.555,21.082,31.880,31.729,31.977
22.253,21.588,22.398,30.356,30.143,30.383
23.240,23.187,22.764,30.616,30.616,30.411
23.787,22.623,23.514,32.370,32.617,32.366
22.497,22.635,22.805,29.708,29.713,29.813
21.931,22.216,21.030,30.889,30.793,31.121
22.836,23.647,22.509,32.067,31.798,32.125
21.847,22.428,22.372,30.014,30.178,29.754
23.265,23.207,21.741,33.446,33.367,33.688
23.792,23.677,23.764,31.196,31.183,30.741
22.456,22.347,22.560,29.800,29.961,29.471
22.254,21.587,21.386,29.895,29.736,29.844
27.368,27.110,27.318,34.874,34.618,34.335
21.475,22.177,22.436,30.394,30.503,30.905
22.565,22.073,23.002,30.558,30.807,30.572
22.259,22.837,22.126,30.318,30.103,30.598
25.902,24.374,23.866,36.766,36.510,36.700
22.111,21.940,22.035,28.976,28.830,29.177
22.532,22.893,22.908,30.429,30.742,30.084
22.600,22.334,22.213,30.427,30.645,29.849
22.183,22.906,23.385,31.588,31.912,31.616
21.430,22.628,22.614,31.635,31.737,31.396
23.183,22.827,22.815,30.029,30.127,29.848
22.308,21.987,22.527,29.755,30.061,29.533
22.822,22.650,22.118,30.000,30.162,29.922
22.584,21.333,22.202,31.009,31.096,30.782
23.144,21.969,22.857,31.363,31.290,31.632
24.454,24.202,22.706,34.636,34.458,34.797
23.085,22.864,23.197,29.708,29.709,29.809
22.703,21.768,22.279,29.970,30.167,29.973
22.425,23.258,23.160,30.797,30.636,31.063
22.645,22.840,22.222,29.821,30.270,29.823
22.140,21.627,21.145,29.523,29.600,29.374
23.155,22.881,23.210,30.287,29.949,30.595
22.676,22.099,22.738,29.741,30.009,29.650
23.147,23.663,23.662,30.551,30.668,30.353
23.263,21.944,23.209,31.996,31.876,32.157
22.518,22.070,20.854,31.614,32.025,31.752
24.887,23.153,23.167,34.608,34.277,34.776
23.032,21.361,21.955,31.955,31.601,31.913
22.822,22.663,24.083,32.289,32.374,32.280
23.584,22.878,22.595,30.715,30.918,30.584
22.414,23.156,21.461,32.134,31.810,32.172
23.588,23.987,23.444,30.741,31.299,30.703
24.431,23.252,23.810,32.179,31.947,31.713
22.605,22.351,22.868,29.123,29.141,29.063
23.296,23.106,22.168,30.905,31.224,30.823
22.386,23.097,23.024,29.776,29.849,29.726
23.467,22.256,22.088,31.813,31.820,31.316
21.964,22.527,22.720,29.412,29.651,29.268
22.270,22.243,21.559,29.196,29.587,29.048
22.748,22.845,22.303,29.103,29.385,29.524
23.402,23.718,23.273,29.797,29.923,30.213
22.567,22.767,23.487,30.144,30.309,30.030
23.434,22.978,24.182,31.210,31.309,31.434
22.558,23.538,22.679,30.365,30.600,30.266
21.847,21.037,21.383,28.190,28.200,28.315
22.470,22.395,22.364,28.412,28.690,28.397
22.824,21.729,22.610,30.029,30.220,29.920
21.238,23.141,21.708,32.073,32.091,32.524
23.405,21.817,22.147,32.024,32.274,31.536
22.320,23.406,22.753,30.163,30.175,30.349
22.827,21.598,22.814,30.703,30.837,30.529
23.384,22.699,22.585,29.828,29.722,29.675
22.532,23.920,22.568,31.579,31.582,31.737
22.954,23.311,24.143,31.152,31.047,31.404
23.612,22.529,22.710,30.404,30.444,30.327
21.959,22.809,22.985,29.771,29.848,29.826
22.580,23.542,21.988,31.325,31.440,31.072
23.466,23.159,21.945,31.408,31.437,31.360
23.098,23.014,22.029,30.392,30.325,30.032
22.147,23.218,21.596,31.151,31.386,30.920
21.644,23.095,21.520,31.148,30.920,31.154
22.978,23.036,22.070,29.767,30.044,29.865
23.779,22.570,23.236,31.395,31.876,30.971
22.843,22.618,22.045,29.120,29.331,29.001
23.636,22.683,23.103,30.584,30.041,30.692
23.633,22.933,23.240,29.752,29.493,29.679
22.453,23.245,23.133,29.689,29.769,30.237
22.898,22.064,23.224,30.129,29.990,30.327
22.510,22.777,22.440,28.921,28.804,28.418
20.918,22.384,22.879,31.801,31.651,31.884
22.825,23.752,22.607,30.356,30.425,30.363
22.492,22.764,24.055,31.767,32.123,31.651
22.561,23.751,21.943,31.991,32.366,31.799
32.013,32.011,32.035,23.377,24.817,23.754
21.682,22.245,21.941,27.978,27.956,28.159
23.658,23.007,23.077,29.617,29.448,29.776
22.761,22.694,22.229,28.618,28.572,28.579
22.804,22.682,22.957,28.529,28.727,28.488
21.870,22.680,21.103,30.219,30.342,30.026
23.168,24.046,22.509,31.419,31.645,31.321
22.836,23.437,21.600,31.738,31.811,31.628
23.101,23.573,23.637,30.402,30.728,29.851
22.706,22.681,21.698,29.646,30.153,29.612
22.471,24.278,22.761,32.380,32.389,32.382
24.501,24.254,23.237,31.726,31.389,31.631
23.468,23.396,23.966,29.700,29.980,29.584
21.953,22.120,22.674,28.408,28.384,28.482
22.842,21.951,23.864,32.095,31.808,32.041
22.578,22.274,22.497,28.512,28.112,28.677
24.372,24.574,24.703,30.217,30.182,30.525
23.183,23.426,22.738,29.193,29.128,29.459
23.700,23.985,22.948,30.995,30.502,31.349
24.226,25.159,24.379,31.216,31.119,31.077
23.432,22.371,23.231,30.229,30.199,29.769
22.892,23.647,24.600,32.148,31.939,32.381
22.554,23.046,24.120,31.218,31.595,31.242
23.443,23.146,23.206,29.278,28.890,29.524
20.992,22.580,22.236,30.155,30.320,29.985
23.255,23.008,22.950,28.827,28.563,29.045
24.025,23.138,21.821,32.705,32.897,32.613
22.571,22.147,21.914,28.060,28.023,28.140
22.629,22.722,21.386,30.074,29.909,30.498
23.443,23.896,22.206,31.743,31.523,32.198
23.246,24.214,22.771,30.866,31.124,30.947
22.078,23.015,22.456,29.113,28.747,29.014
22.268,23.626,22.278,30.656,30.902,30.412
22.221,22.736,22.520,28.138,28.026,28.223
22.922,22.900,24.298,31.211,31.346,31.146
26.312,24.440,24.304,34.552,34.686,34.886
21.795,22.035,21.444,27.423,27.486,27.359
23.024,22.933,22.191,28.936,28.957,29.311
23.492,21.848,21.690,31.393,31.102,31.553
22.135,22.755,21.605,28.949,28.973,29.452
23.560,23.234,22.488,30.101,29.864,30.621
22.588,22.543,23.084,28.537,28.408,28.338
22.201,23.515,20.712,33.537,33.322,33.705
26.794,26.254,25.075,34.167,34.399,34.146
23.446,22.342,21.465,31.159,31.170,31.248
22.069,22.298,22.514,28.037,28.308,27.768
23.221,23.212,22.638,28.677,28.799,28.973
23.015,23.853,23.179,29.394,29.316,29.434
21.831,22.461,22.787,28.530,28.596,28.456
23.217,22.506,21.333,30.929,31.207,30.700
21.621,23.498,22.711,31.075,31.495,30.968
23.273,22.000,23.922,31.742,31.496,31.974
25.525,25.131,22.609,36.684,36.624,36.450
22.159,21.606,22.538,28.126,28.190,28.102
22.579,22.764,23.379,28.773,28.749,29.045
27.100,27.999,26.522,34.539,34.468,34.943
20.580,22.326,21.402,29.304,29.291,29.580
22.747,23.603,23.730,29.585,29.597,29.719
23.851,23.701,23.486,29.003,28.897,29.300
22.660,22.852,22.884,27.913,27.967,27.855
25.806,26.637,23.743,36.947,36.714,36.971
23.109,23.865,23.342,29.818,30.296,29.439
22.718,23.937,24.209,31.089,31.089,30.975
22.625,23.359,22.892,28.816,29.007,28.560
22.950,22.680,23.310,28.393,28.641,28.466
22.183,20.959,22.005,28.472,28.531,28.414
21.100,22.976,22.089,30.297,30.571,30.126
22.345,21.726,23.504,30.379,30.566,30.827
22.249,20.158,22.197,31.221,30.946,31.347
22.727,23.391,21.219,31.570,31.972,31.448
22.049,22.443,22.569,27.624,27.856,28.101
21.918,22.285,22.385,27.369,27.439,27.660
23.553,22.050,22.758,29.828,29.871,29.862
23.813,23.795,21.993,31.878,31.695,32.088
23.260,23.640,21.839,31.018,30.883,31.150
23.277,21.194,21.948,30.982,30.732,30.735
23.855,22.372,22.055,31.121,30.987,30.762
22.435,22.927,22.145,27.998,28.189,28.273
22.882,23.318,22.010,29.283,29.441,29.498
22.554,24.180,22.977,30.758,30.673,30.730
24.302,23.576,23.524,29.610,29.447,29.814
22.180,23.224,23.070,29.476,29.835,29.093
23.867,23.771,22.857,29.760,29.541,29.845
22.496,23.522,22.651,29.430,29.885,29.138
23.963,23.038,22.648,29.908,29.779,29.863
22.812,21.831,22.311,28.301,28.602,28.164
22.688,23.378,22.352,29.055,29.551,28.922
23.368,22.101,21.611,30.207,30.033,30.496
26.472,24.295,25.721,34.272,34.203,34.427
22.432,22.492,23.105,28.175,28.360,28.036
23.929,22.515,22.489,30.365,30.158,30.528
23.587,23.550,23.290,29.313,28.632,28.828
22.724,23.092,23.832,29.708,29.579,29.241
21.970,22.928,20.600,30.863,31.356,31.037
21.283,21.713,22.865,29.241,29.108,29.322
22.237,23.521,23.836,30.497,30.727,30.600
21.840,22.352,22.360,27.350,27.598,27.816
22.808,20.907,22.491,30.292,30.295,30.662
22.816,23.126,23.079,28.582,28.325,29.174
22.486,22.368,20.344,31.116,30.962,30.924
23.293,22.984,21.118,31.540,31.799,31.463
22.301,22.398,21.635,27.584,27.813,28.063
22.545,22.127,22.281,27.401,27.195,27.433
23.325,21.817,22.675,29.433,29.590,29.431
21.607,21.912,22.856,28.459,28.497,28.669
24.380,23.824,22.574,31.299,31.204,31.423
21.489,20.818,21.101,26.565,26.282,26.658
23.300,24.015,22.545,29.919,30.300,30.137
22.692,21.022,22.601,30.180,29.766,29.807
20.481,20.835,21.534,26.991,26.721,26.848
22.863,22.372,22.798,27.743,28.298,27.941
29.741,29.646,29.881,24.836,24.403,24.102
23.812,22.219,21.370,31.820,32.065,31.584
24.028,22.644,22.380,30.323,30.455,30.332
22.855,22.114,23.842,30.218,30.112,30.437
24.446,24.190,23.939,29.384,29.741,29.189
23.299,22.590,23.415,28.550,28.559,28.548
21.908,21.642,23.269,29.600,29.422,29.744
22.885,23.861,22.203,29.997,29.944,30.075
23.121,22.656,23.412,28.210,28.281,28.368
22.497,23.252,23.280,28.323,28.453,28.483
23.388,23.010,22.503,28.460,28.251,28.550
22.816,23.015,23.096,27.682,27.675,27.990
22.495,22.376,21.146,28.560,28.671,28.498
23.018,22.860,22.179,28.156,28.879,28.851
22.714,21.033,22.687,29.808,29.686,29.690
22.813,22.071,23.744,29.814,29.841,30.163
22.927,22.460,22.763,27.594,27.443,27.590
22.498,22.898,22.923,27.732,27.877,27.482
23.567,21.726,22.888,30.064,30.325,30.026
22.103,22.299,22.999,27.999,27.814,28.256
23.287,22.569,23.879,29.475,29.405,29.240
22.464,23.448,22.923,28.497,28.573,28.309
21.523,22.168,22.315,27.282,27.179,27.507
22.885,23.395,22.378,28.866,28.342,28.829
32.049,32.646,31.641,37.636,37.538,37.730
21.297,22.590,22.995,29.399,29.290,29.621
21.560,21.764,22.682,27.992,27.749,27.817
22.358,23.016,22.831,28.205,28.545,27.803
22.268,24.649,22.219,32.765,32.876,32.549
23.036,22.870,22.091,28.526,28.434,28.040
25.750,27.598,25.643,34.602,34.814,34.302
22.300,24.130,23.283,30.508,30.315,30.660
28.545,27.918,27.049,34.462,34.296,34.126
21.713,21.570,22.279,27.340,27.679,26.945
23.273,22.016,22.682,28.505,28.488,28.558
23.199,22.460,21.275,29.765,29.672,30.197
23.140,21.629,21.781,28.830,28.912,29.146
22.875,22.387,23.694,29.252,29.187,28.842
23.885,23.361,23.879,28.701,28.523,29.052
23.910,24.815,23.992,29.774,29.839,29.501
23.750,22.002,21.675,30.480,30.793,30.546
23.331,24.407,22.816,30.545,30.427,30.013
22.028,23.181,23.756,30.261,29.941,30.759
24.326,22.806,22.570,30.547,30.534,30.400
23.075,23.366,24.431,29.815,29.732,29.709
21.329,22.336,22.429,27.973,27.711,28.304
22.908,24.125,21.747,31.398,31.143,31.525
22.263,23.222,22.822,28.146,28.288,27.910
23.343,21.736,21.242,30.151,30.415,29.878
23.013,22.902,21.646,28.850,29.290,28.826
25.996,25.771,24.540,31.843,32.050,31.749
23.083,21.559,23.480,30.272,30.030,30.319
22.940,24.287,21.861,31.941,32.283,31.398
23.067,23.531,21.214,31.027,31.487,31.012
22.286,23.062,22.231,27.709,27.575,27.943
24.187,23.318,22.798,29.335,29.420,29.521
22.518,22.579,23.759,29.109,28.898,29.511
22.623,22.505,22.000,27.077,27.067,27.367
22.097,22.270,21.879,26.510,26.550,26.466
21.071,22.665,22.330,28.440,29.047,28.842
22.450,23.027,22.234,27.768,27.434,27.498
20.696,23.075,24.022,33.617,33.981,33.287
22.803,22.972,22.598,27.162,27.356,27.151
23.652,24.161,23.007,29.164,28.930,29.321
22.125,21.955,22.900,27.600,27.556,27.378
23.966,21.644,22.162,30.854,30.997,30.729
22.235,24.056,23.354,30.029,29.929,30.182
24.294,22.286,21.564,32.077,31.777,32.152
23.046,23.620,22.580,28.346,28.250,28.673
23.568,22.057,23.717,29.930,29.807,30.042
22.706,23.280,24.383,29.946,30.022,29.845
22.377,21.916,22.545,26.940,27.199,26.845
21.729,23.065,23.013,28.808,29.122,28.586
24.072,24.462,22.471,31.122,31.154,30.913
22.738,23.465,23.841,28.663,28.646,28.563
23.561,23.515,22.687,28.266,28.283,28.524
23.524,22.678,23.115,28.101,27.848,27.983
22.951,22.599,21.783,27.992,27.727,28.136
24.540,22.858,22.824,30.490,30.623,30.244
22.636,21.402,23.458,30.183,29.822,29.605
22.443,24.372,22.722,30.549,30.836,30.294
22.343,23.412,23.509,28.699,28.753,28.508
23.823,22.730,23.225,28.616,28.513,28.327
23.440,23.006,22.590,27.809,27.861,27.722
23.639,21.621,21.837,29.938,30.036,29.737
22.872,21.447,23.323,29.441,29.382,29.735
23.184,22.147,20.075,31.571,31.605,31.805
24.567,23.140,23.186,29.934,29.662,30.037
22.519,21.348,22.984,28.502,28.695,28.580
21.805,21.418,23.180,28.701,28.813,28.881
22.180,24.977,23.655,32.480,32.694,32.414
21.820,22.637,20.245,29.732,29.548,29.474
23.829,22.358,22.894,29.090,29.306,28.799
24.072,23.026,22.639,29.129,29.256,29.011
22.586,23.280,22.642,27.912,28.245,27.526
22.147,23.205,23.123,28.157,28.475,28.058
23.359,22.789,23.070,28.066,27.467,28.042
22.462,22.559,21.331,27.725,27.776,27.675
24.660,23.074,24.532,30.544,30.407,30.614
21.171,22.952,22.158,28.523,28.849,28.511
24.358,23.495,22.227,30.757,30.441,30.893
22.557,22.308,22.677,26.833,26.710,27.183
23.762,24.744,22.893,30.462,30.251,30.777
22.718,21.890,23.833,29.831,30.432,29.616
23.734,22.830,22.745,28.052,28.351,28.285
21.333,23.383,23.122,29.923,29.998,30.146
21.433,23.642,21.895,30.077,29.788,30.117
22.954,24.014,21.859,30.214,30.028,30.325
22.636,23.377,23.666,28.387,29.154,28.540
22.631,25.145,23.514,31.918,32.095,31.778
24.041,21.760,22.951,30.443,30.834,30.315
21.309,22.488,22.554,27.583,27.779,27.925
21.969,23.274,23.227,28.455,28.618,28.836
24.171,23.939,22.538,29.907,29.759,29.935
22.831,23.854,22.318,28.834,28.924,28.886
22.845,22.712,23.659,28.062,27.928,27.959
21.369,22.698,23.192,29.281,28.975,28.860
22.738,23.484,24.366,29.641,29.595,29.399
21.850,24.509,21.998,32.032,32.184,31.688
22.239,24.024,22.577,29.425,29.446,29.666
22.561,22.497,22.744,27.108,27.373,26.687
22.862,21.529,23.641,29.835,30.121,29.624
21.893,23.447,22.077,28.562,28.719,28.523
21.723,22.021,23.416,28.634,28.745,28.984
22.545,22.843,22.203,26.816,27.352,27.170
22.361,22.466,22.168,26.422,26.394,26.351
21.365,21.870,23.578,29.763,29.852,29.629
22.316,21.206,23.490,29.809,29.678,29.672
23.488,23.665,23.144,27.554,27.924,27.867
22.867,24.226,21.028,32.358,32.190,32.319
23.610,21.939,22.780,28.905,29.232,28.712
21.740,24.469,22.111,31.681,31.655,31.759
23.282,24.864,22.482,31.335,31.105,31.185
22.959,23.165,22.311,27.327,27.505,27.736
21.953,22.684,22.466,27.165,26.779,27.474
22.544,24.273,22.242,30.303,29.914,30.285
23.644,22.439,22.942,27.992,28.177,28.157
22.121,22.495,21.472,27.249,27.523,26.799
22.936,22.192,20.861,29.134,28.995,28.678
21.672,22.458,23.223,28.292,28.698,28.094
22.282,22.897,22.742,27.158,26.823,27.333
22.634,21.269,22.308,27.474,27.487,27.761
23.411,22.684,21.871,28.720,28.714,28.181
24.547,23.989,22.759,30.135,29.882,30.432
22.479,23.754,21.709,29.314,29.426,29.366
21.529,23.187,22.966,29.106,29.111,28.564
22.447,21.593,21.924,26.568,27.069,26.565
23.684,22.759,22.925,27.910,27.866,27.699
21.672,24.239,23.180,30.948,31.249,30.767
22.737,24.531,22.995,30.079,30.633,29.857
23.267,22.607,23.217,27.732,27.271,27.762
22.324,22.585,21.841,26.874,26.903,26.493
23.483,23.083,20.952,30.708,30.880,30.540
23.252,21.140,22.284,29.233,28.949,28.986
22.628,22.182,24.168,29.591,29.983,29.782
22.435,23.274,22.773,27.177,27.324,27.330
21.377,22.862,24.005,30.929,30.867,30.480
21.900,22.547,20.932,27.470,27.538,27.850
23.550,23.583,23.081,27.464,27.783,27.540
22.528,21.040,23.152,29.090,29.070,29.140
21.738,23.065,22.734,27.720,27.788,28.028
23.350,25.028,23.689,30.287,30.352,29.899
22.633,23.935,22.173,29.049,29.197,28.951
23.114,23.695,23.244,27.395,27.698,27.597
23.571,22.006,21.370,29.420,29.573,29.234
24.372,23.681,21.398,32.101,32.339,32.047
25.024,23.648,22.690,30.919,31.184,30.997
21.533,21.490,22.784,27.423,27.226,27.467
23.308,24.226,24.375,29.147,28.703,29.190
22.825,22.634,22.580,27.228,27.267,26.581
23.250,24.628,25.402,31.191,31.250,31.354
22.856,21.829,21.201,27.752,27.717,27.729
22.667,22.011,22.293,27.085,26.461,27.083
22.359,23.696,20.410,31.565,31.689,31.405
22.076,22.317,23.177,27.480,27.456,27.212
23.977,23.255,22.451,28.822,29.000,28.550
24.045,22.888,23.136,28.267,28.459,28.173
23.156,23.091,21.730,28.120,28.430,28.372
22.128,22.496,22.927,26.734,26.800,26.855
22.747,24.085,20.934,31.604,31.395,31.609
24.326,22.637,22.297,29.835,29.814,29.707
23.518,23.477,22.619,27.791,27.703,28.093
36.666,36.188,36.343,32.536,32.257,32.437
23.383,23.072,24.313,28.785,28.428,28.890
21.262,22.269,23.830,29.934,30.132,30.031
21.707,23.681,23.562,30.198,30.341,29.567
22.266,21.723,21.529,26.509,26.233,27.127
28.311,29.182,28.788,24.134,23.056,23.724
23.131,22.533,23.234,27.048,27.464,27.275
24.177,23.279,22.131,29.720,29.417,29.867
19.913,21.463,22.640,29.091,29.159,29.206
36.241,35.955,35.886,32.173,31.775,32.202
26.924,26.652,26.655,30.484,30.478,30.715
29.082,28.426,28.336,32.775,33.134,32.859
22.571,22.447,21.480,26.845,26.910,27.128
22.925,22.473,23.695,27.963,28.433,27.844
22.595,22.650,23.981,28.413,28.475,28.487
22.957,22.170,23.054,27.074,27.455,27.172
23.331,20.806,21.090,29.546,29.549,30.011
22.825,22.740,21.570,27.339,27.658,27.554
24.335,23.951,23.405,28.379,28.285,28.149
31.051,30.071,30.655,26.019,25.137,25.760
23.207,23.056,22.285,27.807,27.354,27.260
24.410,23.779,23.197,28.892,29.274,28.490
23.395,24.441,21.772,30.774,30.694,31.170
24.294,23.540,21.376,31.637,31.549,31.207
20.811,21.188,22.245,26.550,26.536,26.610
22.819,21.577,22.408,27.147,27.267,26.929
22.423,22.112,24.369,29.925,29.987,30.264
23.441,24.052,22.367,29.028,28.768,29.461
24.110,24.056,22.674,29.037,29.083,28.923
24.206,22.510,21.384,30.849,31.119,30.375
28.292,27.790,28.061,23.730,23.284,24.131
22.883,22.365,22.242,26.524,26.862,26.435
23.109,22.286,21.573,27.486,27.978,28.322
23.894,22.832,21.852,29.026,29.195,28.950
23.042,23.574,23.060,27.039,27.118,27.269
23.485,21.925,24.254,30.055,29.997,30.155
23.872,22.813,22.106,28.460,28.623,28.841
21.698,21.715,22.812,26.790,27.138,27.519
23.788,21.689,22.437,29.287,29.598,28.819
23.819,21.990,23.375,29.107,28.920,28.861
23.099,22.035,22.767,27.017,27.112,27.350
23.586,23.361,23.312,27.079,27.260,26.997
22.505,22.802,24.693,30.336,30.160,30.034
24.011,22.043,21.752,29.575,29.497,29.774
22.551,21.684,23.783,28.957,29.258,28.783
20.323,22.666,22.554,29.718,29.368,28.982
22.551,24.193,23.904,29.283,29.700,28.979
21.955,21.452,22.843,27.167,27.335,26.842
27.822,27.575,27.784,24.160,24.208,24.032
32.136,33.748,32.612,38.073,38.148,38.200
23.949,23.916,23.339,27.960,27.498,27.886
22.772,21.587,23.351,28.104,28.061,28.330
23.123,23.150,23.289,27.510,28.201,27.100
22.668,22.815,22.044,26.757,27.618,27.902
21.689,23.037,23.829,29.059,29.107,29.139
23.718,24.259,24.056,27.832,27.679,28.085
31.921,31.984,31.784,28.290,27.440,27.688
22.685,23.491,23.378,27.524,27.156,27.720
22.184,23.204,23.459,27.676,27.697,27.657
31.507,31.480,31.465,27.878,27.791,27.232
20.907,23.491,21.667,29.229,29.137,29.359
22.499,23.602,22.502,27.696,27.894,27.345
24.641,23.926,21.829,31.406,31.039,31.299
22.461,22.745,24.283,29.114,29.628,28.892
23.045,22.606,20.633,29.170,29.849,29.071
28.237,28.484,28.226,22.951,23.994,24.110
21.036,22.627,23.399,29.010,28.905,29.262
22.839,22.631,21.992,26.462,26.542,26.543
22.130,22.399,22.894,26.274,26.618,26.792
22.723,22.257,20.827,27.725,28.485,27.878
20.622,23.028,22.921,29.357,29.464,29.495
22.370,22.076,23.921,28.969,28.379,28.843
24.621,23.520,22.258,30.499,31.034,29.907
23.368,22.956,22.332,27.089,27.534,27.094
22.853,20.851,23.627,29.931,30.139,29.851
21.133,23.710,22.736,29.435,29.654,29.438
22.400,22.286,22.522,25.768,25.967,25.862
22.648,21.072,22.391,27.353,27.265,27.124
24.928,23.737,22.146,31.116,31.308,30.712
22.360,22.837,24.047,28.460,28.202,28.546
21.515,23.957,20.914,30.346,30.654,30.185
23.539,24.769,23.587,28.680,28.896,28.537
23.432,24.089,23.311,27.478,27.666,27.456
21.858,22.829,21.785,26.402,26.733,26.483
22.544,23.120,21.327,28.084,28.237,27.574
27.343,27.492,26.663,31.551,31.055,31.804
21.001,23.599,22.080,29.288,29.194,28.980
26.024,24.177,21.989,34.042,34.307,33.753
22.394,21.568,23.236,27.533,27.747,27.376
22.403,22.439,20.117,28.556,28.615,28.684
22.717,24.760,22.275,30.186,30.523,30.074
22.231,22.216,23.262,26.818,26.935,27.244
21.854,23.176,24.858,31.139,30.772,31.032
21.470,22.722,23.274,27.744,28.086,27.922
22.690,20.792,22.685,28.246,28.149,27.911
21.926,24.196,22.468,29.459,29.000,29.707
24.635,23.117,22.325,29.773,29.465,29.989
24.447,21.468,23.383,30.716,30.882,30.598
22.157,23.198,23.359,27.279,27.809,27.433
23.584,23.767,23.007,27.165,27.195,27.375
22.562,22.968,23.003,26.806,26.934,26.272
23.010,21.748,21.809,27.659,28.527,27.143
28.604,27.789,28.137,23.673,24.268,23.229
24.146,23.826,23.794,27.470,27.298,27.312
23.043,22.054,21.522,26.989,26.974,27.013
28.098,28.632,28.023,23.198,23.556,24.387
25.893,23.557,24.560,30.979,30.744,31.234
23.111,22.280,23.506,27.369,27.519,27.179
21.491,23.571,20.289,29.884,30.194,29.828
26.192,22.983,22.703,33.637,32.971,33.533
30.262,29.205,29.988,25.544,25.828,25.699
23.761,22.409,23.101,27.424,27.602,27.698
21.265,23.390,23.394,29.111,28.911,29.179
23.316,21.970,21.500,27.811,27.479,27.562
23.231,23.898,24.342,27.826,28.035,27.949
22.234,19.984,22.994,29.366,29.505,29.402
22.467,23.219,20.300,29.453,29.395,29.654
21.079,23.674,22.531,29.009,28.993,29.383
22.576,21.945,22.393,25.814,26.559,26.411
22.841,22.684,23.583,26.889,26.872,27.123
27.675,28.353,27.143,31.972,31.907,32.380
27.945,28.300,27.550,24.375,23.735,23.740
23.000,22.542,23.059,26.378,26.380,26.858
22.242,21.308,23.196,27.450,27.520,27.796
22.607,22.243,21.550,26.438,26.044,26.714
23.859,24.504,22.825,28.691,28.578,28.770
21.554,22.894,23.090,27.513,27.635,27.271
24.725,23.156,21.982,30.111,30.177,30.110
23.549,22.608,21.625,28.258,28.450,27.728
22.636,21.851,22.804,27.347,26.379,27.301
30.425,30.351,30.164,26.878,27.148,26.640
23.409,24.106,22.003,28.871,29.071,28.707
22.637,22.546,23.289,26.538,26.377,26.782
21.413,23.164,24.263,29.970,30.289,29.852
23.240,22.738,24.567,28.787,29.198,28.615
25.345,23.240,24.083,29.745,29.784,30.102
34.084,34.059,33.831,30.376,30.251,30.850
20.646,22.748,23.709,29.777,29.749,30.126
23.397,21.580,23.891,29.211,28.905,29.435
23.034,23.996,24.908,29.521,28.929,29.725
24.034,22.625,22.073,28.463,28.391,28.129
23.475,21.662,23.467,28.263,28.384,28.434
20.030,23.809,21.659,30.571,30.707,30.466
21.219,23.694,22.471,28.618,28.543,28.823
21.920,22.621,22.703,26.050,26.451,26.881
23.383,22.287,24.110,28.352,28.160,28.547
22.434,23.880,21.490,28.748,28.899,28.470
28.130,27.758,27.419,23.597,24.072,22.948
22.175,22.118,23.746,27.593,27.810,27.857
23.814,23.706,21.513,29.498,29.840,29.208
21.383,22.130,24.179,29.475,29.510,29.430
21.536,23.508,22.878,27.874,27.916,28.331
23.514,22.519,23.596,27.199,27.276,27.717
22.419,20.410,21.670,27.312,27.133,26.621
23.722,23.170,22.879,26.982,27.617,26.952
22.233,22.566,20.996,26.730,26.822,26.468
23.469,23.377,24.458,27.626,28.226,28.365
26.789,24.635,25.838,31.623,31.037,31.501
24.145,24.129,23.242,27.581,28.128,27.670
22.861,23.105,24.096,27.608,27.328,27.727
23.901,24.284,22.243,29.010,29.254,28.829
31.828,31.856,32.499,28.601,28.671,28.339
23.603,23.226,20.597,29.973,29.921,30.120
24.437,23.269,21.493,29.979,29.879,30.338
22.845,24.028,22.426,27.910,27.580,28.127
22.985,22.029,24.470,29.154,29.029,29.388
23.348,23.335,22.596,26.584,27.222,26.819
23.415,24.930,22.705,29.449,29.491,29.143
22.433,23.993,21.692,28.629,28.705,28.276
22.828,24.105,21.106,30.091,29.382,29.948
23.726,22.478,24.561,28.785,29.035,28.864
23.043,22.270,24.179,28.050,28.349,28.160
21.895,23.053,21.349,26.638,27.254,26.983
23.250,22.421,23.980,27.717,27.791,27.496
24.624,21.595,22.450,29.970,29.883,30.319
28.129,28.059,27.432,22.196,23.482,23.685
23.844,23.571,23.404,26.946,26.621,26.964
23.572,21.401,22.359,27.852,27.725,28.059
20.319,22.495,22.612,27.756,28.223,27.924
22.746,23.268,21.478,27.367,27.249,27.317
27.950,28.325,27.811,22.375,23.441,24.072
22.138,21.785,24.135,28.647,28.782,28.598
22.480,23.186,23.412,26.588,26.810,27.294
22.068,22.366,23.472,27.007,26.997,26.748
24.227,22.964,24.231,28.051,28.217,27.911
23.797,22.608,22.496,27.203,27.060,27.567
24.452,24.212,23.469,28.003,27.966,27.519
23.224,20.950,22.551,27.907,27.868,27.761
23.531,22.507,23.261,26.709,26.741,26.915
22.900,21.952,21.406,26.194,26.597,26.507
23.273,22.604,21.510,27.338,26.955,27.347
23.561,24.936,21.333,31.312,30.988,31.561
20.875,22.880,22.022,27.154,27.423,26.777
22.209,23.366,21.368,27.779,28.082,27.158
23.466,22.978,21.470,27.953,28.002,27.591
23.804,23.610,22.623,27.187,27.329,27.244
22.464,22.019,20.743,26.396,26.850,26.332
23.336,23.764,22.855,26.704,27.029,27.397
23.375,22.432,20.821,28.226,28.404,28.018
23.196,22.271,22.634,26.541,26.064,26.304
21.473,21.722,23.973,28.549,28.827,28.614
27.525,27.442,27.297,24.488,24.010,23.706
21.890,24.084,25.374,31.539,31.240,31.605
22.297,22.510,22.743,26.025,25.635,26.535
22.864,21.518,22.442,26.244,26.670,26.274
23.019,22.907,22.634,25.777,26.189,25.984
24.940,21.501,21.331,31.315,31.547,30.988
29.656,28.279,29.584,25.064,24.796,24.471
23.673,24.907,23.455,28.137,28.693,28.401
23.717,22.736,22.639,26.935,26.711,27.377
27.556,27.190,27.234,23.649,23.313,24.279
34.912,35.041,34.983,32.045,31.292,31.771
22.289,22.567,21.827,25.371,25.639,25.566
20.940,22.805,20.695,26.947,27.278,26.757
24.428,23.846,23.647,27.360,27.242,27.270
23.996,24.238,21.523,29.844,29.864,29.862
21.502,21.981,21.007,25.700,25.149,24.973
21.731,23.977,22.673,28.091,28.005,28.341
22.819,21.019,21.750,26.732,26.279,26.633
24.187,22.003,22.667,28.249,28.251,28.194
28.665,27.298,27.581,23.577,23.959,23.400
22.990,22.217,24.608,28.901,28.861,28.880
21.710,22.969,24.305,28.872,28.908,28.804
31.537,30.897,30.270,34.952,34.681,34.646
22.189,23.797,21.511,28.062,27.958,27.839
22.883,25.066,22.462,29.531,29.815,29.752
21.926,22.896,23.556,27.221,27.378,26.941
33.130,32.903,32.852,30.074,29.817,30.077
21.204,22.619,20.317,26.782,26.620,27.112
22.518,21.458,23.403,27.309,27.100,27.324
22.153,22.907,23.867,27.407,27.288,27.764
23.989,22.968,22.879,27.007,26.929,27.286
21.553,22.286,22.498,25.761,25.564,25.472
23.527,22.806,22.140,26.670,26.954,26.746
22.533,24.617,24.615,29.449,29.515,29.302
21.781,23.597,20.566,28.651,28.674,28.424
22.025,22.648,23.108,25.989,26.311,26.464
23.733,22.696,23.689,27.360,26.861,27.212
23.167,24.039,22.592,27.581,27.782,27.108
26.120,22.997,24.031,31.197,31.095,31.283
25.969,26.258,22.982,32.660,32.545,33.363
23.443,23.901,24.598,27.660,27.819,27.495
23.514,23.866,21.483,28.703,28.603,28.816
30.138,29.695,30.773,26.706,25.959,26.468
24.363,23.895,22.578,28.160,28.101,28.368
36.622,36.563,36.717,33.792,33.853,33.652
21.957,24.103,22.083,28.496,27.930,28.586
23.363,21.476,21.035,27.600,27.928,27.351
24.213,22.367,22.099,28.243,28.088,28.188
23.500,20.831,22.433,28.228,28.439,27.979
22.464,23.599,22.486,26.496,26.686,26.775
20.626,23.881,22.906,29.412,29.418,29.697
24.181,22.360,23.437,27.782,27.771,28.115
25.158,22.294,23.611,29.861,30.043,29.773
23.179,23.161,23.848,26.646,26.514,27.008
23.062,22.314,22.731,26.026,25.713,26.106
24.834,22.413,21.334,30.283,30.113,30.516
23.340,22.681,19.758,30.155,29.667,29.621
22.187,22.355,24.379,29.370,28.344,28.555
24.601,23.362,23.683,27.607,27.517,27.614
25.250,24.592,22.080,30.949,30.757,31.037
22.501,24.314,23.820,28.183,27.862,28.327
24.020,23.254,22.504,27.073,27.512,27.386
24.046,23.487,22.952,26.814,27.108,27.039
22.190,23.879,24.003,28.041,28.351,27.994
35.703,35.627,35.544,32.788,32.784,32.941
23.578,23.170,20.792,28.841,29.093,28.661
22.962,22.523,24.349,28.108,27.759,27.728
20.510,23.875,22.577,29.338,29.487,29.077
22.949,22.381,22.473,25.873,25.425,25.917
23.887,22.099,24.657,29.151,29.106,29.773
20.780,23.824,21.094,28.782,29.341,28.570
21.789,22.218,23.926,27.828,27.800,27.524
27.051,23.033,23.601,33.233,33.039,33.181
23.784,22.150,20.551,28.727,28.832,28.811
20.820,22.964,23.080,27.563,27.929,28.268
22.376,20.726,23.618,28.293,28.327,28.283
21.884,23.550,21.969,26.810,27.211,26.887
21.346,22.429,23.626,27.461,27.434,27.826
27.980,27.748,28.058,31.728,30.841,32.024
24.446,21.856,20.104,30.709,31.051,30.530
24.373,22.130,23.067,28.343,28.008,28.324
23.551,22.419,24.943,29.154,28.986,29.056
23.094,23.654,22.086,27.026,26.806,27.274
22.659,20.463,22.629,27.323,27.417,27.213
22.716,25.078,24.404,29.313,29.189,29.739
21.612,24.596,24.101,29.923,29.812,30.138
22.580,23.197,21.106,27.197,27.123,26.974
23.054,23.749,22.107,27.330,26.822,27.317
22.075,24.256,23.256,28.227,28.118,27.834
22.591,23.265,23.441,26.257,26.143,26.470
22.014,24.392,23.076,28.274,28.143,28.475
23.031,22.256,23.154,26.053,26.079,25.942
20.471,23.051,21.871,27.112,27.178,27.398
23.089,24.047,24.351,27.510,27.358,27.393
21.704,22.569,23.414,26.592,26.614,26.840
23.935,24.209,21.602,29.224,29.319,28.911
31.853,31.208,31.219,26.185,27.305,27.870
30.864,30.776,30.996,28.088,26.934,27.363
23.356,21.515,24.033,28.434,28.480,28.281
29.663,29.780,29.135,24.724,24.716,26.230
23.225,22.809,21.561,26.603,27.019,26.571
21.865,23.285,24.043,27.991,27.662,28.223
21.470,21.307,23.398,27.002,26.909,27.244
24.577,22.975,21.376,29.364,29.159,29.573
23.718,20.997,21.509,28.356,27.722,27.979
27.542,27.212,27.428,24.365,24.737,24.714
22.663,22.209,23.313,26.193,25.938,26.014
26.817,26.864,26.606,24.172,23.994,24.093
21.032,21.721,21.709,24.384,24.529,24.443
21.177,22.459,21.389,25.460,25.776,25.094
23.610,23.222,22.862,26.731,26.427,27.662
23.747,22.640,22.241,26.538,26.785,26.780
22.468,20.506,22.454,26.407,26.676,26.972
23.953,23.428,22.676,26.859,27.248,26.704
25.003,23.087,21.738,29.626,29.516,29.858
31.029,30.547,30.861,28.101,27.957,27.457
24.059,22.206,23.023,27.384,27.183,27.306
23.666,22.556,22.763,26.283,26.537,26.235
22.347,22.375,21.043,26.272,27.352,28.551
23.252,24.210,22.627,27.545,26.981,27.383
25.057,21.712,23.479,29.851,29.778,29.889
22.589,24.133,24.384,28.206,28.206,27.764
20.386,22.875,22.584,27.623,27.429,27.184
21.651,22.744,22.654,25.971,25.490,26.000
22.112,22.961,22.810,25.686,26.011,25.544
28.735,27.958,28.249,23.670,24.624,25.093
21.145,23.653,22.050,27.447,27.877,27.251
35.097,34.616,34.290,31.589,31.265,31.859
23.237,23.109,21.229,27.199,27.100,27.420
21.298,21.778,22.823,26.071,26.194,25.490
21.404,24.447,21.594,29.164,28.813,28.937
23.586,22.838,21.266,27.771,27.853,27.140
27.155,26.535,27.610,23.472,23.843,24.047
23.773,22.863,23.173,26.663,26.285,26.215
25.693,25.058,24.768,28.065,28.291,28.404
24.825,23.270,23.307,27.732,27.938,27.751
24.077,23.278,22.477,27.356,27.093,28.222
27.518,27.517,27.167,24.696,24.856,24.366
21.910,23.404,22.979,26.596,26.263,26.727
23.864,24.897,24.412,27.442,27.723,27.436
23.448,24.825,23.063,27.767,28.133,27.836
23.055,24.318,23.014,27.057,27.143,26.992
24.444,23.489,24.372,27.220,27.255,27.172
24.686,21.817,23.466,28.858,28.770,29.164
21.810,22.661,21.921,25.229,24.963,25.332
21.910,24.250,22.083,27.868,27.850,27.954
20.934,22.416,23.754,27.925,27.649,28.057
29.585,29.244,29.331,24.871,23.284,25.600
23.675,21.340,21.272,27.480,27.546,27.250
23.540,23.229,21.161,27.796,27.917,27.559
21.863,20.274,22.867,26.701,26.751,26.858
22.833,23.062,24.579,27.484,27.506,27.901
24.225,23.638,21.836,28.199,28.230,27.993
23.598,22.616,21.276,27.021,27.258,27.233
24.296,21.828,21.096,28.539,28.485,28.800
32.882,33.119,32.953,30.588,30.494,30.321
25.255,20.992,22.225,30.617,30.513,30.565
22.021,23.115,22.848,25.684,25.844,26.327
23.990,21.148,22.638,28.119,28.090,27.726
22.046,21.979,23.416,26.106,26.037,26.545
22.727,22.393,25.592,30.023,30.133,29.715
29.755,29.789,29.867,32.424,32.127,32.683
23.827,22.076,23.542,27.311,26.986,27.145
21.604,24.560,23.047,28.538,28.503,28.620
22.399,24.642,21.683,28.626,28.465,28.687
24.826,22.946,23.614,27.621,27.839,28.002
23.296,24.185,22.963,26.599,26.754,26.702
21.762,22.521,23.061,25.794,25.655,25.641
26.969,26.782,26.621,29.854,29.453,30.653
23.257,23.070,23.218,25.520,25.732,25.669
23.415,24.624,23.148,27.688,27.081,27.472
22.576,25.075,22.571,28.676,28.665,29.059
22.007,24.292,21.609,28.044,28.201,27.823
20.795,23.821,21.635,28.051,27.603,27.771
23.398,23.350,22.578,25.804,26.076,26.129
22.420,23.318,21.927,26.716,25.766,26.986
28.720,28.116,27.307,24.694,23.197,23.811
22.960,21.347,23.695,27.110,27.339,27.483
21.852,21.753,23.403,26.217,26.466,26.066
23.829,23.608,21.741,27.523,27.414,27.638
22.694,23.635,23.139,25.968,25.936,26.201
22.554,19.707,23.294,28.650,28.691,28.255
34.113,34.678,34.348,31.822,30.886,31.469
23.799,21.034,22.903,27.676,27.895,27.747
28.610,28.997,28.817,25.800,26.435,25.542
23.962,22.537,22.135,27.119,26.574,27.157
27.178,27.019,26.746,24.532,24.280,23.767
21.777,22.697,20.970,25.373,25.573,25.627
22.858,21.690,19.867,27.270,26.605,27.329
21.563,23.327,23.426,26.989,26.774,27.519
23.086,23.878,22.186,26.744,26.712,26.572
24.303,22.585,24.410,27.838,27.703,28.108
21.239,24.679,22.087,28.998,28.810,28.974
31.266,30.947,31.582,28.308,28.630,27.593
24.471,22.193,24.570,28.687,28.964,28.547
29.194,29.089,28.961,24.026,25.965,25.343
20.489,22.276,23.632,27.718,27.653,27.785
26.880,27.410,27.145,23.982,24.714,23.686
24.024,24.386,21.320,29.090,29.050,29.222
22.491,22.371,24.289,27.281,27.072,27.432
22.230,23.975,22.853,26.682,26.647,26.788
27.590,27.695,27.152,23.584,24.860,24.264
23.802,22.620,23.222,26.286,26.613,26.105
22.502,25.001,21.472,29.148,29.261,29.395
21.501,22.330,23.690,26.884,26.740,26.665
21.055,22.490,23.786,27.424,27.210,27.789
22.491,23.165,21.907,25.481,25.859,25.620
20.708,23.752,21.060,27.755,27.868,27.429
23.873,21.529,23.032,27.376,27.350,27.112
23.083,22.536,21.201,26.046,26.164,26.197
22.192,20.942,23.619,27.015,27.052,27.244
22.941,23.146,21.778,25.868,26.258,25.841
23.375,21.164,23.499,27.381,27.317,27.771
21.673,23.961,22.550,26.942,27.103,27.073
24.855,21.921,23.789,28.732,28.994,28.594
21.544,23.059,23.533,26.619,26.910,26.668
22.719,21.725,24.706,28.194,28.495,28.343
22.225,22.682,23.893,26.520,26.323,26.727
22.284,24.314,23.101,27.193,27.338,27.029
23.492,23.540,21.077,27.860,27.958,27.415
26.990,22.405,24.081,32.186,32.353,31.863
36.014,35.816,35.577,33.482,33.302,33.437
24.453,23.140,22.515,27.077,27.514,27.212
24.034,21.236,22.798,27.598,27.536,27.770
23.267,21.347,23.634,27.086,27.156,27.596
26.872,24.212,24.378,33.599,31.257,31.014
24.146,22.419,22.611,26.677,26.724,27.158
31.590,31.921,31.287,28.761,29.289,28.970
36.057,36.329,35.743,33.732,33.467,33.530
23.642,22.847,22.343,25.967,26.076,25.886
22.770,23.730,24.203,26.607,26.940,26.788
22.131,21.623,23.197,25.827,25.926,25.456
23.220,22.866,22.029,25.557,25.734,25.632
24.629,22.707,21.142,28.551,28.691,28.699
23.387,22.920,20.489,27.489,27.412,27.971
27.696,28.041,27.293,22.054,23.697,24.273
29.456,29.659,29.596,27.270,26.320,27.001
23.608,23.430,22.242,26.372,26.327,26.165
23.270,23.322,19.859,28.538,28.721,28.578
26.412,21.347,23.185,33.372,33.541,31.190
23.693,22.089,21.814,26.295,26.739,26.234
26.354,26.845,27.038,23.502,24.229,24.210
21.564,23.015,21.293,25.395,25.810,25.554
24.513,21.795,24.029,28.423,28.609,28.172
30.904,30.297,30.477,27.932,28.317,27.991
32.484,32.236,32.575,30.217,29.813,30.180
27.491,25.687,25.988,29.799,30.344,30.648
23.507,22.036,22.134,25.961,25.881,25.801
20.666,21.070,23.246,26.456,26.501,26.252
23.119,24.905,23.321,27.413,27.974,27.384
29.315,29.748,29.591,27.337,27.258,26.985
27.914,27.425,27.275,25.103,23.770,23.861
22.463,22.518,24.407,27.073,27.312,27.023
22.456,24.071,20.483,28.188,28.115,28.160
34.127,33.189,34.243,31.219,30.844,30.959
21.526,22.520,24.333,27.568,27.556,27.600
23.219,22.946,23.068,25.477,25.338,26.177
26.813,26.520,26.072,24.090,24.046,23.889
23.941,24.479,21.404,28.589,28.794,28.516
20.945,24.377,22.552,28.018,28.300,28.236
21.749,24.121,22.025,27.018,27.151,26.981
22.560,21.896,24.117,26.908,26.695,27.145
22.523,24.514,21.584,27.856,27.621,28.016
23.338,24.197,22.710,26.589,26.358,26.651
23.371,23.221,24.520,26.711,26.635,26.833
30.942,31.334,31.006,28.930,28.462,28.834
27.585,28.122,27.826,24.564,25.309,23.670
22.867,21.708,23.621,26.444,26.154,27.096
24.059,24.986,23.182,27.515,28.032,27.370
28.742,28.977,28.610,21.674,25.089,22.937
37.764,38.007,37.886,35.873,35.385,35.223
22.772,24.690,23.061,27.094,27.212,27.512
22.205,19.961,22.124,25.633,25.994,25.669
21.968,22.754,23.286,25.975,25.375,25.705
23.801,22.266,21.393,26.833,26.503,26.676
27.277,27.611,27.902,24.122,23.526,25.144
31.337,31.524,31.346,29.302,29.278,29.109
25.529,25.361,23.345,30.005,28.556,29.896
21.787,24.600,22.756,27.837,27.562,27.772
22.899,23.696,21.593,27.165,27.755,26.259
30.054,28.797,29.429,26.409,24.399,25.362
24.055,20.401,23.217,28.464,28.350,28.735
22.379,21.814,24.665,27.742,27.823,27.868
30.490,30.210,30.450,28.339,28.159,27.877
21.669,23.744,23.706,27.000,27.084,27.136
22.633,23.105,22.174,25.423,25.007,25.189
23.639,22.946,25.090,27.734,27.880,27.542
24.009,25.486,19.094,32.720,32.835,32.644
21.118,23.834,24.767,29.040,29.083,29.094
22.954,22.728,23.805,25.965,25.683,26.421
23.047,23.792,23.169,26.062,25.571,25.841
21.935,22.270,22.435,24.535,26.124,25.742
21.759,23.069,24.690,28.274,28.246,27.543
23.760,21.872,21.781,26.369,26.120,26.452
23.900,23.407,24.136,26.111,26.239,26.132
28.817,28.899,27.905,23.055,25.412,24.377
23.229,23.944,22.103,26.550,26.281,26.686
23.180,23.519,19.954,28.334,28.059,28.228
22.008,24.377,20.756,28.156,27.780,28.222
20.873,21.544,23.763,26.881,26.822,26.808
21.808,21.888,23.804,26.458,26.242,26.265
22.916,21.780,20.350,25.880,26.217,25.699
21.382,21.295,24.057,27.312,26.898,27.371
21.582,24.545,24.087,28.380,28.372,28.339
22.806,22.003,24.555,27.361,27.833,27.172
25.017,22.835,23.411,27.387,27.558,27.897
23.362,24.402,23.137,26.656,26.461,26.302
25.135,21.426,21.229,29.091,28.997,29.262
29.269,28.970,29.426,26.778,27.078,26.089
20.569,23.620,20.753,26.743,26.865,26.985
20.987,24.241,23.416,28.071,28.021,28.012
23.576,20.985,23.462,27.254,27.236,27.230
28.842,28.103,28.533,25.579,24.483,23.135
21.783,23.935,22.007,27.195,26.164,26.723
26.711,27.150,27.020,24.156,25.014,24.301
23.141,24.364,23.841,26.530,26.254,26.759
24.878,21.479,22.729,28.002,28.500,28.243
26.640,23.732,22.712,30.371,30.191,30.483
22.738,24.915,23.915,27.680,27.283,27.591
27.885,27.848,27.471,25.189,23.232,24.448
23.548,21.373,22.918,26.243,26.160,26.619
22.576,21.130,22.771,27.080,25.226,27.014
22.447,21.948,22.529,25.545,25.577,24.385
22.922,22.640,22.105,25.970,24.769,26.145
22.944,22.356,22.989,25.016,24.878,25.089
21.949,23.406,23.651,26.366,25.986,26.472
22.248,25.114,21.735,28.365,28.274,28.503
24.859,22.740,22.948,27.181,27.217,27.430
22.709,23.771,21.883,26.098,25.922,26.111
23.666,22.369,23.790,26.058,26.279,26.288
22.019,24.789,23.148,27.682,27.407,27.748
22.386,22.546,21.010,25.173,25.707,24.820
21.675,22.131,22.680,24.913,25.464,24.425
21.580,25.008,22.989,28.089,28.375,28.257
37.599,37.904,37.488,35.676,35.395,35.661
21.647,23.467,23.417,26.377,26.300,26.104
24.261,21.716,23.577,27.475,26.939,27.451
23.854,22.560,20.884,26.662,26.928,27.116
22.984,23.041,22.448,24.938,24.914,25.046
21.378,23.848,20.506,26.793,27.122,26.917
27.001,25.997,27.300,23.077,22.999,24.313
23.969,24.561,23.671,26.400,26.219,26.530
23.453,24.492,21.485,27.484,27.639,27.825
23.641,22.942,22.142,25.525,25.735,25.934
21.935,22.990,22.968,25.313,24.934,25.474
24.501,20.967,24.526,29.091,29.283,28.928
25.021,22.700,23.672,27.462,27.431,27.387
21.778,22.641,24.601,27.429,27.219,27.227
20.500,23.263,24.240,27.896,28.363,28.221
21.735,23.903,22.965,26.247,26.221,26.907
29.429,29.508,29.575,27.246,27.746,26.982
28.062,26.072,27.224,23.078,22.560,24.126
23.958,20.660,23.185,27.411,27.368,28.233
23.944,23.003,21.301,26.674,26.781,26.754
26.703,26.054,25.971,24.253,23.886,23.639
21.071,22.134,23.165,25.540,25.735,25.254
22.904,24.301,21.787,26.872,26.679,26.798
29.853,29.264,29.923,27.305,27.354,27.760
22.220,22.887,23.809,25.781,25.772,25.765
23.747,23.311,22.006,25.967,25.990,26.138
26.265,26.254,26.805,23.824,24.398,23.062
23.446,20.439,24.236,28.591,27.755,28.859
23.008,21.879,24.690,27.387,27.026,27.818
21.449,22.536,21.068,25.029,24.170,25.488
24.043,26.505,21.737,30.763,30.640,30.232
23.878,24.202,22.308,26.802,26.477,27.438
31.985,31.464,32.006,29.955,29.406,29.653
24.341,22.385,23.782,26.504,26.994,26.747
24.244,24.321,22.703,26.599,26.790,27.385
21.913,24.513,22.664,27.072,26.650,27.558
23.598,21.086,22.617,26.097,26.147,26.275
30.703,29.136,29.988,26.525,24.108,26.214
21.932,23.714,22.715,25.691,25.710,25.773
24.620,20.325,23.174,28.504,28.579,28.593
25.200,22.591,21.697,28.284,28.141,28.027
21.887,23.986,23.064,26.204,26.117,26.420
24.611,23.076,24.464,27.147,27.046,26.666
21.873,21.241,22.321,27.458,26.040,24.646
36.034,35.819,36.172,34.186,34.114,33.977
24.551,23.376,22.260,26.880,26.732,26.893
23.750,21.804,22.901,25.957,25.824,25.924
21.832,24.376,23.643,27.212,26.836,27.324
23.746,23.716,22.344,26.461,25.769,26.199
23.132,22.608,24.222,26.238,26.288,25.899
21.563,24.047,24.149,27.214,27.434,27.467
23.256,22.214,22.312,25.466,24.690,25.762
34.846,35.143,35.352,33.215,32.497,33.120
24.834,21.725,23.374,27.711,27.745,27.442
23.682,22.760,24.957,27.306,27.267,26.898
22.685,23.797,20.812,26.594,26.694,26.589
22.637,24.078,22.508,25.886,25.783,26.174
23.622,21.637,23.499,26.092,26.361,26.292
34.885,35.003,34.605,33.054,32.663,32.935
22.124,22.078,23.201,25.042,24.697,25.017
22.080,23.236,25.141,27.832,27.655,27.711
28.786,28.388,27.547,25.553,22.927,24.123
23.325,24.312,24.269,26.703,26.023,26.464
22.821,23.095,23.994,25.573,25.621,25.929
23.171,22.173,21.836,24.776,24.990,24.927
21.645,22.275,23.355,25.074,25.221,25.571
22.547,21.786,22.105,25.202,24.878,23.999
32.425,31.119,32.396,29.563,29.188,29.360
32.201,32.085,32.105,30.509,30.109,30.102
30.051,29.418,29.619,27.077,27.953,27.236
23.170,24.517,22.669,26.479,26.876,26.194
27.432,27.489,26.458,24.287,24.458,25.103
23.963,21.369,24.254,27.482,27.604,27.340
27.238,26.490,26.962,24.580,25.091,24.240
28.062,27.929,27.664,23.344,23.538,25.703
23.345,23.450,20.646,27.077,26.441,26.949
22.628,23.773,24.800,26.761,27.283,26.911
25.041,22.042,23.903,27.841,27.785,27.648
21.923,24.083,22.198,25.790,26.877,26.368
21.829,22.805,23.959,26.170,25.900,25.985
23.562,24.322,22.572,26.143,26.296,26.370
26.521,26.483,26.243,24.607,24.672,24.526
26.735,27.113,26.679,24.779,24.587,23.379
23.633,22.582,22.575,26.123,27.108,25.216
23.061,22.339,22.715,25.698,24.510,25.937
22.262,22.804,22.717,25.963,25.601,24.389
19.710,23.293,22.891,26.840,26.945,27.143
25.494,22.533,23.531,27.707,27.784,28.156
22.444,20.972,23.036,25.066,25.291,25.314
22.304,22.696,22.831,26.185,24.472,26.291
27.809,28.488,27.773,30.091,29.929,29.989
25.294,20.621,23.005,28.888,28.806,28.628
27.574,27.041,26.464,29.236,29.054,29.700
20.951,22.853,23.197,25.543,25.693,25.813
22.119,24.937,21.069,27.945,27.405,28.016
23.687,23.592,20.335,26.995,27.465,27.913
24.079,24.147,21.186,27.690,27.250,27.540
23.634,24.109,22.467,26.042,25.869,26.317
30.568,27.917,29.147,25.363,25.517,25.916
26.062,26.254,25.429,23.138,24.178,23.228
22.460,24.513,21.958,26.506,26.735,26.521
24.881,25.235,25.397,22.987,22.975,23.598
21.590,22.497,23.057,25.069,25.294,24.526
22.080,22.858,24.800,26.788,26.795,27.293
34.155,34.476,33.738,32.443,31.716,31.995
23.667,24.787,22.050,27.354,26.760,27.540
24.657,23.154,22.923,26.267,26.354,26.370
34.288,34.368,34.248,32.586,32.070,32.689
26.633,27.057,26.300,29.003,28.499,28.509
23.049,25.768,22.430,28.122,29.221,27.967
26.210,26.080,26.156,24.553,22.996,23.290
36.232,35.587,36.029,34.213,34.041,34.047
33.383,33.729,33.555,32.007,31.615,31.700
24.913,25.740,25.576,23.619,23.120,23.398
23.998,22.480,21.123,26.124,26.275,26.210
22.112,21.845,22.269,24.483,24.070,23.623
25.520,24.019,21.645,28.529,28.375,28.434
23.793,21.113,23.738,26.677,26.983,26.565
34.073,33.831,34.049,32.362,32.308,32.256
22.493,21.152,28.214,33.146,33.255,31.797
31.199,31.614,31.469,29.791,29.757,29.550
23.047,21.204,24.367,27.195,26.345,27.405
21.238,23.906,23.127,26.353,26.332,26.056
24.278,22.041,21.678,26.106,26.186,26.367
29.962,29.747,28.472,26.946,26.470,27.142
23.642,23.003,22.686,25.585,24.779,25.508
21.280,23.347,22.302,25.245,24.995,25.139
23.854,22.673,22.490,25.629,25.190,25.276
21.622,21.625,22.417,26.131,26.039,23.840
21.466,23.644,24.262,26.685,26.778,26.785
22.458,23.215,19.970,26.177,26.237,25.647
22.795,23.057,23.400,26.350,26.681,24.769
22.646,21.618,22.436,24.104,24.271,24.817
22.519,24.930,23.488,26.655,26.874,26.782
29.834,30.471,30.730,28.400,26.896,28.042
32.856,32.677,33.385,31.343,31.001,31.062
30.190,30.902,31.262,28.897,28.633,28.765
22.748,22.543,23.653,25.220,24.834,25.223
22.424,22.027,23.896,25.290,25.770,25.456
21.418,22.503,21.910,25.286,23.683,25.007
26.982,26.109,27.789,23.942,23.258,24.819
23.714,23.427,23.420,24.987,26.057,25.501
24.416,21.474,23.078,26.564,26.423,26.684
21.639,22.607,23.724,25.574,25.390,25.306
23.229,23.772,24.616,25.840,26.308,26.181
23.832,21.865,22.237,25.280,25.561,25.381
37.869,37.403,37.478,35.940,35.660,36.021
23.429,24.290,24.002,26.017,25.494,26.110
23.092,22.492,20.064,25.875,25.997,25.361
24.658,22.298,22.111,26.577,26.564,26.270
24.256,22.967,21.667,26.195,26.114,26.157
20.541,23.516,24.749,28.042,27.516,28.087
25.171,21.990,22.257,27.239,27.147,27.334
24.628,22.033,21.583,27.692,26.317,26.667
21.194,22.657,21.222,25.467,26.189,23.855
23.022,24.115,20.021,27.099,27.052,27.401
28.592,28.529,29.325,27.158,26.885,26.855
31.021,31.018,31.019,29.209,29.296,29.664
23.030,20.919,22.054,24.618,24.916,24.678
22.072,22.931,22.193,27.193,24.370,26.914
22.896,21.690,21.678,24.674,25.156,23.927
27.015,24.863,24.617,29.985,30.283,28.165
21.265,22.509,22.737,24.096,25.834,25.721
22.833,21.670,22.901,24.614,24.434,25.304
22.404,21.833,22.577,25.498,25.345,23.808
24.743,23.345,21.082,27.350,27.162,27.120
22.519,26.026,22.375,28.289,28.331,28.060
23.547,24.189,21.826,25.981,26.115,26.882
23.681,22.894,21.672,25.563,25.064,25.674
20.442,23.080,22.480,25.209,25.408,25.156
22.870,25.266,22.145,27.186,26.881,27.469
22.077,23.477,21.729,26.599,26.259,24.503
24.058,21.952,21.964,25.953,25.352,25.604
21.959,23.832,20.601,25.952,25.868,25.611
23.557,23.016,22.149,24.664,26.082,26.298
28.510,28.299,28.715,27.125,26.816,26.390
35.621,34.121,34.776,32.886,32.422,32.606
31.033,30.771,31.464,29.675,29.101,29.207
24.223,20.546,22.831,26.434,26.714,26.660
26.348,25.836,25.930,23.476,23.845,24.704
22.743,22.943,21.018,25.347,24.457,25.264
27.483,27.491,27.271,24.025,23.273,25.818
22.869,24.887,21.275,26.950,26.965,26.943
21.255,22.973,22.182,26.795,26.640,24.182
22.615,24.187,22.723,25.682,26.200,25.182
23.539,22.707,21.707,27.600,27.694,24.810
23.634,22.980,24.226,25.315,25.903,25.671
21.443,23.753,24.414,26.729,26.428,26.940
22.482,21.706,24.886,26.546,26.572,26.927
23.784,23.096,22.578,25.037,25.054,25.067
22.711,21.539,22.765,26.488,24.128,26.164
22.750,21.977,23.227,24.495,24.494,24.931
28.927,28.745,28.282,27.204,26.583,27.016
23.064,25.073,24.145,26.799,26.356,26.664
25.632,26.604,26.895,21.678,22.912,24.438
27.184,25.267,27.381,23.754,23.845,24.005
25.351,23.858,22.516,27.206,27.357,26.801
20.720,21.995,23.819,25.544,25.456,25.818
21.412,24.210,21.986,25.708,26.007,25.710
29.769,30.597,30.030,28.430,28.564,28.400
22.531,22.900,24.122,25.429,25.561,25.187
35.214,35.853,35.185,33.768,33.585,33.944
22.872,23.855,21.542,25.650,25.851,25.130
29.513,29.657,29.170,27.608,24.802,24.083
20.400,21.770,24.064,25.711,26.161,26.113
21.112,25.795,23.102,28.123,28.301,27.869
23.619,20.908,22.775,25.287,25.356,25.950
26.970,27.010,27.733,25.885,24.841,24.382
21.644,25.628,24.688,27.465,29.655,29.050
23.022,21.519,24.897,26.437,26.745,26.905
21.240,20.917,23.454,26.015,25.950,24.254
33.848,33.916,34.727,32.731,32.141,32.319
24.751,23.015,19.993,27.233,27.480,27.415
23.058,22.686,21.841,28.281,27.969,24.496
20.511,22.497,22.408,23.966,26.454,27.097
22.636,23.387,23.154,24.634,24.642,25.655
32.169,32.087,31.810,30.586,30.501,30.679
22.975,22.632,21.759,24.319,26.500,27.728
22.488,23.587,22.892,26.103,26.582,24.449
20.818,22.216,22.090,26.463,26.006,23.490
24.030,22.500,23.738,25.388,25.918,25.352
23.683,22.380,22.448,28.077,24.680,27.527
21.617,24.541,24.009,26.620,26.533,26.673
26.429,26.474,25.830,25.029,23.732,23.451
22.708,23.855,21.561,25.172,25.109,25.435
23.531,22.709,21.564,25.733,25.338,24.443
23.532,22.566,23.330,24.887,25.063,24.577
23.548,24.305,21.404,26.221,26.548,25.891
30.985,30.545,30.578,32.111,32.051,32.853
26.863,26.473,25.634,23.735,24.115,24.897
23.008,22.118,22.839,27.032,24.170,27.055
22.012,24.162,22.293,25.012,25.533,25.628
21.989,23.278,21.859,26.225,23.941,26.541
29.507,28.050,29.427,27.476,25.681,25.479
29.993,29.665,30.107,28.642,28.583,28.354
24.945,25.404,25.778,24.201,23.374,23.327
34.389,33.338,32.781,31.723,30.989,31.582
26.368,26.276,26.230,25.216,24.582,23.977
33.769,33.748,33.905,32.695,32.305,32.382
24.014,20.821,24.386,26.621,26.626,27.120
21.446,25.649,23.727,27.445,27.887,27.341
23.284,22.149,22.846,24.212,24.500,24.530
21.360,23.564,21.872,25.753,24.124,25.342
27.679,25.377,22.775,29.675,29.852,29.731
22.495,22.910,20.971,25.484,25.375,23.779
22.742,22.625,23.300,25.306,24.044,25.971
21.966,23.790,23.727,25.472,25.155,25.555
22.696,22.925,22.596,23.778,25.531,25.727
20.994,24.121,21.729,25.690,25.228,25.328
23.330,23.809,20.893,25.960,26.251,25.207
25.699,25.633,25.310,23.719,24.478,23.054
23.549,22.630,22.393,24.696,24.203,24.960
20.838,23.680,24.712,26.891,26.457,26.973
21.698,22.576,22.419,24.903,25.063,23.343
24.536,22.771,24.265,25.828,26.055,25.876
23.211,22.161,22.630,24.063,24.318,24.282
24.576,23.118,21.949,25.992,25.387,26.395
22.241,25.563,23.668,26.841,27.025,26.922
29.771,29.688,29.574,28.172,28.437,28.543
21.488,20.861,25.137,26.396,26.951,26.545
22.181,23.850,21.335,25.064,24.768,25.063
30.379,30.865,30.657,23.764,22.918,28.771
21.885,22.665,23.146,25.185,24.680,23.820
22.763,24.634,23.079,25.664,25.456,25.586
21.940,23.465,24.664,25.820,25.770,26.445
22.766,24.092,23.199,24.853,25.138,25.089
22.248,23.730,20.142,25.031,25.261,25.670
28.679,28.982,28.421,29.830,30.143,30.085
25.406,25.824,25.382,26.781,26.689,27.193
21.431,21.363,24.044,24.803,25.220,25.319
24.503,21.301,22.869,25.236,26.338,26.307
20.803,23.159,23.963,26.003,25.528,25.366
28.519,22.653,21.499,30.261,30.280,31.009
24.798,24.193,23.014,25.893,25.743,26.151
28.019,27.715,27.306,26.031,26.432,26.450
22.382,22.870,25.798,26.884,26.877,26.938
22.354,22.974,22.614,23.648,26.321,26.016
21.763,23.643,19.661,25.738,24.460,25.608
21.496,23.820,21.847,25.611,24.066,26.042
22.020,23.264,22.449,24.805,23.669,24.902
28.113,26.246,23.750,29.679,30.144,29.419
27.075,22.110,20.462,28.973,28.265,29.337
22.868,25.278,21.458,26.484,26.405,26.531
23.561,23.532,22.419,25.453,25.723,24.253
23.387,25.059,23.284,25.930,25.681,26.004
26.597,24.227,24.800,27.259,27.770,27.470
22.996,23.391,22.834,24.625,30.393,30.586
22.386,22.421,21.657,23.123,25.332,25.731
30.106,29.481,28.022,31.172,31.317,31.197
22.465,23.381,23.749,25.030,25.136,24.402
24.381,23.016,22.288,24.833,25.578,25.684
23.769,23.056,21.638,24.312,25.476,25.831
29.785,29.313,30.392,28.605,28.370,28.136
27.187,28.209,27.956,26.082,26.349,24.356
23.684,22.065,23.724,25.628,25.794,24.500
20.590,23.825,22.113,25.513,25.681,24.293
27.203,27.308,27.495,24.211,26.330,23.093
23.863,22.180,22.528,26.387,24.052,26.690
22.646,23.790,23.977,27.716,28.022,24.616
25.199,22.662,23.885,26.130,26.172,26.222
21.737,22.818,23.398,24.756,24.414,24.139
21.445,25.292,24.028,26.798,27.100,26.566
21.049,22.922,22.284,23.566,24.484,24.099
23.113,24.500,21.623,25.275,25.756,25.703
32.851,33.304,33.579,32.276,31.486,31.811
23.449,22.962,22.548,24.128,27.305,28.378
24.350,21.247,24.602,26.726,26.675,26.106
27.639,27.637,29.230,26.368,26.080,26.605
24.256,22.784,25.101,25.922,27.363,26.022
22.953,24.089,22.700,26.557,24.244,26.898
23.419,23.886,22.180,25.032,24.662,24.983
21.772,23.904,23.021,25.037,24.650,24.850
23.043,23.175,21.595,23.670,26.271,26.529
21.628,22.006,24.610,25.510,25.312,25.286
21.344,21.705,23.020,25.285,26.685,23.240
22.421,22.647,23.677,24.074,24.706,24.555
22.447,24.524,22.160,25.061,25.371,25.255
28.484,22.097,22.700,29.746,29.517,29.876
24.880,20.263,23.507,26.439,26.444,26.694
22.324,22.474,23.401,26.361,23.601,26.566
23.740,21.605,21.305,24.726,23.930,25.049
22.683,23.190,21.222,26.069,23.533,27.040
23.100,22.606,22.023,23.732,23.980,25.197
22.874,24.241,21.887,24.445,25.439,26.127
21.060,23.436,23.788,24.508,25.601,26.206
24.518,23.332,22.539,26.873,26.946,24.527
29.760,26.967,29.316,26.416,26.343,26.055
24.514,22.979,24.723,25.753,25.773,25.857
24.583,24.769,24.574,23.818,23.313,23.425
23.978,22.811,20.619,24.934,25.374,25.130
26.027,26.223,25.596,23.380,24.797,24.782
32.533,32.868,32.849,31.698,31.579,31.728
34.853,35.089,34.489,33.826,33.507,33.664
22.847,23.408,21.493,26.092,26.482,23.612
22.654,24.463,21.134,25.423,25.257,25.312
22.049,22.710,25.273,25.854,25.961,26.103
31.529,30.632,30.654,29.622,29.727,29.679
24.319,22.725,22.300,25.155,25.024,24.705
23.101,23.330,23.004,23.753,26.121,26.042
23.784,22.424,23.798,24.247,27.305,26.489
23.672,23.625,23.142,26.074,24.109,26.375
23.725,21.979,20.793,26.000,25.320,23.681
21.862,22.058,24.638,25.464,24.720,26.048
27.889,28.310,28.210,26.585,26.631,23.875
19.980,24.614,23.835,26.308,26.381,26.516
21.810,25.659,21.328,26.487,26.010,26.718
22.565,25.717,24.063,26.487,26.634,26.438
23.328,21.662,23.655,24.759,24.541,24.727
22.574,22.822,23.928,25.850,25.891,23.903
21.688,23.837,23.454,27.279,26.699,24.034
25.005,26.101,24.649,23.600,23.626,24.088
27.350,28.113,28.119,26.620,26.636,26.815
24.778,22.586,23.820,24.799,26.574,26.778
25.087,21.970,23.999,26.192,26.295,25.742
22.705,22.854,20.481,23.080,26.742,27.190
21.900,23.414,23.138,24.594,24.981,23.845
23.569,23.357,22.815,23.825,26.420,26.662
22.479,24.027,22.470,24.717,24.963,24.204
24.555,21.734,20.820,27.223,23.935,27.686
21.962,23.459,22.592,26.488,23.379,26.340
23.026,23.135,23.215,28.085,23.740,28.507
26.031,26.377,26.778,25.524,23.091,24.654
22.558,22.524,21.680,25.022,24.661,22.867
23.209,21.501,25.442,25.836,26.769,26.145
24.875,21.447,22.315,25.509,25.362,25.435
25.316,24.960,25.227,23.594,24.109,24.403
22.757,21.696,22.811,25.722,26.175,23.050
22.096,21.224,22.803,22.731,26.279,25.785
23.088,23.685,21.919,24.997,23.896,24.981
22.193,22.878,23.156,25.186,25.122,23.320
24.609,23.986,20.454,25.661,26.568,26.199
27.776,28.001,28.124,29.061,28.694,29.280
27.304,27.409,27.538,26.391,26.521,26.460
29.350,29.144,28.898,28.058,28.331,27.959
22.333,24.116,21.423,24.907,25.076,24.169
23.523,19.935,22.176,23.571,25.532,25.048
22.869,22.436,22.295,23.297,26.686,24.837
22.758,23.411,23.435,23.680,26.827,26.433
22.868,22.204,22.596,25.292,23.036,25.843
22.782,23.171,23.116,23.441,26.332,26.501
22.579,21.651,21.987,26.169,22.535,25.902
22.101,22.435,22.187,26.551,22.668,25.936
21.959,22.898,22.255,22.843,25.982,26.512
22.215,23.366,23.104,23.409,25.937,25.695
21.798,23.824,24.079,25.494,25.475,24.546
23.739,23.711,24.421,24.631,25.228,25.761
23.115,24.877,25.345,26.316,26.082,26.101
22.461,22.228,24.714,25.642,25.850,24.388
23.655,22.604,21.607,24.286,24.051,24.213
23.930,22.846,23.192,23.868,25.360,25.545
24.160,25.425,22.571,26.064,25.981,26.042
22.541,24.477,23.207,25.750,25.006,24.495
31.314,31.178,30.930,31.951,32.014,32.269
22.117,22.927,23.849,26.444,23.553,27.975
22.759,23.145,23.902,23.775,25.882,25.322
28.539,29.209,28.415,27.757,27.657,27.702
22.623,22.564,22.321,22.822,24.745,24.810
23.371,23.897,20.901,26.816,23.840,25.839
23.339,22.319,22.704,23.336,26.574,25.023
23.865,23.570,21.149,23.704,26.619,26.446
23.997,23.034,23.774,25.384,25.308,24.097
23.072,21.450,22.967,22.849,26.293,26.645
23.577,22.034,23.377,23.458,25.715,25.677
23.735,22.968,23.861,25.673,23.880,25.653
24.631,21.085,24.390,26.030,25.631,25.693
29.282,29.563,27.139,26.761,26.194,27.484
23.287,24.078,23.220,23.722,26.293,26.582
21.916,22.341,24.580,24.517,24.920,24.797
34.764,34.672,34.573,33.773,33.728,34.009
25.037,22.753,22.022,28.112,27.657,23.791
20.671,23.655,24.747,25.556,25.833,25.167
22.399,25.170,24.442,27.260,24.645,27.455
23.613,20.923,23.140,24.167,24.115,24.805
23.915,24.266,22.366,27.436,23.744,27.338
25.837,25.092,26.175,25.087,24.549,23.421
24.211,27.830,28.158,23.319,25.188,23.526
23.401,22.522,24.804,26.695,23.990,26.702
24.775,22.763,22.471,24.524,25.219,25.061
26.375,22.797,26.379,27.245,27.543,27.857
23.155,22.763,23.840,25.784,25.584,23.453
23.665,22.124,21.931,24.411,24.577,23.216
27.488,27.889,28.781,27.499,24.025,26.245
23.102,24.000,24.356,25.731,25.880,24.156
28.679,28.032,28.239,26.983,27.430,23.727
21.593,25.228,21.734,26.607,23.960,26.124
23.179,24.496,21.776,23.596,26.664,26.337
22.740,23.676,21.471,25.682,25.714,22.936
34.585,33.865,34.450,33.539,33.558,33.157
19.924,23.820,21.711,26.022,26.320,22.423
22.510,22.254,22.430,22.374,25.036,25.133
27.905,27.994,27.734,27.235,27.058,27.027
28.885,27.095,29.220,27.303,26.646,22.812
24.000,24.086,24.894,25.235,25.380,25.074
23.369,23.843,23.725,27.354,23.425,27.395
33.182,33.432,33.699,32.842,32.660,32.414
25.316,25.789,24.537,24.792,23.915,23.180
26.176,26.857,26.158,27.698,27.839,26.707
22.777,24.006,22.786,24.159,24.012,24.444
27.650,27.160,27.844,26.830,26.488,23.557
31.093,28.925,29.784,28.722,28.147,28.948
25.062,22.282,21.964,23.225,27.455,27.577
24.229,23.493,22.440,25.476,23.627,25.847
23.280,24.831,21.482,23.596,26.390,27.100
25.250,23.206,23.216,25.454,24.748,25.538
22.267,24.141,25.208,25.268,25.309,25.735
24.927,23.836,23.119,25.618,26.171,24.311
28.713,28.059,28.615,27.137,27.649,28.020
24.569,21.893,24.770,24.107,26.568,27.341
24.629,21.072,23.723,25.802,23.921,26.009
33.734,32.155,33.692,32.371,31.865,32.149
21.913,23.598,23.083,24.357,23.978,23.502
23.265,23.119,23.402,23.426,24.384,24.464
36.085,35.917,35.621,35.277,35.058,35.253
22.651,24.399,22.770,26.217,23.142,25.916
25.956,26.028,26.094,25.120,25.769,23.047
23.062,22.989,23.084,27.110,22.263,27.366
23.143,23.992,23.343,23.326,25.376,25.755
28.687,28.906,29.409,28.107,28.663,27.940
28.164,28.845,28.304,27.555,28.197,27.000
25.928,25.755,23.338,23.871,23.015,23.845
24.959,24.718,24.128,24.206,27.156,27.509
28.588,23.560,25.984,23.899,23.482,24.092
23.268,24.310,23.621,23.720,25.251,25.602
32.185,32.385,32.536,32.120,31.447,31.424
26.310,26.652,26.851,25.521,26.297,25.865
23.365,27.562,26.890,23.434,23.739,24.666
33.055,33.471,33.731,32.922,32.544,32.805
24.638,21.732,22.205,24.681,24.850,23.503
22.938,25.381,22.158,24.760,25.096,24.960
24.402,23.139,23.700,23.273,26.237,26.511
25.407,25.944,26.747,26.721,26.636,27.006
25.958,25.272,23.726,23.468,23.940,24.399
29.347,26.779,29.057,27.694,27.095,26.781
25.030,26.059,25.554,25.157,24.817,24.649
25.284,25.396,25.304,23.809,24.714,25.235
22.172,23.773,24.635,24.685,25.106,24.036
23.855,24.378,21.736,24.853,25.017,23.724
24.126,23.530,24.892,24.743,24.831,25.091
30.748,30.477,31.022,31.276,31.473,31.142
23.538,23.408,23.740,25.883,22.841,25.895
25.251,25.701,25.506,24.882,25.229,24.721
26.914,24.145,26.185,24.810,23.950,25.118
22.344,23.518,24.789,23.110,25.443,26.457
23.949,23.056,24.200,25.829,23.360,25.101
24.010,20.735,24.647,24.471,25.791,23.806
27.609,27.797,27.848,28.078,27.937,28.999
24.889,24.355,20.597,24.796,24.702,24.936
25.895,24.146,22.234,25.354,25.378,25.234
23.379,25.108,25.371,23.565,24.448,23.217
21.105,22.237,25.359,23.524,24.668,24.846
32.091,31.012,32.188,31.242,31.208,31.112
22.555,24.720,20.901,24.149,23.197,24.533
32.813,32.859,32.753,32.640,32.165,32.302
25.486,23.898,25.092,23.586,24.575,24.244
23.684,23.420,24.200,24.381,24.247,24.097
24.443,24.868,24.278,24.229,23.835,24.150
36.954,36.828,36.930,36.613,36.548,36.329
24.083,24.092,22.437,25.255,22.991,25.221
24.110,23.468,20.895,23.386,24.088,24.047
28.856,28.409,28.407,29.428,28.418,29.367
28.059,23.001,27.063,24.605,25.106,23.833
24.081,22.362,23.575,22.445,25.274,25.600
24.992,25.547,25.048,25.227,24.336,24.603
23.857,24.389,24.017,25.206,24.069,24.484
23.227,25.849,26.056,24.475,24.646,22.974
25.593,23.289,26.309,23.633,24.699,24.129
27.761,21.580,27.273,23.379,22.994,24.833
26.426,24.491,25.269,25.218,21.839,25.644
31.322,29.179,30.503,30.948,30.646,31.329
23.582,25.038,22.616,23.219,25.442,25.119
24.470,21.442,24.223,24.553,24.311,23.825
32.004,31.631,31.863,31.530,31.626,31.293
22.488,24.316,24.394,21.775,23.802,23.341
27.673,21.963,25.464,26.335,26.367,26.423
26.388,26.403,26.849,26.254,26.201,26.133
22.184,23.960,23.125,24.719,24.895,22.145
25.195,25.228,24.642,24.915,23.748,25.022
22.266,24.173,24.010,24.169,23.279,24.985
21.940,26.743,26.787,23.632,23.968,24.456
26.567,26.948,26.302,27.273,23.542,26.653
26.857,22.348,26.486,24.852,23.113,24.773
24.109,24.612,22.524,24.725,23.448,24.633
24.931,25.373,21.913,23.720,23.399,23.069
29.971,25.581,28.755,27.618,25.071,28.690
24.856,20.321,25.241,23.886,24.230,25.060
35.707,31.831,35.069,33.206,33.567,33.730
23.952,24.721,23.345,24.107,24.019,24.886
25.392,25.883,23.420,23.116,25.269,24.701
24.019,24.288,25.031,25.517,23.529,25.537
31.785,31.724,31.634,31.506,31.383,31.652
32.684,32.368,32.125,32.160,32.225,32.172
25.753,23.808,25.255,24.572,24.674,24.659
37.471,37.705,37.865,37.573,37.363,37.577
22.102,26.730,26.562,24.142,24.663,24.881
24.936,23.746,25.118,24.365,24.327,24.462
25.066,24.688,22.799,23.160,23.029,25.239
25.102,24.867,23.895,24.770,24.197,24.306
26.306,24.863,22.794,25.008,24.601,23.315
26.336,21.440,25.923,24.689,24.054,23.557
32.286,32.350,32.330,32.282,32.177,32.217
31.154,30.853,30.722,30.930,30.812,30.698
24.580,24.886,23.934,22.486,24.676,25.586
33.473,33.207,33.254,33.683,33.251,33.268
29.817,29.490,29.750,29.900,29.637,29.728
30.773,30.658,30.860,30.749,30.914,30.466
24.573,22.034,24.468,23.512,23.290,24.578
24.318,22.362,24.791,23.864,25.396,22.529
27.806,22.052,26.355,26.489,23.959,25.899