Intensity,Intensity LEIBR,Intensity LEIDO,Intensity LEIIN,Intensity LEIAM,Intensity LEIMA,Intensity LEITA,Intensity LEITR
4953700000,627680000,995600000,623930000,93055000,169060000,2382100000,62299000
83992000,83992000,0,0,0,0,0,0
25922000,0,0,0,0,0,25922000,0
138940000,0,19973000,18728000,0,19123000,77997000,3122800
5759300,0,0,0,0,0,5759300,0
162710000,0,53066000,25481000,0,30023000,46906000,7239000
45046000,11059000,0,0,0,8261100,25726000,0
11354000,11354000,0,0,0,0,0,0
536210,536210,0,0,0,0,0,0
142810000,142810000,0,0,0,0,0,0
823630000,447140000,0,0,97480000,2706100,264640000,11668000
29443000,29443000,0,0,0,0,0,0
32568000,0,0,0,32568000,0,0,0
682910000,29933000,0,0,652980000,0,0,0
20413000,0,0,0,0,0,0,20413000
10094000,10094000,0,0,0,0,0,0
2480500,2480500,0,0,0,0,0,0
21379000,9542400,0,0,11837000,0,0,0
2621400,0,0,0,0,2621400,0,0
7403400,7403400,0,0,0,0,0,0
110630000,110630000,0,0,0,0,0,0
42850000,19046000,0,0,0,0,23803000,0
240230000,0,14586000,0,0,0,225640000,0
715280,0,0,0,0,0,0,715280
53933000,0,0,0,0,0,53933000,0
4878400,0,0,0,0,4878400,0,0
74107000,0,0,0,0,74107000,0,0
5992200,0,0,0,0,5992200,0,0
14004000,0,8866200,511080,0,0,4626500,0
232660000,96059000,0,0,26476000,0,110120000,0
60102000,37288000,17677000,0,0,5137300,0,0
2503600,1352500,0,0,0,0,1151200,0
9318400000,9318400000,0,0,0,0,0,0
708400000,708400000,0,0,0,0,0,0
16727000000,15712000000,100220000,285810000,302510000,270840000,4369800,51150000
90339000,55491000,1276600,3147200,0,597350,29827000,0
35451000,35451000,0,0,0,0,0,0
33279000,33279000,0,0,0,0,0,0
17046000,17046000,0,0,0,0,0,0
8560200,8560200,0,0,0,0,0,0
10740000,10740000,0,0,0,0,0,0
2643100,2024000,619090,0,0,0,0,0
389870000,210070000,24482000,110060000,2545500,13065000,28900000,748360
41284000,41284000,0,0,0,0,0,0
180630000,20646000,0,0,0,0,159980000,0
1008800000,1008800000,0,0,0,0,0,0
6341000,6341000,0,0,0,0,0,0
91801000,60218000,23275000,8307300,0,0,0,0
6985400,6985400,0,0,0,0,0,0
11534000,11534000,0,0,0,0,0,0
32348000,32348000,0,0,0,0,0,0
2262500000,1409400000,122640000,85932000,74022000,136900000,422200000,11412000
148950000,33778000,0,0,0,0,115170000,0
22947000,22947000,0,0,0,0,0,0
110560000,8797800,19343000,42391000,2707800,18091000,19228000,0
27488000,27488000,0,0,0,0,0,0
133740000,50648000,61660000,3238100,1905100,0,16286000,0
818860000,818860000,0,0,0,0,0,0
793560000,155770000,47097000,4099100,78464000,3690100,504430000,0
23445000,23445000,0,0,0,0,0,0
6293200,6293200,0,0,0,0,0,0
4937100,4937100,0,0,0,0,0,0
41312000,41312000,0,0,0,0,0,0
22059000,22059000,0,0,0,0,0,0
37253000,37253000,0,0,0,0,0,0
65742000,65742000,0,0,0,0,0,0
1431000,1431000,0,0,0,0,0,0
34845000,34845000,0,0,0,0,0,0
176480000,176480000,0,0,0,0,0,0
47375000,47375000,0,0,0,0,0,0
171340000,171340000,0,0,0,0,0,0
30023000,30023000,0,0,0,0,0,0
18439000,18439000,0,0,0,0,0,0
74723000,0,0,66170000,0,0,8552500,0
40396000,1338300,0,0,0,2487700,36570000,0
28826000,28826000,0,0,0,0,0,0
24733000,0,0,0,0,0,24733000,0
17649000,17649000,0,0,0,0,0,0
143720000,29254000,0,0,0,0,114460000,0
1863800,1863800,0,0,0,0,0,0
13026000,13026000,0,0,0,0,0,0
7425300,7425300,0,0,0,0,0,0
145750000,64842000,0,0,0,0,80905000,0
32062000,32062000,0,0,0,0,0,0
20952000,12478000,1110400,1356300,0,0,6007200,0
372110000,309400000,0,0,0,0,62708000,0
69617000,69617000,0,0,0,0,0,0
22806000,0,0,0,6325900,0,16481000,0
59265000,59265000,0,0,0,0,0,0
976280000,342900000,0,0,0,0,633380000,0
2037000,2037000,0,0,0,0,0,0
2360200,2360200,0,0,0,0,0,0
6252800,6252800,0,0,0,0,0,0
26623000,26623000,0,0,0,0,0,0
65948000,65948000,0,0,0,0,0,0
29271000,29271000,0,0,0,0,0,0
24811000,5619600,0,17092000,0,700980,1398300,0
612680000,11764000,29843000,23352000,0,0,547720000,0
109480000,99455000,0,0,0,0,10027000,0
120920000,120920000,0,0,0,0,0,0
11972000,11972000,0,0,0,0,0,0
95652000,13350000,0,0,0,0,82302000,0
1531900,1531900,0,0,0,0,0,0
2546500,0,0,0,0,0,2546500,0
797820,797820,0,0,0,0,0,0
503040000,503040000,0,0,0,0,0,0
40446000,40446000,0,0,0,0,0,0
40725000,40725000,0,0,0,0,0,0
70038000,70038000,0,0,0,0,0,0
3323700,3323700,0,0,0,0,0,0
527360000,527360000,0,0,0,0,0,0
26277000,26277000,0,0,0,0,0,0
2732000,0,0,0,0,0,2732000,0
13748000,13748000,0,0,0,0,0,0
126230000,110990000,0,0,0,0,15236000,0
15490000,12329000,0,0,3160900,0,0,0
75247000,72846000,0,0,2401700,0,0,0
50103000,15259000,0,0,0,0,34844000,0
8478900,8478900,0,0,0,0,0,0
34289000,749480,0,0,0,33539000,0,0
3589600,3589600,0,0,0,0,0,0
24111000,24111000,0,0,0,0,0,0
23909000,23909000,0,0,0,0,0,0
386710000,210250000,20982000,12890000,3851200,118280000,0,20449000
87744000,87744000,0,0,0,0,0,0
42048000,15287000,0,0,0,3461400,22382000,918070
13340000,13340000,0,0,0,0,0,0
4099600,4099600,0,0,0,0,0,0
333180000,239930000,0,0,0,0,93253000,0
1070400000,21965000,1438900,68508000,0,251890000,585400000,141160000
6980100,6980100,0,0,0,0,0,0
12478000,12478000,0,0,0,0,0,0
2783800,2783800,0,0,0,0,0,0
75196000,4464000,40079000,30653000,0,0,0,0
82275000,82275000,0,0,0,0,0,0
14119000,0,0,8008700,0,0,4641300,1468900
38853000,38853000,0,0,0,0,0,0
2271000,2271000,0,0,0,0,0,0
20283000,20283000,0,0,0,0,0,0
4642300,4642300,0,0,0,0,0,0
0,0,0,0,0,0,0,0
282930000,231070000,0,0,0,0,51862000,0
45676000,0,488260,0,0,14399000,29907000,880570
35688000,35688000,0,0,0,0,0,0
3766900,3766900,0,0,0,0,0,0
39541000,21286000,0,0,0,0,18255000,0
1292900000,1201200000,28910000,0,0,62766000,0,0
225290000,148860000,0,0,0,0,76428000,0
46583000,46583000,0,0,0,0,0,0
44292000,44292000,0,0,0,0,0,0
7039100,7039100,0,0,0,0,0,0
1902600,1902600,0,0,0,0,0,0
5032800,5032800,0,0,0,0,0,0
40414000,40414000,0,0,0,0,0,0
23385000,22381000,0,0,1004900,0,0,0
2749500,2749500,0,0,0,0,0,0
7138100,7138100,0,0,0,0,0,0
34663000,34663000,0,0,0,0,0,0
16270000,13790000,0,0,0,0,2480500,0
2950900000,2950900000,0,0,0,0,0,0
206470000,206470000,0,0,0,0,0,0
28757000,28757000,0,0,0,0,0,0
90395000,90395000,0,0,0,0,0,0
281920000,281920000,0,0,0,0,0,0
132970000,0,132970000,0,0,0,0,0
74500000,0,9247400,65253000,0,0,0,0
212210000,0,11730000,153770000,0,0,0,46710000
48798000,0,0,48798000,0,0,0,0
3399800000,0,634300000,1677700000,485930000,421580000,72717000,107580000
285910000,0,135330000,147980000,0,2597800,0,0
311370000,0,47734000,133950000,0,2739000,126940000,0
1632500,0,0,1632500,0,0,0,0
27929000,0,0,27088000,0,0,0,840580
9518100000,21245000,3713500000,4147500000,1392200000,19209000,57094000,167390000
392790000,0,257960000,21376000,0,26473000,81779000,5200400
1366500000,0,580590000,430340000,0,334750000,0,20859000
8903200,0,0,8903200,0,0,0,0
6653900,0,0,6653900,0,0,0,0
2793600000,12668000,1594600000,438060000,59133000,53381000,631070000,4697400
43882000,0,22103000,0,0,21779000,0,0
156080000,8903800,125060000,10489000,0,1539200,9379700,712330
165750000,0,33335000,50715000,7395800,19942000,54362000,0
69269000,8033900,60388000,0,0,0,847650,0
3917400,0,0,3917400,0,0,0,0
89372000,0,65457000,20564000,0,1478600,0,1871600
9251700,0,0,9251700,0,0,0,0
8576900,0,0,8576900,0,0,0,0
116440000,0,41839000,34470000,37468000,1138800,0,1529000
576330,0,576330,0,0,0,0,0
7026800,0,7026800,0,0,0,0,0
86580000,0,29511000,57069000,0,0,0,0
760970000,88628000,475490000,15979000,6094400,2083800,168880000,3819100
7797000,0,7797000,0,0,0,0,0
241820000,0,54972000,15251000,0,4679300,164740000,2183000
6012200,0,0,0,0,0,6012200,0
824000000,1422300,0,0,46458000,25368000,743900000,6845600
41808000,0,10917000,19599000,0,9232300,0,2060800
2075900000,58883000,244050000,300330000,99856000,1182300000,92214000,98289000
9991300,0,0,9991300,0,0,0,0
12966000,0,0,0,0,12966000,0,0
19156000,0,2583600,16572000,0,0,0,0
7927800,0,2525000,0,0,0,5402800,0
586200000,0,178330000,96750000,49511000,14566000,242960000,4075500
1608600000,0,448370000,76675000,18095000,0,1032900000,32577000
2773700000,81363000,215250000,663210000,131100000,385180000,1267300000,30216000
278740000,11035000,22293000,75062000,68584000,6709000,95054000,0
32261000,0,0,21269000,0,9877700,0,1114600
151590000,0,38499000,91892000,12448000,0,8750200,0
38688000,0,0,0,13946000,12623000,12119000,0
2742400,0,654960,405120,0,1682300,0,0
589860000,86907000,293200000,77441000,0,13171000,101340000,17795000
5558200,0,0,5558200,0,0,0,0
473820,0,0,473820,0,0,0,0
196990000,3278600,163920000,29794000,0,0,0,0
8564700,0,0,1613600,0,0,0,6951100
2642600,0,0,2642600,0,0,0,0
4287400,0,0,0,0,3029300,0,1258000
6262600,0,0,0,6262600,0,0,0
12467000,0,479410,11987000,0,0,0,0
48766000,18101000,13329000,1744800,0,0,15591000,0
83095000,0,21819000,61276000,0,0,0,0
9528300,0,0,9528300,0,0,0,0
9247100,0,1143000,8104200,0,0,0,0
29331000,0,0,29331000,0,0,0,0
44857000,0,4237700,27067000,0,8187700,0,5364600
6894700,0,0,6523600,0,0,0,371140
15124000,0,3610400,0,0,1565300,7652800,2295200
7252800,0,7252800,0,0,0,0,0
5607400,0,3283100,0,0,2324300,0,0
406160000,37061000,36450000,104430000,0,194590000,0,33631000
2223500,0,0,2223500,0,0,0,0
20556000,0,8582200,11463000,0,0,0,510790
4681500,0,0,0,0,4681500,0,0
8388200,0,8388200,0,0,0,0,0
2850000,0,0,2850000,0,0,0,0
336400000,43317000,171770000,24609000,0,1194300,79868000,15647000
41282000,0,0,41282000,0,0,0,0
191710000,47929000,12770000,79743000,10142000,28786000,0,12335000
1514600000,0,0,0,1421800000,78756000,0,14021000
688370,0,0,0,0,0,0,688370
71901000,8780400,0,0,8567800,0,54553000,0
190340000,0,12486000,0,44480000,14978000,117510000,877760
2138600,0,0,0,2138600,0,0,0
29709000,29709000,0,0,0,0,0,0
362150000,0,0,0,361220000,0,0,925340
157680000,0,0,0,0,0,157680000,0
231110000,0,231110000,0,0,0,0,0
5322900000,0,0,0,5322900000,0,0,0
17175000000,0,16416000,0,17159000000,0,0,0
1107600000,0,0,1101600000,0,5478300,0,529960
132650000,0,55293000,74742000,2614200,0,0,0
442300000,0,2489000,0,439810000,0,0,0
11962000,0,0,0,0,11962000,0,0
6302100,0,0,0,0,6302100,0,0
16948000,0,0,0,0,0,16948000,0
12614000,0,3116900,0,0,7334600,2162100,0
84227000,0,0,0,0,76502000,0,7725700
4985400,0,0,0,0,4985400,0,0
1852200000,62414000,548270000,186520000,0,653820000,382240000,18988000
13554000,0,0,0,0,3420800,10133000,0
86937000,0,5090600,38161000,5414400,35413000,0,2859000
302980000,0,30173000,3502800,6890100,78530000,166340000,17545000
617800000,12781000,77008000,102580000,41453000,126900000,257080000,0
78050000,78050000,0,0,0,0,0,0
1097300,0,0,0,0,1097300,0,0
2207000,0,0,0,0,2207000,0,0
6453500,0,6453500,0,0,0,0,0
22458000,17730000,0,0,0,3830000,0,898480
392020,0,0,0,0,392020,0,0
402970,0,0,0,0,0,402970,0
77267000,0,0,9093200,0,63734000,0,4440000
16834000,0,0,10864000,5969500,0,0,0
468670000,4384000,0,0,0,464280000,0,0
36515000,0,0,0,884360,7235700,28395000,0
55686000,0,33965000,10094000,0,7624300,0,4003400
203290000,0,133070000,17250000,0,51734000,0,1236200
201580000,0,0,0,0,201580000,0,0
402620000,0,200250000,10696000,44166000,134030000,10520000,2951900
56623000,0,0,0,10277000,9195800,27000000,10150000
37476000,0,0,0,0,1864100,35612000,0
1459000,0,0,0,0,1067700,0,391300
14298000,0,0,0,0,0,14298000,0
12676000,0,0,0,0,8055500,4620700,0
117980000,8748200,13602000,22086000,12257000,13719000,45926000,1645800
126000000,0,0,5245900,0,120750000,0,0
339400,0,0,0,0,0,0,339400
286560000,1797500,105050000,38140000,8637500,103910000,0,29035000
13334000,0,0,0,0,13334000,0,0
132330000,0,10826000,0,0,33773000,0,87735000
13565000,0,0,0,0,13565000,0,0
53341000,2624600,4181300,0,0,17146000,25315000,4074400
13613000,0,0,0,0,935380,12678000,0
857500000,46758000,76287000,42149000,109700000,370690000,203150000,8769900
54030000,0,0,0,0,0,54030000,0
34314000,0,0,0,0,27563000,6751300,0
25238000,0,0,0,0,25238000,0,0
2659300,0,0,0,0,1980700,678600,0
54417000,6816800,0,0,0,47600000,0,0
1276600,0,0,0,0,1276600,0,0
22720000,0,0,0,0,0,22720000,0
25111000,0,0,0,0,25111000,0,0
24279000,0,0,0,0,24279000,0,0
33674000,0,18170000,0,0,15504000,0,0
72292000,0,41250000,1983700,0,29058000,0,0
9063700,0,0,0,0,9063700,0,0
308760000,0,35136000,54547000,22358000,132640000,56350000,7732000
51789000,0,19884000,31905000,0,0,0,0
7675500,0,0,7675500,0,0,0,0
72048000,0,0,72048000,0,0,0,0
80248000,0,54297000,25951000,0,0,0,0
21039000,0,0,0,0,20093000,0,945730
1834300000,67827000,133450000,245480000,57493000,80026000,1227300000,22713000
746920000,18098000,495920000,50408000,0,81272000,95806000,5416200
7111500,0,0,7111500,0,0,0,0
39210000,0,21296000,17915000,0,0,0,0
7507800,0,0,6893200,0,614670,0,0
2418500000,99440000,170680000,115850000,97080000,1579300000,276430000,79730000
15564000,0,0,0,0,13663000,0,1900500
4241300,4241300,0,0,0,0,0,0
392510000,371830000,20688000,0,0,0,0,0
5730100,5730100,0,0,0,0,0,0
5633900,0,0,0,3825700,1808200,0,0
38053000,0,24388000,3689500,7706900,1188300,0,1080600
17952000,0,0,0,17952000,0,0,0
22705000,0,0,0,0,0,22705000,0
105060000,0,4879700,0,77453000,0,22732000,0
5992200,0,0,0,0,0,5992200,0
55892000,0,0,0,55892000,0,0,0
1518200,0,0,0,1518200,0,0,0
140800000,0,1497000,0,89785000,47306000,0,2213400
95011000,0,0,0,0,906380,94104000,0
3072500,0,0,0,0,0,3072500,0
32674000,0,0,0,0,0,32674000,0
6885500,0,0,0,6885500,0,0,0
190650000,0,20131000,26371000,47631000,0,93570000,2948400
30314000,0,0,0,30314000,0,0,0
369050000,43927000,0,0,94179000,0,230940000,0
251740000,0,0,0,31864000,11187000,206780000,1912000
238040000,0,0,0,238040000,0,0,0
14903000,0,0,0,14903000,0,0,0
86463000,0,0,0,86463000,0,0,0
48827000,0,0,0,16099000,0,32727000,0
5996500,0,0,0,5996500,0,0,0
2303700,0,0,0,2303700,0,0,0
57403000,0,0,10585000,46818000,0,0,0
18537000,0,0,0,0,0,18537000,0
2320200,0,0,0,0,0,2320200,0
1668800,939490,0,0,0,0,729360,0
12820000,4270200,0,3838100,4452000,259950,0,0
1141400,0,0,0,1141400,0,0,0
6444100,0,0,0,6444100,0,0,0
1524700,0,0,0,1524700,0,0,0
4610200,0,0,0,4610200,0,0,0
39963000,0,0,0,39963000,0,0,0
571320000,20958000,264470000,15751000,213940000,41185000,14616000,401020
45101000,0,0,0,45101000,0,0,0
31309000,9266900,0,0,14922000,0,7120200,0
20183000,0,8349600,0,11649000,184560,0,0
3023600,0,0,0,3023600,0,0,0
11807000,0,0,0,0,0,11807000,0
18942000,0,0,0,18942000,0,0,0
4800800,0,0,0,4800800,0,0,0
2557000,0,0,0,2557000,0,0,0
557110000,0,0,0,557110000,0,0,0
1951800000,0,0,0,1907500000,0,44273000,0
259700,0,0,0,259700,0,0,0
82515000,0,0,0,75903000,6612000,0,0
13692000,0,0,0,1776300,0,11916000,0
6677000,0,0,0,6677000,0,0,0
1634900,0,0,0,0,0,0,1634900
134320000,0,0,0,134320000,0,0,0
5034000,0,0,0,5034000,0,0,0
22783000,0,0,0,22783000,0,0,0
5685100,0,0,0,5685100,0,0,0
19182000,0,0,0,19182000,0,0,0
43112000,0,0,0,43112000,0,0,0
19366000,0,0,0,19366000,0,0,0
4858800,0,0,0,4858800,0,0,0
62064000,11215000,0,0,50849000,0,0,0
2365900,0,0,0,0,1173300,1192500,0
214550000,0,0,0,0,0,214550000,0
80621000,0,0,0,80621000,0,0,0
17208000,0,0,0,17208000,0,0,0
45043000,0,0,0,45043000,0,0,0
1037700,0,0,0,1037700,0,0,0
49609000,0,0,0,4998100,0,44611000,0
7582800,0,0,0,7582800,0,0,0
8211300,0,334090,0,0,0,7877200,0
5027300,0,0,0,5027300,0,0,0
7597000,7597000,0,0,0,0,0,0
66189000,0,0,0,23424000,0,42764000,0
6231500,0,0,0,6231500,0,0,0
32268000,0,0,0,32268000,0,0,0
45662000,0,0,0,45662000,0,0,0
36527000,0,0,0,10484000,20979000,5064300,0
150440,0,0,0,0,0,0,150440
396670,0,0,0,0,0,0,396670
5205700,0,0,0,5205700,0,0,0
12544000,0,0,0,12544000,0,0,0
12042000000,1127900000,595290000,1416500000,818310000,606210000,7332400000,145650000
15889000,0,0,0,13935000,1953800,0,0
24384000,0,0,0,0,0,24384000,0
1456500,0,0,0,1456500,0,0,0
8460700,0,0,0,8460700,0,0,0
376500000,0,0,0,16251000,0,358350000,1895600
2493900,0,0,0,2493900,0,0,0
354660000,0,0,0,17728000,1840900,333220000,1874100
242440000,38534000,0,0,23642000,35997000,144270000,0
4293500,0,0,0,4293500,0,0,0
61772000,0,0,0,54098000,0,7673900,0
36893000,0,0,0,36893000,0,0,0
26972000,0,0,0,26972000,0,0,0
218340000,97578000,0,0,91569000,0,29196000,0
15385000,0,0,0,15385000,0,0,0
11964000,0,0,0,0,0,11964000,0
35796000,0,0,0,35796000,0,0,0
412570000,16172000,107980000,15233000,51005000,47652000,163740000,10792000
75161000,0,6950900,14029000,0,0,51565000,2616100
110980000,0,0,0,17286000,0,93694000,0
128410000,0,0,0,5278200,0,123130000,0
12538000,0,0,0,12538000,0,0,0
623290,0,0,0,0,0,0,623290
104990000,0,0,0,9097700,876850,93863000,1153800
112610000,0,0,0,883320,0,111730000,0
13794000,0,0,0,0,0,13794000,0
89613000,0,0,0,89613000,0,0,0
157420000,0,0,0,7323600,0,150100000,0
1058800,0,0,0,1058800,0,0,0
33037000,0,0,0,0,33037000,0,0
14254000,0,0,0,14254000,0,0,0
30213000,0,0,0,30213000,0,0,0
14175000,0,0,0,14175000,0,0,0
10955000,0,0,0,0,0,10955000,0
3217900,0,0,0,0,0,0,3217900
4041200,0,0,0,4041200,0,0,0
94668000,0,0,0,94668000,0,0,0
9188700,0,0,0,0,7401400,0,1787300
1034900,0,0,0,0,0,1034900,0
2341100,0,0,0,2341100,0,0,0
19806000,0,0,0,19806000,0,0,0
17515000,0,0,0,17515000,0,0,0
319510,0,0,0,319510,0,0,0
21413000,5159000,0,0,16254000,0,0,0
30608000,0,0,0,0,0,30608000,0
18577000,0,0,0,0,0,18577000,0
35637000,0,0,0,35637000,0,0,0
1781900,0,0,0,1781900,0,0,0
10218000,0,0,0,10218000,0,0,0
9785300,0,0,0,9785300,0,0,0
204070000,0,10742000,0,193320000,0,0,0
5159600,0,0,0,5159600,0,0,0
64959000,0,22659000,13805000,28495000,0,0,0
220960000,125020000,66478000,0,29458000,0,0,0
15717000,3479900,4645500,3105000,938210,3548500,0,0
254300000,49499000,128260000,5292700,34885000,0,36364000,0
181770000,29166000,0,0,152600000,0,0,0
432260000,0,0,0,0,1267900,430990000,0
30632000,0,0,0,5206200,0,0,25425000
333890000,0,0,0,333890000,0,0,0
2455000,0,0,0,2455000,0,0,0
9813200,0,0,0,9813200,0,0,0
4738200,0,0,0,979060,764630,2994500,0
896310,0,0,0,896310,0,0,0
11158000,0,0,0,11158000,0,0,0
124760000,6680200,0,0,118080000,0,0,0
836220,0,0,0,836220,0,0,0
95089000,0,52024000,9562400,4718300,0,28785000,0
305750000,0,0,0,305750000,0,0,0
5742500,0,0,0,5742500,0,0,0
156740000,0,0,0,156740000,0,0,0
5080300,0,0,0,5080300,0,0,0
57250000,0,0,0,0,0,57250000,0
26555000,0,0,0,14499000,9162200,0,2894500
4585600,0,0,0,0,0,4585600,0
75400000,0,0,0,75400000,0,0,0
16660000,1561000,7608800,893910,4258600,1132600,0,1204800
5544200,0,0,0,0,0,5544200,0
111030000,0,12793000,36681000,43755000,17800000,0,0
4365900,0,0,0,4365900,0,0,0
16307000,0,0,0,0,0,16307000,0
3335400,0,0,0,3335400,0,0,0
17918000,0,0,0,17918000,0,0,0
1508500,0,0,0,1508500,0,0,0
1604000,0,0,0,1604000,0,0,0
21426000,0,14856000,0,6570600,0,0,0
503630000,365250000,473710,8358500,129540000,0,0,0
101410000,0,0,0,101410000,0,0,0
2051400,0,0,0,2051400,0,0,0
13409000,0,0,0,12665000,744490,0,0
27537000,0,0,0,27537000,0,0,0
7207400,0,0,0,7207400,0,0,0
215100000,3841400,0,0,193710000,17543000,0,0
1847800,0,0,0,1847800,0,0,0
12395000,0,0,0,0,12395000,0,0
367950000,0,0,2805500,365150000,0,0,0
101020000,0,6594000,956830,50262000,19650000,17895000,5664300
13710000,0,0,0,13710000,0,0,0
1373800,0,0,0,536090,837740,0,0
23886000,0,0,0,17275000,6611300,0,0
11327000,0,0,0,11327000,0,0,0
5454100,0,0,0,0,0,5454100,0
8531700,0,0,0,8531700,0,0,0
21254000,0,0,0,1201900,0,20052000,0
9792200,0,0,0,9792200,0,0,0
83512000,0,0,0,83512000,0,0,0
1989400,0,0,1989400,0,0,0,0
659060000,0,0,0,659060000,0,0,0
254250000,41412000,19667000,43166000,4118200,12334000,131140000,2405900
89149000,0,0,0,89149000,0,0,0
1639500,0,0,0,1639500,0,0,0
1918100,0,0,0,249190,1668900,0,0
62553000,0,0,0,62553000,0,0,0
563460000,0,0,0,76716000,0,474710000,12038000
45865000,0,0,0,5913400,39952000,0,0
538610,0,0,0,0,538610,0,0
7715100,0,0,0,7715100,0,0,0
13508000,0,0,0,13508000,0,0,0
41194000,0,0,0,33533000,0,0,7660600
1299300,0,0,0,1299300,0,0,0
39218000,0,0,0,39218000,0,0,0
98179000,0,0,0,95136000,3042700,0,0
2349800,0,0,2349800,0,0,0,0
668900,0,0,0,668900,0,0,0
244400,0,0,0,244400,0,0,0
5840200,5114100,726150,0,0,0,0,0
9645600,0,0,0,9645600,0,0,0
6165000,0,0,0,6165000,0,0,0
5379200,0,0,0,3781100,0,0,1598200
44409000,0,19749000,0,24660000,0,0,0
156740000,0,0,0,156740000,0,0,0
2464000,0,0,0,0,2464000,0,0
242420000,10647000,37271000,5147100,40384000,44856000,90532000,13582000
234280000,0,148890000,13345000,16529000,34140000,0,21380000
4152200,0,0,0,4152200,0,0,0
8681600,0,0,8681600,0,0,0,0
59220000,0,59220000,0,0,0,0,0
3218700000,40143000,2219200000,280270000,0,277320000,390990000,10752000
1768500000,78961000,920490000,159580000,31397000,80130000,484980000,12966000
5212200,1483300,3728900,0,0,0,0,0
73567000,0,15167000,20282000,0,2944000,35174000,0
5144100,0,0,0,0,0,0,5144100
57444000,0,57444000,0,0,0,0,0
17575000,0,16422000,1152100,0,0,0,0
205960000,0,135330000,12227000,22984000,35423000,0,0
1558300,0,1558300,0,0,0,0,0
237160000,0,206620000,0,19072000,11469000,0,0
392130000,0,297270000,94856000,0,0,0,0
143580000,0,127540000,11314000,0,4731500,0,0
918340000,0,437940000,66355000,0,0,414040000,0
79323000,0,32427000,46896000,0,0,0,0
37125000,0,37125000,0,0,0,0,0
85594000,0,48188000,5111100,0,5053500,15954000,11288000
126590000,19321000,88751000,18521000,0,0,0,0
78388000,0,78388000,0,0,0,0,0
1122800,0,1122800,0,0,0,0,0
203450000,39604000,75531000,19877000,20855000,24686000,18645000,4250800
62757000,0,58096000,0,0,4660800,0,0
29578000,0,29578000,0,0,0,0,0
368570000,67526000,205040000,34346000,0,0,61664000,0
191750000,2042900,78552000,94333000,0,0,9943500,6877600
767410000,0,614770000,3529200,110290000,3859600,25792000,9171900
60217000,0,49450000,0,0,10767000,0,0
38418000,0,8386400,25887000,4145100,0,0,0
2351100,0,2351100,0,0,0,0,0
67409000,0,0,0,0,0,67409000,0
51991000,0,5097400,4222000,5893500,0,36198000,579770
84553000,0,59333000,9520800,3491900,8774100,0,3432500
36853000,0,36853000,0,0,0,0,0
2583000,0,2583000,0,0,0,0,0
983760000,0,676720000,129700000,129290000,20363000,24863000,2831300
36966000,0,22881000,1832900,0,0,12252000,0
42995000,0,33511000,9483900,0,0,0,0
12541000,0,12541000,0,0,0,0,0
1696000000,18529000,1208200000,69018000,162840000,61397000,172130000,3898600
2693300,0,0,0,0,0,0,2693300
46711000,0,19103000,27608000,0,0,0,0
42192000,3116800,29625000,0,0,0,9450200,0
23117000,0,10381000,5020300,0,1141700,6573900,0
795740000,37550000,84159000,55620000,0,7524400,605630000,5261800
171720000,0,117610000,54112000,0,0,0,0
7306200,0,7306200,0,0,0,0,0
602720,0,0,0,0,0,602720,0
2771700000,42553000,372170000,361750000,91904000,22617000,1872400000,8384600
31947000,0,31947000,0,0,0,0,0
343690000,6620800,254110000,20289000,875280,8539200,52970000,289880
214030000,0,173820000,39990000,0,0,0,224460
50520000,0,21943000,0,24448000,0,0,4129100
35429000,0,35429000,0,0,0,0,0
186430000,0,174360000,12076000,0,0,0,0
12874000,0,0,0,0,0,12874000,0
1672100,0,0,0,0,0,0,1672100
5043000000,43800000,109670000,152610000,32029000,3223000000,17813000,1464100000
14459000,0,0,0,14459000,0,0,0
33813000,4623600,0,16740000,5179900,0,7269300,0
8127200,0,0,0,0,8127200,0,0
57619000,1283300,42846000,1148400,0,7604700,4736300,0
71114000,50491000,0,0,20623000,0,0,0
32429000,0,0,0,32429000,0,0,0
440910000,0,233980000,3774800,0,0,0,203160000
62100000,0,17956000,0,0,32625000,5280700,6238500
104410000,0,0,0,104410000,0,0,0
1035300,0,0,0,0,1035300,0,0
123450000,0,27162000,2744100,0,19234000,74313000,0
8761500,0,0,0,0,0,8761500,0
516670000,0,0,0,0,0,516670000,0
12430000,0,0,0,0,0,12430000,0
1360500000,10284000,0,0,134830000,0,1215400000,0
261550000,0,176540000,26140000,0,58588000,0,284580
66585000,0,22396000,7989100,0,2615000,33585000,0
66582000,0,0,0,0,0,66582000,0
90570000,0,0,0,0,0,90570000,0
12420000,0,0,7117200,0,4081300,0,1221400
31660000,0,0,0,31660000,0,0,0
7515800000,2891800,1112100000,209300000,971040000,4047800000,520840000,651860000
352010000,180350000,0,0,2436300,0,0,169230000
5288900,0,0,0,0,0,5288900,0
155410000,0,7602800,0,0,0,147810000,0
53428000,0,20057000,2480200,0,22959000,7932000,0
3202400,0,0,0,0,0,0,3202400
2897400000,0,196560000,917830000,89755000,1636600000,0,56707000
65425000,0,0,0,1407400,5994000,58024000,0
8610000000,0,0,0,3558400000,0,5042700000,8897400
87396000,0,0,0,0,0,86556000,839030
248140000,57299000,0,0,0,7297200,165420000,18128000
10121000,0,0,0,7972800,0,0,2148200
707820000,0,0,0,0,0,707820000,0
515420000,0,124950000,48113000,5858800,260790000,67210000,8507300
3062500000,0,2365100000,0,0,603300000,0,94044000
231340000,0,68814000,21131000,0,6681700,131260000,3452700
46959000,0,0,0,6007400,26702000,12891000,1358900
1693900,0,0,0,0,1693900,0,0
1018900,0,0,0,0,0,0,1018900
18348000,0,0,0,0,18348000,0,0
328360000,0,0,0,0,0,0,328360000
2940500,0,0,0,0,2940500,0,0
13361000,0,0,0,0,0,13361000,0
3124200,3124200,0,0,0,0,0,0
23156000,0,0,0,0,2041400,21115000,0
3965400,0,0,0,0,3965400,0,0
49400000,0,0,0,0,4510000,44890000,0
1641600,0,0,0,0,0,0,1641600
4618400,0,0,0,0,4618400,0,0
12913000,0,0,0,0,12913000,0,0
173360000,12926000,23464000,0,1863700,110970000,23401000,727590
2450000,0,0,0,0,2450000,0,0
2196800,0,0,0,0,2196800,0,0
768170000,16156000,128990000,67440000,60115000,106110000,387520000,1841900
72277000,0,0,0,0,72277000,0,0
2925300,0,0,0,0,2925300,0,0
6340400,0,0,0,0,5249100,0,1091300
11928000,0,0,0,0,11928000,0,0
14620000,0,0,0,0,14620000,0,0
36476000,0,0,0,0,24371000,0,12105000
89253000,0,11690000,1773500,0,40801000,27276000,7712400
20452000,0,0,0,0,15718000,0,4734400
15133000,0,0,0,10360000,4772800,0,0
1563900,0,0,0,0,1563900,0,0
22709000,0,0,4389700,0,16431000,0,1888800
10971000,0,0,0,0,10971000,0,0
5228300,0,0,0,0,5228300,0,0
369830,0,0,0,0,0,0,369830
12073000,0,0,918150,1800500,9354600,0,0
64246000,0,0,0,0,64246000,0,0
20927000,0,0,0,0,20927000,0,0
2807800,0,0,0,0,0,0,2807800
4084800,0,0,0,0,3296100,0,788680
1290300,0,0,0,0,1290300,0,0
11498000,0,11129000,0,0,369060,0,0
1410000000,0,115990000,22539000,30080000,1207200000,0,34211000
15512000,15512000,0,0,0,0,0,0
2875900,0,0,0,0,2875900,0,0
45437000,0,0,0,0,38021000,7416200,0
17169000,0,0,0,0,15091000,2077600,0
20037000,0,0,0,0,0,20037000,0
21623000,0,0,0,0,21623000,0,0
2236400,0,0,0,0,0,2236400,0
6124200,0,0,0,0,6124200,0,0
21761000,0,0,0,0,3844600,16341000,1575800
13599000,0,0,2684400,0,1753200,9161600,0
8521900,0,0,0,0,8521900,0,0
930650,0,0,0,0,930650,0,0
351000,0,0,0,0,351000,0,0
677720,0,0,0,0,677720,0,0
1759000,0,0,0,0,1759000,0,0
119460000,0,22915000,21297000,4030500,48445000,18885000,3883200
22169000,0,0,0,0,18769000,0,3399100
218140000,0,0,0,0,215520000,0,2627900
1472300,0,0,0,0,1472300,0,0
1106800,0,392840,0,0,713950,0,0
396970,0,0,0,0,0,396970,0
2303100,0,885250,0,0,1417800,0,0
12702000,0,0,0,0,12702000,0,0
25022000,0,15886000,0,0,9135600,0,0
2670000000,101750000,1326200000,422660000,12281000,713660000,7793000,85705000
16602000,0,0,0,0,16602000,0,0
27214000,0,0,0,12052000,15162000,0,0
15149000,0,0,0,0,15149000,0,0
3349700,0,0,0,0,3349700,0,0
3491100,0,0,0,0,3491100,0,0
7543700,0,0,7543700,0,0,0,0
1690100000,11281000,561190000,310330000,77606000,547110000,182070000,565840
6351700,0,0,0,0,4456100,1895600,0
15936000000,2575900000,2686200000,2198500000,1067900000,1629400000,5559600000,218880000
18582000,0,10051000,0,0,8530500,0,0
967410,0,0,0,0,967410,0,0
27426000,0,0,0,0,13457000,13969000,0
302550000,0,0,0,0,299990000,0,2559900
1899400,0,0,0,0,1899400,0,0
10241000,0,0,8062800,0,1980900,0,196890
93116000,0,32933000,30404000,0,25318000,4460900,0
302450000,0,0,0,0,302450000,0,0
128610000,0,0,0,0,117460000,0,11157000
3918800,0,0,0,2183100,1735600,0,0
20802000,0,0,0,691550,14605000,0,5504700
10937000,0,0,0,10937000,0,0,0
29485000,0,0,0,0,27002000,0,2482600
6264100,0,0,0,0,6264100,0,0
3598000,0,0,0,0,3598000,0,0
9869200,0,0,3496500,0,6372700,0,0
5257200,0,0,0,0,5257200,0,0
3919200,0,0,0,0,3919200,0,0
18078000,0,7138100,1005800,0,9934500,0,0
15121000,0,2684300,0,0,2179600,0,10257000
91661000,0,0,0,0,21577000,67689000,2394900
1503400000,38069000,404290000,603450000,76046000,151890000,150280000,79361000
37127000,3707200,25017000,0,0,8402900,0,0
23061000,0,0,0,0,23061000,0,0
81719000,0,10178000,0,16025000,16882000,38634000,0
262540,0,0,0,0,262540,0,0
3507500,0,0,0,0,3507500,0,0
5606800,0,0,0,0,5606800,0,0
2541100,0,0,0,0,2541100,0,0
428880000,0,15122000,0,0,413760000,0,0
32719000,0,0,0,0,32719000,0,0
15627000,0,4527500,2669400,1464000,4574200,0,2391400
22635000,0,0,0,0,6055200,16580000,0
165140000,0,34662000,5069400,9839100,2949500,112620000,0
26069000,2077600,0,0,0,23109000,0,882490
1097100,0,0,0,0,1097100,0,0
754880000,0,127460000,39561000,88308000,106920000,381740000,10896000
10167000,0,0,0,0,10167000,0,0
4105700,0,0,0,0,4105700,0,0
3075500,0,3075500,0,0,0,0,0
5477600,0,1576700,727110,0,1114000,2059800,0
375230,0,0,0,0,375230,0,0
70191000,0,0,0,0,0,70191000,0
58913000,0,0,0,0,58913000,0,0
9659300,0,0,0,0,9659300,0,0
844570,0,0,0,0,844570,0,0
13462000,0,0,0,0,13462000,0,0
5990100,0,0,0,0,5990100,0,0
178310000,0,0,0,0,178310000,0,0
11638000,0,0,0,0,11638000,0,0
9132200,0,0,0,0,9132200,0,0
134960000,0,87177000,0,0,45969000,0,1810200
3123700,0,0,0,0,3123700,0,0
27022000,0,0,0,0,16711000,10311000,0
2546800,0,0,0,0,2546800,0,0
2136500,0,802920,0,0,315000,0,1018600
453050000,0,50725000,90665000,5991000,244830000,0,60840000
455360000,0,274020000,57869000,6015100,114780000,0,2669600
2689300,0,0,0,0,2689300,0,0
202350000,0,0,0,4162500,34655000,163230000,295830
116350000,0,0,0,2979400,75917000,37452000,0
8897100,0,0,0,0,8897100,0,0
102640000,0,0,0,0,97911000,0,4724900
337380000,0,0,7898800,0,15673000,310910000,2894800
3750100,0,0,0,0,0,0,3750100
4188600,0,0,0,0,4188600,0,0
18304000,2146300,4882600,4531300,2811700,3931900,0,0
8161600,0,6138800,0,0,466130,1556700,0
6545600,0,0,0,0,6545600,0,0
36323000,0,0,0,0,36323000,0,0
7749800,0,0,0,0,7749800,0,0
1077400000,0,0,2744200,0,57066000,991390000,26175000
3282900,0,0,0,872590,0,0,2410400
207120000,0,7559500,18584000,8331400,117030000,52470000,3147000
80796000,0,27757000,23894000,0,13755000,0,15391000
1298900000,15247000,35693000,14024000,5558900,1083600000,0,144760000
100640000,3508300,10439000,3844100,1803300,72594000,6695600,1759700
1196300,0,0,0,0,1196300,0,0
19463000,0,0,0,0,19463000,0,0
64657000,20005000,0,0,7108900,3877400,33665000,0
7055300,0,0,0,0,7055300,0,0
293790000,0,122770000,84099000,9044700,19824000,56188000,1855600
569010000,0,67550000,29173000,0,471610000,0,675560
14980000,0,3502800,0,0,4364400,5693800,1418700
3833400,0,0,0,0,3833400,0,0
55480000,5931600,25649000,1605700,0,1540400,20754000,0
43923000,632980,6122100,0,0,37167000,0,0
228890000,0,13662000,0,0,13621000,201610000,0
1908600,0,0,0,0,0,0,1908600
70138000,0,0,0,0,70138000,0,0
2474200,0,0,0,0,2474200,0,0
5313300000,11173000,1697400000,476820000,42092000,1325900000,1568400000,191570000
79351000,0,0,0,0,79351000,0,0
519570000,0,174760000,8925000,42674000,83184000,204360000,5677400
1931700,0,0,0,0,1931700,0,0
3299300,0,0,0,0,3299300,0,0
57067000,0,41717000,0,0,14669000,680940,0
12981000,4066400,0,8914600,0,0,0,0
230730000,0,170750000,35111000,0,21141000,0,3728100
97307000,0,0,0,0,22774000,73067000,1465800
32697000,0,0,0,0,32697000,0,0
1906800000,0,0,8868600,0,1881600000,0,16291000
20130000,0,0,0,0,20130000,0,0
111350000,0,0,0,0,108740000,0,2617100
162580000,0,0,0,0,157860000,0,4724700
244650000,0,0,0,0,244650000,0,0
638270000,0,0,0,0,637530000,0,737480
15489000,0,0,0,0,15489000,0,0
20373000,0,0,0,0,20373000,0,0
27246000,0,0,0,0,27246000,0,0
22208000,0,0,0,0,22208000,0,0
2022800,0,0,0,0,2022800,0,0
27082000,0,0,15732000,0,11351000,0,0
31567000,8799800,4034500,0,0,17330000,0,1402700
6481900,0,0,0,0,6481900,0,0
9400100,0,0,0,0,9400100,0,0
103760000,0,0,0,0,90008000,0,13748000
63987000,2060800,12570000,0,12311000,7850700,27317000,1878400
16689000,0,0,0,0,16689000,0,0
23022000,0,16362000,6659500,0,0,0,0
843280,0,0,0,0,843280,0,0
50015000,0,0,0,0,50015000,0,0
1352400,0,0,0,0,1352400,0,0
3471800,0,0,0,0,3471800,0,0
75670000,0,0,0,0,67594000,0,8075900
2757200,0,0,0,0,2757200,0,0
53894000,2551300,43094000,0,0,2194200,3937600,2117200
154900000,0,0,0,0,154900000,0,0
446300,0,0,0,0,446300,0,0
3138900,0,0,0,0,3138900,0,0
61671000,0,0,0,1549000,59715000,0,407120
7450100,0,719030,367480,0,5305600,0,1058000
90212000,0,41553000,22630000,0,21708000,0,4321800
4766500,0,0,0,0,4766500,0,0
74602000,0,0,0,0,74602000,0,0
4635400,0,0,0,0,4635400,0,0
3858700,0,0,0,3858700,0,0,0
2968200000,0,1650100000,80894000,63712000,841700000,278460000,53323000
6817500,0,0,0,0,6817500,0,0
221110000,0,0,0,0,221110000,0,0
21577000,0,0,0,0,18179000,0,3398400
29646000,0,0,5959700,0,18986000,0,4700100
80181000,0,0,0,0,80181000,0,0
5547600,0,0,0,0,5547600,0,0
348340000,0,0,0,30814000,316080000,0,1445100
6359100,1088200,0,0,2592100,2678800,0,0
402120000,14813000,128920000,9783400,0,12942000,234140000,1524900
92516000,0,0,0,0,92516000,0,0
780010000,0,0,0,114380000,632560000,0,33070000
8074100,0,0,7629100,0,445020,0,0
789420000,0,0,0,0,0,789420000,0
12093000,0,7994400,0,0,4098700,0,0
137570000,0,0,0,16954000,5808800,114800000,0
684970000,19045000,671130,7413300,0,9002000,648840000,0
16193000,0,0,0,16193000,0,0,0
618440000,0,0,1364700,0,231610000,0,385470000
180610000,0,0,0,0,170420000,0,10188000
22203000,0,0,0,0,0,22203000,0
55728000,0,0,0,0,0,55728000,0
3756300,0,0,0,0,3756300,0,0
5607200000,0,0,0,0,0,5508000000,99182000
293930000,0,0,0,293930000,0,0,0
19043000,0,0,0,0,19043000,0,0
47885000,0,0,12076000,0,18143000,17666000,0
774680000,7492300,365770000,30153000,25458000,318270000,20134000,7394100
3968800,3968800,0,0,0,0,0,0
7974600,0,0,0,0,0,0,7974600
10676000,0,0,0,0,10676000,0,0
35037000,0,31801000,0,0,0,0,3236000
17106000,0,0,0,0,9414200,0,7691400
83359000,0,0,0,0,0,0,83359000
13984000,0,0,0,0,0,12675000,1309800
31605000,0,0,0,0,14658000,16947000,0
11158000,0,0,0,0,11158000,0,0
15577000,0,0,0,0,15577000,0,0
146340000,7210000,0,5244200,51797000,1839600,80245000,0
1746000000,31752000,203940000,101000000,521560,180330000,1217200000,11208000
3258500,0,0,0,0,3258500,0,0
115590000,0,0,0,0,90246000,0,25346000
118430000,0,991410,37812000,0,77980000,0,1642500
31815000,0,0,0,0,31815000,0,0
999880,0,0,0,0,0,999880,0
335500000,53772000,142740000,57687000,0,12897000,65288000,3117900
2202600,2202600,0,0,0,0,0,0
6802900,0,4097000,0,2705900,0,0,0
16426000,16426000,0,0,0,0,0,0
6479700,0,0,0,0,0,0,6479700
32859000,687200,8290100,8379000,0,9164100,3231300,3107300
14558000,9400100,0,1521400,0,0,0,3636400
8246500,8246500,0,0,0,0,0,0
0,0,0,0,0,0,0,0
78232000,7609600,4961300,3947800,784800,12028000,42128000,6773000
3194100,0,0,0,0,0,3194100,0
3532300,0,0,0,0,0,3532300,0
44428000,0,6670100,8580600,4657600,0,24519000,0
445550000,295630000,0,0,0,0,149920000,0
3084600,0,0,0,0,0,3084600,0
70142000,58931000,0,2059800,3184900,5966000,0,0
3349300,3349300,0,0,0,0,0,0
624680,624680,0,0,0,0,0,0
122280000,1385800,29872000,1484400,18469000,1375100,68932000,763950
21883000,0,0,6403700,0,9730500,0,5748800
4147800,4147800,0,0,0,0,0,0
1134800000,252100000,602930000,111230000,83004000,2196100,83365000,0
4890900,4890900,0,0,0,0,0,0
2520600,2520600,0,0,0,0,0,0
32164000,32164000,0,0,0,0,0,0
6626600,0,0,0,0,6626600,0,0
4378100,4378100,0,0,0,0,0,0
1117800000,1117800000,0,0,0,0,0,0
14554000,1525900,0,0,4794000,0,8234400,0
19434000,1866400,0,2287300,0,2135600,9648200,3496500
9121800,9121800,0,0,0,0,0,0
4512500,4512500,0,0,0,0,0,0
3287400,0,0,0,3287400,0,0,0
24726000,24726000,0,0,0,0,0,0
389320000,29961000,78295000,26654000,42638000,0,211770000,0
1698000,0,0,0,1698000,0,0,0
6318600,6318600,0,0,0,0,0,0
257020000,243420000,0,5898400,7704600,0,0,0
170470,0,0,0,0,170470,0,0
22901000000,2898900000,5023100000,2476400000,2300200000,4747900000,4611200000,843560000
37220000,0,8385600,9741700,0,581750,18403000,107450
2135700,2135700,0,0,0,0,0,0
95674,0,0,0,0,95674,0,0
28191000,28191000,0,0,0,0,0,0
7542400,7542400,0,0,0,0,0,0
18317000,0,0,0,0,6603000,0,11714000
13376000,13376000,0,0,0,0,0,0
109160000,0,26218000,8276500,0,28160000,45059000,1445800
53982000,33281000,0,0,0,0,20701000,0
2710800,0,0,2710800,0,0,0,0
19137000,19137000,0,0,0,0,0,0
3273500,3273500,0,0,0,0,0,0
111020000,97435000,0,0,0,2731200,10850000,0
4770500,4770500,0,0,0,0,0,0
9010500,9010500,0,0,0,0,0,0
2545200,2545200,0,0,0,0,0,0
13062000,12204000,0,0,0,0,857760,0
51389000,51389000,0,0,0,0,0,0
6548100,0,0,0,0,0,6548100,0
7252100,7252100,0,0,0,0,0,0
531060,531060,0,0,0,0,0,0
5303300,0,0,5303300,0,0,0,0
140070000,0,94732000,16171000,0,24632000,742270,3797300
1456300,1456300,0,0,0,0,0,0
147770000,0,42583000,40712000,1530900,6436300,56513000,0
3722000,0,0,0,0,0,0,3722000
15274000,2566400,3307600,1686900,0,2158200,5555300,0
4368400,860110,0,0,0,3508300,0,0
5437600,4596700,0,0,0,840910,0,0
455490,455490,0,0,0,0,0,0
3096500,3096500,0,0,0,0,0,0
151340000,44043000,0,0,0,0,107300000,0
44408000,32467000,5682700,1217900,0,0,5039800,0
5723700,5723700,0,0,0,0,0,0
1186800,628430,0,0,558390,0,0,0
10024000,10024000,0,0,0,0,0,0
13708000,0,10560000,0,0,0,0,3147800
26690000,26690000,0,0,0,0,0,0
6605500,753370,0,5213800,0,0,0,638360
6363200,6363200,0,0,0,0,0,0
54663000,1951500,28011000,23690000,0,0,793060,217030
3733700,1321000,0,921260,707260,784230,0,0
14193000,0,0,5149600,0,0,9043000,0
22079000,22079000,0,0,0,0,0,0
2128400,2128400,0,0,0,0,0,0
1379100,1379100,0,0,0,0,0,0
3063200,3063200,0,0,0,0,0,0
5719100,5719100,0,0,0,0,0,0
2372600,0,0,0,0,0,2372600,0
41029000,10119000,25726000,5183500,0,0,0,0
23837000,23837000,0,0,0,0,0,0
343620,343620,0,0,0,0,0,0
1293000,1293000,0,0,0,0,0,0
1662300,1662300,0,0,0,0,0,0
1740800,899090,841750,0,0,0,0,0
107790000,0,0,0,0,0,107790000,0
49045000,0,0,7007300,0,3385000,37389000,1263700
5248100,5248100,0,0,0,0,0,0
726520000,71443000,99186000,72090000,0,5883300,476800000,1116100
8698800,8698800,0,0,0,0,0,0
63837000,1035100,31825000,17615000,0,0,9322000,4040400
18818000,0,0,0,0,17771000,0,1047200
11212000,275280,783620,0,0,9148500,0,1004200
3831900,0,0,0,3831900,0,0,0
53730000,46064000,6633400,0,0,1032600,0,0
5040300,0,5040300,0,0,0,0,0
49099000,49099000,0,0,0,0,0,0
65341000,6847900,43313000,3511700,0,0,11669000,0
88652000,88652000,0,0,0,0,0,0
11163000,11163000,0,0,0,0,0,0
27785000,0,0,1035400,0,0,25941000,808530
27612000,0,12765000,14847000,0,0,0,0
5130900,5130900,0,0,0,0,0,0
3277900,3277900,0,0,0,0,0,0
48548000,48548000,0,0,0,0,0,0
296410000,286830000,9577300,0,0,0,0,0
4853800,4853800,0,0,0,0,0,0
20717000,20717000,0,0,0,0,0,0
303440000,6376100,153130000,12359000,2980200,32292000,95227000,1070500
62382000,29300000,0,0,0,0,31858000,1224400
56590000,0,0,0,0,0,56590000,0
9023300,0,0,9023300,0,0,0,0
22800000,0,7009300,5858500,0,0,9932200,0
16232000,8747900,6467000,0,0,1017000,0,0
98448000,91221000,0,0,7227300,0,0,0
8770900,7052100,0,0,0,0,0,1718800
36903000,30525000,0,6378400,0,0,0,0
96702000,96702000,0,0,0,0,0,0
5652500,5652500,0,0,0,0,0,0
6579900,6579900,0,0,0,0,0,0
3700500,3700500,0,0,0,0,0,0
59556000,4324700,0,29721000,0,25510000,0,0
13646000,0,9312800,4333700,0,0,0,0
9521600,9521600,0,0,0,0,0,0
218010000,8012000,46213000,21589000,31774000,103430000,0,6985300
18193000,17442000,0,0,0,750660,0,0
36388000,34538000,0,0,0,0,1850100,0
9668300,1837000,4019300,3812000,0,0,0,0
70518000,51930000,15219000,0,0,3369200,0,0
21336000,0,21336000,0,0,0,0,0
9622300,9622300,0,0,0,0,0,0
11247000,11247000,0,0,0,0,0,0
7063600,7063600,0,0,0,0,0,0
20156000,20156000,0,0,0,0,0,0
298280,0,0,0,0,0,0,298280
10725000,10725000,0,0,0,0,0,0
6375000,6375000,0,0,0,0,0,0
9742900,9742900,0,0,0,0,0,0
1269000,1269000,0,0,0,0,0,0
3564500,3564500,0,0,0,0,0,0
29468000,2351600,0,11570000,0,3246900,12300000,0
13617000,13617000,0,0,0,0,0,0
161140000,1961500,63055000,36487000,0,26002000,26335000,7303300
17402000,15210000,0,0,0,2192400,0,0
10249000,10249000,0,0,0,0,0,0
14306000,0,12829000,0,1476900,0,0,0
29327000,0,29327000,0,0,0,0,0
2109500,2109500,0,0,0,0,0,0
5590200,0,0,0,0,0,0,5590200
4511300,4511300,0,0,0,0,0,0
99487000,1128300,20861000,15860000,15156000,46482000,0,0
21471000,21471000,0,0,0,0,0,0
324700000,139430000,40664000,7417900,4261300,2821100,125670000,4442800
134320000,50658000,31056000,19514000,0,1187100,31904000,0
6175300,0,0,0,0,0,6175300,0
1027400,0,0,1027400,0,0,0,0
17452000,7956300,2346800,7149100,0,0,0,0
6672000,1975800,0,4299700,396560,0,0,0
41286000,41286000,0,0,0,0,0,0
2942400,0,0,2942400,0,0,0,0
18074000,18074000,0,0,0,0,0,0
1519800,0,0,0,0,1519800,0,0
7266200,0,0,0,0,0,7266200,0
6892100,1806900,5085200,0,0,0,0,0
4215700,0,0,974190,0,3241500,0,0
298420,0,0,0,0,298420,0,0
8831000,1497200,2233700,0,0,0,3459800,1640300
14058000,0,0,0,0,2679400,11378000,0
14780000,1412300,11743000,1625400,0,0,0,0
62378000,5381900,0,0,0,10337000,41999000,4659900
8302600,2826800,0,0,0,3196000,0,2279800
45288000,45288000,0,0,0,0,0,0
299260,299260,0,0,0,0,0,0
16767000,7764800,0,0,0,0,9002400,0
2066900,2066900,0,0,0,0,0,0
12777000,0,12777000,0,0,0,0,0
1287600,1287600,0,0,0,0,0,0
2617400,0,0,0,0,0,2617400,0
7928800,7928800,0,0,0,0,0,0
80741000,34815000,6748900,0,0,39177000,0,0
10997000,10997000,0,0,0,0,0,0
39715000,1407400,0,0,0,0,38308000,0
0,0,0,0,0,0,0,0
2340000,0,0,0,0,0,2340000,0
183970000,183970000,0,0,0,0,0,0
8490300,0,8490300,0,0,0,0,0
7567400,7567400,0,0,0,0,0,0
30924000,30924000,0,0,0,0,0,0
8789900,0,8789900,0,0,0,0,0
35466000,0,12979000,0,0,0,21838000,648250
43528000,0,0,0,0,0,43528000,0
1008600,1008600,0,0,0,0,0,0
11534000,11534000,0,0,0,0,0,0
10256000,2565000,0,964790,0,4012500,1448100,1265600
214610000,15170000,14106000,20232000,9850300,12691000,142560000,0
81145000,0,17144000,25727000,0,6513400,31761000,0
1883800,1883800,0,0,0,0,0,0
23313000,0,0,0,0,3844200,19468000,0
4522700,4522700,0,0,0,0,0,0
3875000,0,0,0,0,3875000,0,0
7506000,1978200,0,0,0,0,5527800,0
22986000,4281500,0,10505000,0,0,8199900,0
3155900,3155900,0,0,0,0,0,0
737120000,334030000,70582000,62418000,34033000,14609000,214320000,7131000
1177100,1177100,0,0,0,0,0,0
4612000,4612000,0,0,0,0,0,0
6444500,6444500,0,0,0,0,0,0
7578000,7578000,0,0,0,0,0,0
3000500,3000500,0,0,0,0,0,0
8572300,0,7578000,994230,0,0,0,0
1126700000,542870000,32807000,128020000,139400000,18403000,265170000,0
4517900,3510400,0,0,0,0,0,1007400
72319000,4179200,0,0,0,0,68140000,0
5751500,5751500,0,0,0,0,0,0
25971000,0,0,0,0,0,25971000,0
5614100,5614100,0,0,0,0,0,0
11679000,11679000,0,0,0,0,0,0
41996000,684310,39076000,1446600,0,0,0,789820
31066000,1740800,0,0,0,0,29325000,0
7184400,7184400,0,0,0,0,0,0
13601000,13601000,0,0,0,0,0,0
2297200,2297200,0,0,0,0,0,0
5069800,5069800,0,0,0,0,0,0
84178000,0,49357000,0,0,0,32679000,2141700
1202100,0,0,0,1202100,0,0,0
19884000,0,0,14207000,0,0,5677300,0
139450000,0,72376000,20215000,3542800,14937000,25842000,2542100
11365000,11365000,0,0,0,0,0,0
566790,0,0,0,0,0,0,566790
7005500,7005500,0,0,0,0,0,0
3054100,3054100,0,0,0,0,0,0
35881000,0,33402000,2479300,0,0,0,0
20711000,0,0,0,0,0,20711000,0
1485000,0,0,0,0,1485000,0,0
1389300,1389300,0,0,0,0,0,0
18581000,15519000,0,0,3062100,0,0,0
15754000,15754000,0,0,0,0,0,0
102090000,0,26596000,11201000,495980,0,63798000,0
3336100,3336100,0,0,0,0,0,0
2724000,2724000,0,0,0,0,0,0
3609000,3609000,0,0,0,0,0,0
692650,692650,0,0,0,0,0,0
11198000,6434700,0,0,0,0,4763300,0
8105700,0,0,0,2926100,2121500,3058100,0
1611500,1611500,0,0,0,0,0,0
10344000,650550,0,0,0,8458700,0,1234900
357230000,194890000,0,0,0,0,162340000,0
51464000,7594100,0,3266000,0,0,40604000,0
5733700,0,0,0,634660,1609400,0,3489600
39570000,0,25420000,4387800,0,6685100,0,3077200
11414000,1009200,0,0,0,0,10404000,0
6200200,6200200,0,0,0,0,0,0
1722300,1722300,0,0,0,0,0,0
62822000,0,20533000,13723000,1897700,26669000,0,0
3397700,0,0,0,0,0,0,3397700
44592000,44592000,0,0,0,0,0,0
1869100,0,0,0,0,1869100,0,0
60226000,60226000,0,0,0,0,0,0
2246500,2246500,0,0,0,0,0,0
61085000,0,12547000,12655000,4821300,24808000,0,6253800
1178100,0,0,0,0,1178100,0,0
8158100,8158100,0,0,0,0,0,0
0,0,0,0,0,0,0,0
30554000,30554000,0,0,0,0,0,0
24869000,0,0,0,0,0,0,24869000
343290000,328440000,0,0,0,0,14842000,0
12959000,12959000,0,0,0,0,0,0
8311500,0,0,7578100,0,0,0,733430
77827000,41576000,0,8233700,5273700,0,22743000,0
8913100,1317800,0,7595300,0,0,0,0
4087200,0,0,0,0,0,0,4087200
14239000,14239000,0,0,0,0,0,0
1423000,0,1423000,0,0,0,0,0
8106600,8106600,0,0,0,0,0,0
17127000,0,0,4544200,0,473210,12110000,0
11707000,11707000,0,0,0,0,0,0
540780,540780,0,0,0,0,0,0
19795000,0,0,0,0,0,19795000,0
10139000,10139000,0,0,0,0,0,0
5064100,2398000,2666100,0,0,0,0,0
38335000,38335000,0,0,0,0,0,0
92151000,2948700,68649000,12651000,0,6731000,0,1171300
11318000,0,3847300,0,2293600,0,5177000,0
14795000,11499000,1339000,476920,0,349710,1130600,0
127260000,9872000,16049000,6115900,0,0,95221000,0
9553600,9553600,0,0,0,0,0,0
20424000,0,0,0,0,0,20424000,0
4983300,4983300,0,0,0,0,0,0
16153000,16153000,0,0,0,0,0,0
1635100000,55103000,456220000,156020000,69823000,692160000,128100000,77723000
40678000,0,10023000,5237000,2880400,17895000,0,4642900
7559800,0,4047300,0,3512500,0,0,0
9743700,0,0,0,9743700,0,0,0
338880000,0,171120000,16717000,0,5393600,143830000,1818900
272020000,0,64506000,63041000,12008000,0,132470000,0
61115000,0,0,0,0,0,0,61115000
70790000,15410000,17623000,990280,0,2586300,33080000,1100800
12381000,1014600,0,0,0,0,11366000,0
2454700,2454700,0,0,0,0,0,0
13293000,13293000,0,0,0,0,0,0
257130000,70863000,37552000,9860200,0,5653800,132960000,245540
26723000,26723000,0,0,0,0,0,0
23339000,19228000,0,0,0,0,4111000,0
13440000,13440000,0,0,0,0,0,0
13459000,0,4843700,0,0,8615400,0,0
8373200,8373200,0,0,0,0,0,0
214650000,19142000,56201000,11311000,14725000,16288000,69329000,27652000
3382900,0,0,0,3382900,0,0,0
30285000,0,0,0,0,0,30285000,0
26366000,0,0,25066000,0,619490,0,680850
15358000,0,10196000,0,0,4772900,0,389530
42891000,0,29336000,5565800,0,6943600,0,1045600
5701600,0,4163000,0,0,1538600,0,0
115850000,0,51321000,35555000,0,9604600,19369000,0
6000300,0,0,0,0,0,6000300,0
6691800,0,0,0,5725000,0,966860,0
14614000,0,6295700,7031800,0,0,0,1286900
1484700,0,1484700,0,0,0,0,0
3117400,0,0,0,0,0,3117400,0
656930,0,0,0,0,656930,0,0
38138000,0,32213000,5924200,0,0,0,0
8110600,0,3090000,0,0,5020600,0,0
446770000,0,134260000,0,3577700,24669000,282550000,1710300
201140000,0,127540000,73609000,0,0,0,0
6995600,0,0,0,0,0,6995600,0
104300000,0,0,1796300,0,827180,101520000,164240
113190000,5879500,15699000,16686000,1198200,0,61054000,12673000
8339900,0,0,0,0,0,8339900,0
8738800,0,2445100,4750500,0,1543200,0,0
54954000,0,5011400,20334000,0,0,29609000,0
160560000,8992500,59915000,8986600,6014700,26506000,48408000,1733900
1625100,0,0,1625100,0,0,0,0
2242400,0,2242400,0,0,0,0,0
50843000,0,40155000,9429100,0,0,1258800,0
2799100,0,0,0,0,2799100,0,0
712740000,24931000,43629000,16469000,0,430520000,172740000,24451000
942800000,6954300,543650000,132370000,33026000,84298000,140440000,2058900
10525000,0,10525000,0,0,0,0,0
7263800,0,0,0,0,0,7263800,0
1252900000,1568700,771870000,110380000,1073900,253200000,10757000,104060000
17881000,0,11248000,0,0,0,6633000,0
149870000,0,72445000,3315700,8329700,0,65782000,0
19161000,0,16115000,0,3045400,0,0,0
38249000,0,38249000,0,0,0,0,0
156760000,0,151520000,5243900,0,0,0,0
4186500,0,1712200,0,0,2474200,0,0
849350,0,587580,0,0,261770,0,0
255490000,0,184490000,1607600,0,7381800,62016000,0
15062000,0,15062000,0,0,0,0,0
84963000,0,20335000,5746200,0,49936000,0,8945500
26668000,0,17149000,6637800,2881300,0,0,0
22299000,0,18384000,0,0,1048000,0,2866900
18292000,0,18292000,0,0,0,0,0
24449000,0,9336900,2404100,6433900,4827300,0,1447100
766550,0,766550,0,0,0,0,0
836860000,0,705570000,57143000,0,74155000,0,0
26160000,0,25369000,0,0,0,0,791510
78550000,0,39451000,5610900,0,32840000,0,648740
0,0,0,0,0,0,0,0
3168700,0,0,0,0,0,3168700,0
93918000,4890800,36656000,18022000,1626400,0,31267000,1455200
2884400,0,0,0,0,0,2327300,557110
102870000,0,84965000,5413800,0,12493000,0,0
15776000,0,5388100,7770200,0,0,0,2617700
13897000,0,5120100,8776800,0,0,0,0
879150000,16659000,209760000,134930000,19381000,60536000,419060000,18823000
112770000,0,46830000,17276000,5306100,0,43363000,0
352230000,8691900,287990000,36639000,0,6799700,0,12104000
53539000,0,45314000,4094800,0,0,0,4130900
9408900,0,0,7087700,0,2321200,0,0
171930,0,171930,0,0,0,0,0
30152000,0,25487000,4665100,0,0,0,0
63320000,0,3047400,4203700,0,3513100,49856000,2700000
32603000,0,0,0,0,0,32603000,0
20809000,0,15742000,4065000,0,1001800,0,0
24565000,0,16829000,3988300,0,1202000,0,2544900
81232000,0,0,0,965560,67555000,7393500,5317700
29808000,0,4324700,3599700,0,0,21883000,0
4212800,0,3117200,1095600,0,0,0,0
17704000,0,17704000,0,0,0,0,0
2833500,0,1998000,0,835550,0,0,0
8212000,0,3703300,0,0,0,0,4508700
471060000,26459000,119270000,99238000,4318500,76904000,107400000,37465000
358930000,0,119660000,45750000,0,33293000,153830000,6406800
86600000,0,9222700,0,7325700,2507300,67545000,0
38499000,0,0,0,38499000,0,0,0
3764700,0,2575900,0,0,0,1188800,0
83318000,0,0,0,0,9864400,67456000,5998000
17239000,0,17239000,0,0,0,0,0
34931000,0,12464000,0,0,0,22467000,0
8564500,0,3848500,0,0,4716000,0,0
153070000,762280,0,4360600,0,0,147940000,0
41943000,0,0,2363400,0,2311100,36884000,385160
872280000,3814400,77241000,171630000,29608000,0,579500000,10495000
20447000,12660000,0,0,0,6700400,0,1086400
1369600,0,0,0,0,1072600,0,297010
79381000,0,46856000,6026100,0,20323000,0,6175300
18972000,0,18972000,0,0,0,0,0
1922500,0,1922500,0,0,0,0,0
87151000,0,18326000,36327000,8177000,3020300,20128000,1172300
27505000,2748500,19723000,5032700,0,0,0,0
51962000,0,48892000,3070500,0,0,0,0
982260000,0,1829600,117400000,52137000,3142400,807750000,0
493410000,0,476550000,0,0,12701000,0,4154300
265290000,4832400,121040000,39499000,16617000,15942000,57962000,9391000
8352600,0,8352600,0,0,0,0,0
59971000,0,59971000,0,0,0,0,0
151720000,0,89967000,0,0,11017000,50736000,0
32599000,0,4055900,11028000,0,4316600,13198000,0
271290000,0,271290000,0,0,0,0,0
6778600000,503640000,1828800000,788670000,358350000,172780000,3005400000,121020000
1503800,0,0,0,0,1503800,0,0
46261000,0,46261000,0,0,0,0,0
79860000,0,78601000,0,0,0,0,1259300
299530,0,0,0,0,0,0,299530
7452300,0,6959200,0,0,0,493060,0
94220000,0,25216000,37380000,5810100,543040,25271000,0
10634000,0,10634000,0,0,0,0,0
14783000,0,0,0,0,8664300,0,6118900
22839000,0,0,0,0,0,22839000,0
8207100,0,1492100,0,0,6715000,0,0
43844000,0,32669000,7743100,0,0,3432000,0
123330000,0,10883000,6452600,0,96227000,5388300,4375500
4556400,0,0,4556400,0,0,0,0
5850300,0,0,0,0,0,0,5850300
343800000,0,58271000,75654000,0,62190000,139040000,8646900
101970000,0,63999000,37434000,0,0,0,538810
20827000,3463400,16053000,1310300,0,0,0,0
22930000,0,0,0,0,0,22930000,0
17150000,0,9175200,7974300,0,0,0,0
7487100,0,0,0,0,7487100,0,0
91524000,5292500,6291800,12459000,1661300,59590000,0,6228900
94649000,0,0,0,0,0,94649000,0
235490000,3301900,21455000,30212000,34848000,68886000,71212000,5575000
445970000,50668000,149750000,141040000,4753300,27235000,72526000,0
1004800000,50583000,306330000,233740000,72627000,72757000,265020000,3779200
1746100,0,0,1746100,0,0,0,0
2482800,0,0,818930,0,0,0,1663900
37755000,0,0,0,22548000,15207000,0,0
4009700,0,0,4009700,0,0,0,0
22694000,0,19141000,3553300,0,0,0,0
420220000,0,216310000,82392000,0,3747400,117770000,0
47610000,0,12802000,27442000,5398600,1967700,0,0
59241000,0,11672000,11852000,0,29714000,0,6002600
109330000,0,61816000,47517000,0,0,0,0
7452400,0,7452400,0,0,0,0,0
26332000,0,6252100,20080000,0,0,0,0
101420000,0,65080000,8238800,0,0,27221000,884110
140110000,9900700,17794000,26533000,3428200,2245700,80205000,0
26984000,0,17729000,0,3119400,0,6136300,0
11641000,0,11641000,0,0,0,0,0
2842000,0,2842000,0,0,0,0,0
1888900000,22351000,633990000,322620000,49014000,611770000,164620000,84498000
4052400,0,0,0,0,4052400,0,0
15053000,0,511360,3492700,0,6161700,0,4887300
12359000,0,4412200,0,935450,7011000,0,0
104810000,0,101710000,2113300,0,0,0,982450
50994000,0,0,0,0,40722000,7528500,2743000
46152000,0,0,1281000,1277300,766590,42827000,0
4650600,714900,3366500,0,569200,0,0,0
2082500,0,0,0,0,2082500,0,0
220590,0,0,0,0,220590,0,0
56427000,0,45135000,0,0,0,11292000,0
122580000,3331400,95738000,3737400,0,0,19382000,386920
321970000,65140000,121160000,15984000,2374300,12992000,104320000,0
97071000,0,0,0,0,0,97071000,0
631840,0,0,0,0,0,0,631840
34909000,6180900,28728000,0,0,0,0,0
63613000,11935000,8964600,4801500,5106600,2687500,25429000,4689000
519330,0,0,519330,0,0,0,0
897110000,0,371860000,72176000,5707400,196950000,213430000,36985000
17852000,0,15031000,0,0,1309300,0,1512000
54371000,0,41190000,12152000,0,0,0,1029200
92678000,0,52443000,16322000,0,17645000,0,6267600
145660000,0,75676000,27463000,0,0,40368000,2154100
52758000,0,34956000,17802000,0,0,0,0
43765000,0,23918000,6970000,2488500,0,10389000,0
30662000,0,30662000,0,0,0,0,0
66099000,13031000,40505000,3176800,0,4353200,3593900,1438500
4183400,0,0,0,0,0,0,4183400
5023600,0,0,5023600,0,0,0,0
23054000,0,5646200,5893500,0,0,11514000,0
93825000,5703000,37960000,807400,0,7173200,41900000,281370
16186000,0,0,0,0,16186000,0,0
236530000,0,42834000,53592000,0,6524200,125770000,7805000
976880000,24716000,143670000,62322000,70839000,132830000,538550000,3960900
56851000,0,42945000,0,0,0,13906000,0
13028000,0,0,13028000,0,0,0,0
38148000,0,37599000,548630,0,0,0,0
22399000,0,10701000,6508400,0,0,5189300,0
1891500,0,0,0,0,1891500,0,0
3902600,1943300,0,1959300,0,0,0,0
54849000,0,35686000,19163000,0,0,0,0
5678200,0,4200500,1477700,0,0,0,0
15096000,0,15096000,0,0,0,0,0
8929600,0,8929600,0,0,0,0,0
2563100000,0,1355500000,275570000,288990000,552300000,0,90699000
169470000,0,1962200,8578400,0,1035700,157900000,0
2167200000,4664000,1947100000,215390000,0,0,0,0
133030000,24871000,102440000,5722000,0,0,0,0
25832000,0,15649000,0,0,0,10183000,0
39746000,0,15156000,0,24590000,0,0,0
1192500000,13411000,974230000,32202000,0,155610000,0,17090000
10224000,0,6671700,0,0,3552700,0,0
20251000,0,0,20251000,0,0,0,0
1678400,0,1678400,0,0,0,0,0
23089000,0,0,23089000,0,0,0,0
52100000,0,52100000,0,0,0,0,0
46178000,0,16667000,6414000,0,2794800,19430000,872730
2876600,2876600,0,0,0,0,0,0
644280000,0,144340000,221490000,71577000,0,203020000,3859900
23255000,0,0,0,0,0,23255000,0
1073700000,0,372160000,214210000,74003000,0,413280000,0
3884400,0,0,0,0,3884400,0,0
1094800000,25714000,614880000,208760000,4933900,33528000,117430000,89565000
4514300,0,0,0,0,4514300,0,0
1126700,0,0,0,0,1126700,0,0
264180000,0,197820000,4761200,9096100,20202000,32305000,0
519430000,64917000,61750000,73137000,0,176210000,135710000,7706700
3717900,0,0,0,0,3717900,0,0
297600000,10433000,141640000,28763000,0,1780900,114990000,0
320320000,2499800,244670000,45003000,0,26019000,0,2131900
281470000,0,0,36446000,0,0,245030000,0
20968000,0,11098000,7727000,0,2143600,0,0
78962000,1091200,0,7915300,7925900,319380,61711000,0
120440000,4776200,5016800,64268000,0,3095300,35853000,7432600
27913000,0,20415000,2493100,2859000,0,0,2145900
185340000,0,119480000,39308000,4609800,6992000,0,14949000
438280000,0,354030000,31589000,0,31829000,20832000,0
476350000,0,175210000,25097000,5522800,98314000,111310000,60900000
7186000,0,0,5762600,0,0,0,1423400
22781000,0,15635000,4420800,0,0,2725100,0
60425000,2978100,16196000,5351800,4074000,0,28329000,3496500
6141700,0,0,0,0,6141700,0,0
1839200,0,1839200,0,0,0,0,0
27340000,0,4700400,0,0,0,22640000,0
663380000,0,440980000,117400000,5595700,45160000,54237000,0
686200,0,686200,0,0,0,0,0
3321000000,0,1113300000,1763100000,370560000,74018000,0,0
1017500,0,0,0,0,0,1017500,0
33967000,0,6060800,17873000,0,10033000,0,0
23769000,0,21437000,0,0,2332100,0,0
27859000,0,7585000,10554000,0,9719800,0,0
74992000,6848800,3237800,35201000,0,2931200,26773000,0
69912000,0,26171000,8283000,0,0,35458000,0
374160000,68140000,169470000,26807000,2683300,25677000,72883000,8505300
9049700,0,3236100,2641100,0,0,3172500,0
26553000,0,0,1496700,0,0,25056000,0
52795000,0,6134700,46660000,0,0,0,0
3233500,0,3233500,0,0,0,0,0
221140000,0,133920000,58078000,26761000,2383900,0,0
4663200,0,0,4663200,0,0,0,0
6780800,0,0,6780800,0,0,0,0
114570000,0,0,0,0,0,114570000,0
5045000,0,0,5045000,0,0,0,0
6883200,0,6883200,0,0,0,0,0
5439100,0,4005100,1434000,0,0,0,0
54980000,0,6390500,2794700,8437300,0,37358000,0
7495100,0,7495100,0,0,0,0,0
44946000,12273000,6641400,5402700,3542300,0,17087000,0
35417000,0,30853000,4564000,0,0,0,0
3261900,0,0,3261900,0,0,0,0
230320000,13921000,35508000,46831000,6533400,19156000,107440000,928840
10353000,0,10353000,0,0,0,0,0
39706000,5549000,7866300,13791000,3034100,1558100,7668400,239260
3801900,0,3801900,0,0,0,0,0
189490000,1201200,15053000,8398900,0,16973000,147860000,0
35571000,0,0,19056000,12874000,0,0,3641100
11785000,0,11785000,0,0,0,0,0
0,0,0,0,0,0,0,0
37509000,4485700,18887000,0,0,14136000,0,0
5037700,0,0,0,0,4605700,0,431990
465740000,44931000,158480000,34003000,11349000,0,216990000,0
149620000,35441000,101640000,6138600,0,6401900,0,0
15265000,0,9724400,5540200,0,0,0,0
21398000,0,0,4176000,0,17222000,0,0
108420000,0,107230000,0,0,1197600,0,0
1012900000,0,218830000,530210000,32913000,7641900,185690000,37640000
543490000,13369000,288320000,77917000,48827000,0,115060000,0
33525000,0,29977000,3548000,0,0,0,0
51700000,13194000,10063000,1528000,2655500,821590,23438000,0
120130000,0,0,168620,0,0,119960000,0
357720000,0,188760000,113290000,22951000,12064000,13134000,7520400
34732000,0,0,8734100,0,0,25998000,0
309220000,69224000,123740000,5571700,0,3468900,107220000,0
91643000,0,19049000,7761900,0,0,64832000,0
1376900000,0,554960000,479470000,156410000,68720000,113220000,4099000
215810000,0,61473000,13475000,32608000,0,107250000,1006800
726020,0,0,726020,0,0,0,0
10009000,0,1677700,7475400,855950,0,0,0
205870000,0,696900,0,0,5261900,199910000,0
9615700,0,9615700,0,0,0,0,0
5040500,0,5040500,0,0,0,0,0
24455000,0,0,24455000,0,0,0,0
30399000,0,18696000,5148900,5283700,1270800,0,0
25504000,0,0,0,0,1856400,23648000,0
38143000,0,8977400,0,945080,0,23515000,4705800
4719600,0,4719600,0,0,0,0,0
41541000,0,12525000,22709000,0,3897900,0,2409100
526080000,7402000,290800000,63850000,14118000,4511800,143650000,1744900
150660000,1618900,89387000,3121000,6464600,19850000,30221000,0
35338000,0,0,0,0,35338000,0,0
26540000,0,11552000,8205300,0,6782000,0,0
27872000,0,0,0,0,0,27872000,0
163760000,0,26807000,23076000,7740600,89431000,0,16708000
44440000,6751800,0,9922000,0,3207700,24559000,0
18209000,0,0,3721800,0,14487000,0,0
22901000,0,1379100,3029800,0,6133700,12358000,0
1959600,0,0,0,0,0,1959600,0
16169000,0,11306000,4863400,0,0,0,0
375190000,0,100070000,105150000,1189200,151740000,0,17034000
1773000,0,0,0,0,1773000,0,0
172790000,0,57486000,24680000,0,19151000,42387000,29085000
33665000,0,20392000,0,0,0,13273000,0
59264000,31795000,8942800,14668000,0,3858400,0,0
80437000,6220700,19096000,35336000,0,13274000,5942700,568420
3572000,0,0,0,0,3572000,0,0
63686000,0,3133900,1148800,12330000,33926000,8379300,4767400
5126300,0,0,5126300,0,0,0,0
37913000,0,2340600,0,0,27402000,8170600,0
10381000,0,8045900,2097300,0,0,0,237500
52596000,0,1512300,0,0,51083000,0,0
880680000,0,254150000,97677000,105740000,170330000,246910000,5888100
27459000,0,24413000,0,0,3045800,0,0
1315800,0,1073200,0,0,0,242580,0
33658000,0,30477000,3180400,0,0,0,0
9439400,0,0,9439400,0,0,0,0
1819800000,42323000,869400000,299430000,3917900,29002000,561910000,13842000
11140000,1877900,0,9262200,0,0,0,0
11311000,0,11311000,0,0,0,0,0
49938000,0,17547000,19719000,0,0,12672000,0
167590000,3051500,38513000,50965000,0,11818000,58890000,4353900
362670000,2824700,125290000,45489000,8389400,71872000,102610000,6193100
116150000,0,24249000,19902000,0,14883000,41127000,15991000
5167200,0,637500,3735000,0,0,0,794700
20988000,2734800,10709000,7545000,0,0,0,0
63227000,0,5589300,43866000,0,3061100,10710000,0
2773300000,2928600,1514700000,116330000,0,708210000,0,431120000
269030000,2837200,72345000,39564000,9627700,5614600,132290000,6754000
72916000,0,31998000,32114000,0,8803700,0,0
163050000,0,0,0,5707400,0,157340000,0
70636000,0,47507000,23130000,0,0,0,0
33363000,0,29866000,2931500,0,565930,0,0
32324000,0,32324000,0,0,0,0,0
7332300,0,0,0,7332300,0,0,0
6122900,0,3789700,2333200,0,0,0,0
2197900000,21908000,1225500000,220890000,96597000,445890000,180200000,6916600
4230800,0,0,970130,0,3260700,0,0
223750000,0,136370000,24366000,10903000,5452700,43628000,3036600
218150000,7639200,113820000,57011000,10974000,24144000,0,4564200
25053000,0,15229000,9824900,0,0,0,0
12103000,0,11028000,0,0,0,0,1075200
3942800,0,0,0,0,3942800,0,0
24180000,0,8932900,4908700,9494200,844590,0,0
169540000,0,45013000,0,10366000,79766000,4458300,29932000
63328000,0,53366000,6425700,0,3536000,0,0
2464600,0,0,0,0,0,2464600,0
228610000,0,146820000,47813000,22232000,0,11737000,0
2080300,0,0,0,0,0,2080300,0
101460000,0,74573000,0,0,0,26887000,0
267530000,6466300,257330000,0,0,0,0,3733100
1693600,0,0,0,0,1693600,0,0
30795000,0,0,30795000,0,0,0,0
64563000,1092100,15894000,32764000,333150,9807400,4054900,618140
22057000,0,11088000,0,0,10969000,0,0
43071000,0,18939000,4630500,6700600,12801000,0,0
2997600,0,0,0,2997600,0,0,0
19714000,0,0,18794000,0,0,0,920740
7374500,0,0,0,0,7374500,0,0
33104000,0,8499000,3518500,0,0,21087000,0
27714000,0,15399000,12314000,0,0,0,0
4897600,0,0,4897600,0,0,0,0
10612000,0,0,0,0,0,10612000,0
39798000,0,39798000,0,0,0,0,0
2834600,0,0,505230,0,0,2329400,0
685800000,11179000,571820000,77685000,5435700,0,19385000,298280
7723800,1152200,0,1368800,0,0,5202800,0
267740000,0,43203000,15665000,0,44225000,149760000,14885000
71090000,28757000,0,0,42333000,0,0,0
25361000,0,14753000,10609000,0,0,0,0
14286000,0,0,4635900,8972100,677920,0,0
56824000,0,11450000,7809000,4036000,33530000,0,0
3539000,1781100,1757900,0,0,0,0,0
17922000,0,15253000,0,0,2669800,0,0
9400800,0,0,9400800,0,0,0,0
2131100000,236580000,1183400000,131120000,154930000,75337000,264210000,85558000
9990500,0,7927100,2063400,0,0,0,0
86328000,1077400,49622000,34785000,843390,0,0,0
2613500,0,0,0,0,0,0,2613500
565140000,0,236140000,204800000,39972000,4468300,76065000,3697600
6954900,0,0,3141300,3813600,0,0,0
840270,0,0,0,0,0,0,840270
6953400,0,873800,528590,0,0,0,5551000
9300400,0,0,9300400,0,0,0,0
54220000,0,0,7126400,27729000,0,16785000,2578500
313210000,2741100,184690000,15350000,11072000,50098000,35806000,13451000
77497000,0,4042900,0,0,0,73454000,0
4053200,0,4053200,0,0,0,0,0
4424600,0,0,0,0,0,4424600,0
288710000,0,70398000,44095000,0,38765000,129800000,5652300
12013000,0,0,701590,2592400,0,8718800,0
188850000,9009900,13292000,60231000,21479000,47293000,28238000,9309000
287770000,0,2992000,0,0,284780000,0,0
94711000,0,51300000,33042000,0,0,10369000,0
37020000,0,36062000,0,0,957660,0,0
12476000,0,7816500,0,4659400,0,0,0
16911000,0,0,16911000,0,0,0,0
5481200,0,0,0,0,0,5481200,0
270060000,0,116280000,62960000,44671000,8242900,18328000,19580000
23869000,1495800,20929000,1444200,0,0,0,0
24031000,0,24031000,0,0,0,0,0
219780000,35358000,59078000,37248000,0,0,83581000,4514500
17656000,0,15332000,2324700,0,0,0,0
174900000,0,92881000,56684000,4760000,0,20579000,0
8836900,0,4492200,1285300,0,2058100,0,1001300
95206000,0,66045000,0,0,0,29161000,0
32531000,0,0,0,0,0,31788000,742620
14107000,0,14107000,0,0,0,0,0
3346900000,0,512010000,1898300000,199410000,0,0,737260000
447160000,40281000,276380000,38149000,1295000,16208000,72569000,2269900
87719000,8598500,0,5057500,3215400,0,70848000,0
264740000,0,199380000,65362000,0,0,0,0
93322000,0,0,0,0,0,93322000,0
1081300000,0,54299000,21115000,14294000,0,960190000,31408000
4775900,0,0,0,0,2987900,0,1788000
5786300,0,821790,1365000,0,0,3599600,0
234750000,1053200,115360000,34301000,0,84029000,0,0
19450000,0,16167000,3282300,0,0,0,0
8236100,0,0,0,0,0,0,8236100
6314500,0,4731300,0,0,0,1583200,0
1706500,0,0,0,0,1706500,0,0
7441000,0,0,0,0,0,0,7441000
12464000,0,2625300,9838800,0,0,0,0
137110000,0,38720000,28583000,31857000,17154000,19548000,1245900
575660000,17527000,130440000,82649000,0,1234500,340720000,3085800
9186900000,779900000,2474400000,1495000000,255780000,349740000,3673900000,158210000
320760000,3115500,82979000,78450000,0,13152000,127170000,15893000
8200000,0,0,8200000,0,0,0,0
1223900000,0,656750000,130840000,194680000,53015000,176410000,12196000
485610000,73322000,74925000,37076000,0,8800800,286880000,4601700
81278000,4186700,49261000,23609000,3209100,0,1012000,0
763290000,0,240500000,91598000,18766000,3043600,409380000,0
8805000,0,5238400,0,0,3566600,0,0
53798000,0,14142000,6833200,0,6315600,18020000,8486900
396480000,18119000,186750000,62329000,0,126640000,0,2638300
12046000,0,9324700,0,0,2720800,0,0
164540000,0,48952000,87199000,0,6537400,21849000,0
22779000,0,4774700,9752400,1122500,5145900,0,1983800
45672000,0,23627000,13835000,8210500,0,0,0
43083000,807110,30932000,4498100,463580,2017000,4364300,0
4116400000,0,8719400,584450000,244640000,0,3278600000,0
792290000,13131000,188730000,200160000,45430000,124020000,217820000,3004700
17359000,0,3789900,13569000,0,0,0,0
7184600,0,0,0,5628400,1556200,0,0
8764700,0,8764700,0,0,0,0,0
93147000,0,11962000,0,0,551260,80634000,0
198100000,47677000,49500000,0,0,0,100920000,0
28483000,0,10044000,0,0,0,18439000,0
377020000,3620700,90334000,73626000,990090,17234000,190070000,1138300
244740000,0,84258000,57939000,0,5044600,90470000,7025900
84013000,0,65845000,10742000,0,552530,6873800,0
9091300,0,0,3320800,0,0,5770500,0
1777500,0,1474000,223370,0,0,0,80132
5970700,0,2887900,3082900,0,0,0,0
7686000,0,2760600,4925400,0,0,0,0
336660000,0,48202000,37413000,23798000,0,227250000,0
751710000,27190000,186810000,35123000,20974000,5981300,475640000,0
147350000,0,110970000,12459000,5696500,4692700,13535000,0
20881000,0,0,4190700,6415300,0,10275000,0
22614000,0,6325200,4962800,0,590140,7653300,3083000
3101200,0,0,0,3101200,0,0,0
52808000,0,0,0,32736000,17493000,0,2578700
6529100,2271800,0,0,0,0,4257300,0
11227000,0,8746800,0,0,2480200,0,0
16632000,0,0,0,16632000,0,0,0
282290000,0,274470000,2640500,5178300,0,0,0
11682000,0,7322100,2616400,0,0,0,1743700
115050000,0,0,2691000,0,0,112360000,0
1440100000,0,616050000,824090000,0,0,0,0
107290000,0,2918500,102720000,0,0,0,1648800
25131000,1829000,11273000,1033100,0,0,10996000,0
18353000,0,0,18353000,0,0,0,0
24774000,0,5273400,1914700,0,17586000,0,0
12580000,0,0,8836200,0,0,3743700,0
608340,0,0,0,608340,0,0,0
85154000,0,34128000,17918000,0,0,33108000,0
16869000,0,13025000,3844400,0,0,0,0
182910000,0,136730000,12217000,0,33962000,0,0
43386000,0,36545000,6841800,0,0,0,0
42407000,1450900,15066000,14555000,3197500,488870,7648400,0
475570000,0,292530000,183040000,0,0,0,0
31556000,0,31556000,0,0,0,0,0
2220000,0,0,2220000,0,0,0,0
214340000,0,94155000,63480000,0,32889000,21591000,2224600
237340000,37512000,102250000,79638000,0,14401000,0,3535600
1192900,0,1192900,0,0,0,0,0
124470000,6098900,38512000,14775000,0,25488000,36982000,2615000
21981000,0,0,0,0,21981000,0,0
6999100000,806690000,1184200000,1696500000,653640000,189630000,2172400000,296150000
138730000,0,74027000,31372000,0,32528000,0,802240
813070000,6154100,364020000,4082600,0,25080000,408170000,5572900
11477000,0,11477000,0,0,0,0,0
0,0,0,0,0,0,0,0
38775000,881750,33243000,858050,0,3792700,0,0
768310000,55312000,473100000,116730000,0,0,119550000,3620500
7237200,0,7237200,0,0,0,0,0
23346000,2838600,10920000,2717100,868530,3614300,2387000,0
12789000,0,0,0,12789000,0,0,0
12883000,0,0,0,11505000,0,0,1377500
2230600,0,0,0,1820600,409970,0,0
2999600,0,0,0,0,0,2999600,0
2336700,0,0,0,2336700,0,0,0
184710000,0,40471000,16405000,36589000,90064000,0,1184900
21958000,0,4945200,5176100,819810,311470,10705000,0
2323900,0,0,0,0,2323900,0,0
145270000,3987900,28799000,64594000,0,25752000,22140000,0
1263200,0,0,0,1263200,0,0,0
0,0,0,0,0,0,0,0
1678000,0,549680,0,0,1128300,0,0
1502000,0,0,0,1502000,0,0,0
13670000,0,0,13670000,0,0,0,0
4691300,0,0,0,0,4691300,0,0
78819000,0,29472000,7440600,0,10121000,27702000,4082100
9683300,0,2698000,0,0,0,6985200,0
16691000,0,12891000,3275200,0,524610,0,0
6525300,0,0,0,6525300,0,0,0
397740000,3290000,141680000,16657000,16493000,124870000,20738000,74013000
237050000,0,16262000,32818000,0,26904000,161070000,0
2449700,0,0,0,0,0,2449700,0
415660000,14129000,82253000,23994000,44270000,24675000,221570000,4769300
1572400000,0,712370000,860030000,0,0,0,0
45922000,0,3926800,0,0,19383000,21789000,823760
162440000,0,162440000,0,0,0,0,0
67148000,0,53312000,13836000,0,0,0,0
33497000,0,0,0,0,0,33497000,0
3277800,0,2491500,0,0,0,0,786300
999640000,1471100,878320000,113930000,0,0,0,5915600
35390000,0,14585000,15242000,0,5563100,0,0
45579000,0,7801700,9134200,20669000,7974000,0,0
22969000000,869990000,9997500000,2925000000,822580000,3141400000,3556000000,1656200000
197210000,4805700,125830000,13608000,0,0,52971000,0
145300000,0,116600000,27953000,0,0,0,746140
58682000,0,32855000,25827000,0,0,0,0
1467600000,6207800,394950000,387510000,50492000,313320000,284420000,30740000
11824000,0,0,11824000,0,0,0,0
30570000,11686000,5934000,1878400,9771400,1300000,0,0
30570000,11686000,5934000,1878400,9771400,1300000,0,0
1185200000,86881000,743130000,165210000,39700000,119550000,15586000,15110000
1185200000,86881000,743130000,165210000,39700000,119550000,15586000,15110000
208080000,19188000,32301000,7388700,0,16017000,127750000,5432500
208080000,19188000,32301000,7388700,0,16017000,127750000,5432500
21825000,21825000,0,0,0,0,0,0
21825000,21825000,0,0,0,0,0,0
58073000,50022000,0,0,0,8050800,0,0
58073000,50022000,0,0,0,8050800,0,0
58073000,50022000,0,0,0,8050800,0,0
58073000,50022000,0,0,0,8050800,0,0
773460000,773460000,0,0,0,0,0,0
773460000,773460000,0,0,0,0,0,0
5157700,5157700,0,0,0,0,0,0
5157700,5157700,0,0,0,0,0,0
8598800,8598800,0,0,0,0,0,0
8598800,8598800,0,0,0,0,0,0
95656000,9191400,27827000,23568000,0,0,33676000,1394100
95656000,9191400,27827000,23568000,0,0,33676000,1394100
1703900,1703900,0,0,0,0,0,0
1703900,1703900,0,0,0,0,0,0
1703900,1703900,0,0,0,0,0,0
6362900,0,0,0,6362900,0,0,0
6362900,0,0,0,6362900,0,0,0
905530000,225160000,0,0,0,0,680370000,0
905530000,225160000,0,0,0,0,680370000,0
118440000,72122000,18420000,18168000,0,4831400,0,4901000
118440000,72122000,18420000,18168000,0,4831400,0,4901000
4616700,4616700,0,0,0,0,0,0
4616700,4616700,0,0,0,0,0,0
991440,0,0,991440,0,0,0,0
991440,0,0,991440,0,0,0,0
65801000,0,37117000,4016500,0,19578000,0,5089000
65801000,0,37117000,4016500,0,19578000,0,5089000
3357600,3357600,0,0,0,0,0,0
3357600,3357600,0,0,0,0,0,0
29460000,29460000,0,0,0,0,0,0
29460000,29460000,0,0,0,0,0,0
7932100,7932100,0,0,0,0,0,0
7932100,7932100,0,0,0,0,0,0
8507100,8507100,0,0,0,0,0,0
8507100,8507100,0,0,0,0,0,0
2065800,2065800,0,0,0,0,0,0
2065800,2065800,0,0,0,0,0,0
8082300,8082300,0,0,0,0,0,0
8082300,8082300,0,0,0,0,0,0
31195000,31195000,0,0,0,0,0,0
31195000,31195000,0,0,0,0,0,0
78554000,0,0,0,0,0,78554000,0
78554000,0,0,0,0,0,78554000,0
2561000,2561000,0,0,0,0,0,0
2561000,2561000,0,0,0,0,0,0
82519000,0,13820000,18843000,0,12669000,37186000,0
82519000,0,13820000,18843000,0,12669000,37186000,0
1445200,1445200,0,0,0,0,0,0
1445200,1445200,0,0,0,0,0,0
149810000,1391400,0,0,0,0,148420000,0
149810000,1391400,0,0,0,0,148420000,0
173710000,34347000,27913000,0,18473000,0,92221000,754970
173710000,34347000,27913000,0,18473000,0,92221000,754970
2749800000,950900000,0,0,0,0,1798900000,0
2749800000,950900000,0,0,0,0,1798900000,0
22314000,18542000,0,0,3771600,0,0,0
22314000,18542000,0,0,3771600,0,0,0
22314000,18542000,0,0,3771600,0,0,0
22314000,18542000,0,0,3771600,0,0,0
3255100,0,0,0,0,3255100,0,0
3255100,0,0,0,0,3255100,0,0
22432000,0,0,0,0,0,22432000,0
22432000,0,0,0,0,0,22432000,0
389260000,389260000,0,0,0,0,0,0
389260000,389260000,0,0,0,0,0,0
29527000,29527000,0,0,0,0,0,0
29527000,29527000,0,0,0,0,0,0
46587000,0,24798000,18874000,0,0,2914500,0
46587000,0,24798000,18874000,0,0,2914500,0
46587000,0,24798000,18874000,0,0,2914500,0
94697000,24550000,0,0,0,0,70147000,0
94697000,24550000,0,0,0,0,70147000,0
7413900,0,0,0,0,0,7413900,0
7413900,0,0,0,0,0,7413900,0
2438000,0,0,0,0,375550,0,2062400
2438000,0,0,0,0,375550,0,2062400
90651000,0,0,0,0,90651000,0,0
90651000,0,0,0,0,90651000,0,0
11997000,0,0,4315200,0,0,7681800,0
11997000,0,0,4315200,0,0,7681800,0
11859000,11859000,0,0,0,0,0,0
11859000,11859000,0,0,0,0,0,0
456900,456900,0,0,0,0,0,0
456900,456900,0,0,0,0,0,0
114040000,0,38132000,24288000,0,26737000,15825000,9054300
114040000,0,38132000,24288000,0,26737000,15825000,9054300
226050000,13069000,73222000,53376000,7619300,19436000,53217000,6114200
226050000,13069000,73222000,53376000,7619300,19436000,53217000,6114200
90743000,90743000,0,0,0,0,0,0
90743000,90743000,0,0,0,0,0,0
19450000,19450000,0,0,0,0,0,0
19450000,19450000,0,0,0,0,0,0
19450000,19450000,0,0,0,0,0,0
19450000,19450000,0,0,0,0,0,0
19450000,19450000,0,0,0,0,0,0
19450000,19450000,0,0,0,0,0,0
19450000,19450000,0,0,0,0,0,0
19450000,19450000,0,0,0,0,0,0
19450000,19450000,0,0,0,0,0,0
19450000,19450000,0,0,0,0,0,0
19450000,19450000,0,0,0,0,0,0
25856000,25856000,0,0,0,0,0,0
25856000,25856000,0,0,0,0,0,0
1021500000,0,0,0,963900000,51941000,0,5621700
1021500000,0,0,0,963900000,51941000,0,5621700
200400000,0,173000000,0,0,0,27405000,0
200400000,0,173000000,0,0,0,27405000,0
200400000,0,173000000,0,0,0,27405000,0
248760000,0,55994000,192760000,0,0,0,0
248760000,0,55994000,192760000,0,0,0,0
1144000000,16537000,788500000,130390000,83678000,100670000,23431000,812100
1144000000,16537000,788500000,130390000,83678000,100670000,23431000,812100
1144000000,16537000,788500000,130390000,83678000,100670000,23431000,812100
1144000000,16537000,788500000,130390000,83678000,100670000,23431000,812100
1144000000,16537000,788500000,130390000,83678000,100670000,23431000,812100
4091000,0,4091000,0,0,0,0,0
4091000,0,4091000,0,0,0,0,0
294070000,28045000,139110000,79185000,9955800,5957500,28919000,2890900
294070000,28045000,139110000,79185000,9955800,5957500,28919000,2890900
294070000,28045000,139110000,79185000,9955800,5957500,28919000,2890900
294070000,28045000,139110000,79185000,9955800,5957500,28919000,2890900
294070000,28045000,139110000,79185000,9955800,5957500,28919000,2890900
174570,0,0,0,0,0,0,174570
174570,0,0,0,0,0,0,174570
261110000,5855400,105320000,24784000,39795000,85351000,0,0
261110000,5855400,105320000,24784000,39795000,85351000,0,0
13724000,13724000,0,0,0,0,0,0
13724000,13724000,0,0,0,0,0,0
20937000,0,20937000,0,0,0,0,0
20937000,0,20937000,0,0,0,0,0
20937000,0,20937000,0,0,0,0,0
20937000,0,20937000,0,0,0,0,0
20937000,0,20937000,0,0,0,0,0
1729700000,13497000,737800000,547900000,11845000,165490000,205480000,47641000
1729700000,13497000,737800000,547900000,11845000,165490000,205480000,47641000
58664000,0,51896000,6767900,0,0,0,0
58664000,0,51896000,6767900,0,0,0,0
58664000,0,51896000,6767900,0,0,0,0
58664000,0,51896000,6767900,0,0,0,0
58664000,0,51896000,6767900,0,0,0,0
253690000,23886000,124350000,0,0,3081100,101360000,1006400
253690000,23886000,124350000,0,0,3081100,101360000,1006400
253690000,23886000,124350000,0,0,3081100,101360000,1006400
253690000,23886000,124350000,0,0,3081100,101360000,1006400
274270000,0,226700000,11060000,23801000,11709000,0,1002800
274270000,0,226700000,11060000,23801000,11709000,0,1002800
274270000,0,226700000,11060000,23801000,11709000,0,1002800
274270000,0,226700000,11060000,23801000,11709000,0,1002800
274270000,0,226700000,11060000,23801000,11709000,0,1002800
274270000,0,226700000,11060000,23801000,11709000,0,1002800
19617000,0,0,0,19617000,0,0,0
19617000,0,0,0,19617000,0,0,0
32878000,0,26084000,6793300,0,0,0,0
32878000,0,26084000,6793300,0,0,0,0
50495000,50495000,0,0,0,0,0,0
50495000,50495000,0,0,0,0,0,0
50495000,50495000,0,0,0,0,0,0
50495000,50495000,0,0,0,0,0,0
7150700,7150700,0,0,0,0,0,0
7150700,7150700,0,0,0,0,0,0
7150700,7150700,0,0,0,0,0,0
36152000,36152000,0,0,0,0,0,0
36152000,36152000,0,0,0,0,0,0
322440000,322440000,0,0,0,0,0,0
322440000,322440000,0,0,0,0,0,0
2588100,2588100,0,0,0,0,0,0
2588100,2588100,0,0,0,0,0,0
21644000,0,0,0,0,0,21644000,0
21644000,0,0,0,0,0,21644000,0
125420000,125420000,0,0,0,0,0,0
125420000,125420000,0,0,0,0,0,0
58248000,18637000,0,0,0,0,39611000,0
58248000,18637000,0,0,0,0,39611000,0
5374100,5374100,0,0,0,0,0,0
5374100,5374100,0,0,0,0,0,0
5374100,5374100,0,0,0,0,0,0
5374100,5374100,0,0,0,0,0,0
20038000,0,14863000,0,0,0,0,5175700
20038000,0,14863000,0,0,0,0,5175700
124270000,121250000,1743700,0,1277900,0,0,0
124270000,121250000,1743700,0,1277900,0,0,0
418000000,418000000,0,0,0,0,0,0
418000000,418000000,0,0,0,0,0,0
12294000,12294000,0,0,0,0,0,0
12294000,12294000,0,0,0,0,0,0
10199000000,1453800000,943740000,236050000,91365000,50024000,7391900000,32265000
10199000000,1453800000,943740000,236050000,91365000,50024000,7391900000,32265000
162060000,0,40626000,27393000,0,44203000,46899000,2938200
162060000,0,40626000,27393000,0,44203000,46899000,2938200
20723000,0,8881700,0,0,2547100,5580400,3713900
20723000,0,8881700,0,0,2547100,5580400,3713900
35997000,0,16415000,6593600,0,1286200,11702000,0
35997000,0,16415000,6593600,0,1286200,11702000,0
228920000,0,67526000,28627000,0,12708000,113080000,6984100
228920000,0,67526000,28627000,0,12708000,113080000,6984100
29123000000,3607000000,8359900000,4966400000,3116800000,2996400000,5198900000,877240000
29123000000,3607000000,8359900000,4966400000,3116800000,2996400000,5198900000,877240000
195520000,0,10870000,73540000,0,0,109240000,1873700
195520000,0,10870000,73540000,0,0,109240000,1873700
195520000,0,10870000,73540000,0,0,109240000,1873700
93692000,0,39959000,19370000,0,7161900,24875000,2326800
93692000,0,39959000,19370000,0,7161900,24875000,2326800
347080000,1507600,47275000,101460000,2271700,13477000,176250000,4832800
347080000,1507600,47275000,101460000,2271700,13477000,176250000,4832800
68481000,3261700,15050000,24242000,0,0,25926000,0
68481000,3261700,15050000,24242000,0,0,25926000,0
93120000,0,0,12974000,4948600,0,75197000,0
93120000,0,0,12974000,4948600,0,75197000,0
93120000,0,0,12974000,4948600,0,75197000,0
93120000,0,0,12974000,4948600,0,75197000,0
17996000,0,0,0,0,2604200,14884000,507870
17996000,0,0,0,0,2604200,14884000,507870
345630000,0,127510000,218120000,0,0,0,0
345630000,0,127510000,218120000,0,0,0,0
1066300,0,0,0,1066300,0,0,0
1066300,0,0,0,1066300,0,0,0
9697400,0,9697400,0,0,0,0,0
9697400,0,9697400,0,0,0,0,0
25413000,0,14954000,7958800,0,0,0,2500600
25413000,0,14954000,7958800,0,0,0,2500600
460110000,15400000,95304000,86592000,75227000,8723300,168050000,10817000
460110000,15400000,95304000,86592000,75227000,8723300,168050000,10817000
177520000,1212000,39192000,26793000,4551100,40365000,28621000,36782000
177520000,1212000,39192000,26793000,4551100,40365000,28621000,36782000
61431000,0,20216000,0,0,0,26086000,15129000
61431000,0,20216000,0,0,0,26086000,15129000
293500000,0,106000000,152440000,0,0,35061000,0
293500000,0,106000000,152440000,0,0,35061000,0
12668000,0,12668000,0,0,0,0,0
12668000,0,12668000,0,0,0,0,0
314120000,25571000,212300000,39361000,7235400,7483900,2962100,19210000
314120000,25571000,212300000,39361000,7235400,7483900,2962100,19210000
314120000,25571000,212300000,39361000,7235400,7483900,2962100,19210000
81858000,0,81858000,0,0,0,0,0
81858000,0,81858000,0,0,0,0,0
16451000,0,16451000,0,0,0,0,0
16451000,0,16451000,0,0,0,0,0
33521000,0,18538000,14983000,0,0,0,0
33521000,0,18538000,14983000,0,0,0,0
9705100,0,0,0,4686600,0,5018500,0
9705100,0,0,0,4686600,0,5018500,0
742290,0,742290,0,0,0,0,0
742290,0,742290,0,0,0,0,0
742290,0,742290,0,0,0,0,0
27848000,0,21783000,0,0,2282900,0,3782400
27848000,0,21783000,0,0,2282900,0,3782400
2178400,0,0,2178400,0,0,0,0
2178400,0,0,2178400,0,0,0,0
218200000,0,46308000,19156000,0,29175000,120200000,3362100
218200000,0,46308000,19156000,0,29175000,120200000,3362100
17191000,0,17191000,0,0,0,0,0
17191000,0,17191000,0,0,0,0,0
659880000,3938500,253400000,186640000,7219000,73209000,129920000,5540000
659880000,3938500,253400000,186640000,7219000,73209000,129920000,5540000
26392000,0,7163800,10957000,0,5078900,3192000,0
26392000,0,7163800,10957000,0,5078900,3192000,0
421840000,0,0,0,8320200,110480000,0,303040000
421840000,0,0,0,8320200,110480000,0,303040000
421840000,0,0,0,8320200,110480000,0,303040000
421840000,0,0,0,8320200,110480000,0,303040000
19729000,0,0,0,19729000,0,0,0
19729000,0,0,0,19729000,0,0,0
19729000,0,0,0,19729000,0,0,0
421490000,0,0,0,323250000,98241000,0,0
421490000,0,0,0,323250000,98241000,0,0
4580500,0,0,0,3303800,1276700,0,0
4580500,0,0,0,3303800,1276700,0,0
4580500,0,0,0,3303800,1276700,0,0
5819000,0,0,0,0,5819000,0,0
5819000,0,0,0,0,5819000,0,0
136060000,79640000,0,0,0,44252000,0,12163000
136060000,79640000,0,0,0,44252000,0,12163000
231220000,15333000,0,0,0,215890000,0,0
231220000,15333000,0,0,0,215890000,0,0
52437000,0,32498000,12083000,0,471250,5439400,1946000
52437000,0,32498000,12083000,0,471250,5439400,1946000
2772000,0,0,2772000,0,0,0,0
2772000,0,0,2772000,0,0,0,0
15763000,0,15763000,0,0,0,0,0
15763000,0,15763000,0,0,0,0,0
7565400,2046000,0,0,2712400,0,2807100,0
7565400,2046000,0,0,2712400,0,2807100,0
7565400,2046000,0,0,2712400,0,2807100,0
7565400,2046000,0,0,2712400,0,2807100,0
22421000,0,0,0,22421000,0,0,0
22421000,0,0,0,22421000,0,0,0
8914400,0,0,0,8914400,0,0,0
8914400,0,0,0,8914400,0,0,0
4672300,0,0,0,4672300,0,0,0
4672300,0,0,0,4672300,0,0,0
8830900,0,0,0,8830900,0,0,0
8830900,0,0,0,8830900,0,0,0
849090000,0,127860000,4144800,242160000,7854700,467070000,0
849090000,0,127860000,4144800,242160000,7854700,467070000,0
2247700,0,0,0,2247700,0,0,0
2247700,0,0,0,2247700,0,0,0
38891000,0,0,0,38891000,0,0,0
38891000,0,0,0,38891000,0,0,0
4103600,0,0,0,2725100,0,0,1378500
4103600,0,0,0,2725100,0,0,1378500
12886000,0,0,0,12886000,0,0,0
12886000,0,0,0,12886000,0,0,0
884930000,0,0,0,884930000,0,0,0
884930000,0,0,0,884930000,0,0,0
884930000,0,0,0,884930000,0,0,0
16490000,0,0,0,16490000,0,0,0
16490000,0,0,0,16490000,0,0,0
20385000,0,0,0,20385000,0,0,0
20385000,0,0,0,20385000,0,0,0
35577000,0,0,0,35577000,0,0,0
35577000,0,0,0,35577000,0,0,0
31813000,0,0,0,31813000,0,0,0
31813000,0,0,0,31813000,0,0,0
9654800,0,0,0,0,0,9654800,0
9654800,0,0,0,0,0,9654800,0
51607000,0,46551000,5056300,0,0,0,0
51607000,0,46551000,5056300,0,0,0,0
51607000,0,46551000,5056300,0,0,0,0
51607000,0,46551000,5056300,0,0,0,0
51607000,0,46551000,5056300,0,0,0,0
51607000,0,46551000,5056300,0,0,0,0
51607000,0,46551000,5056300,0,0,0,0
51607000,0,46551000,5056300,0,0,0,0
188190000,188190000,0,0,0,0,0,0
188190000,188190000,0,0,0,0,0,0
53452000,18918000,0,0,11274000,12600000,0,10661000
53452000,18918000,0,0,11274000,12600000,0,10661000
429680000,0,0,0,0,429680000,0,0
429680000,0,0,0,0,429680000,0,0
429680000,0,0,0,0,429680000,0,0
429680000,0,0,0,0,429680000,0,0
429680000,0,0,0,0,429680000,0,0
429680000,0,0,0,0,429680000,0,0
429680000,0,0,0,0,429680000,0,0
429680000,0,0,0,0,429680000,0,0
12222000,0,0,0,0,0,0,12222000
12222000,0,0,0,0,0,0,12222000
12222000,0,0,0,0,0,0,12222000
12222000,0,0,0,0,0,0,12222000
12222000,0,0,0,0,0,0,12222000
12222000,0,0,0,0,0,0,12222000
126960000,0,48822000,11164000,0,66973000,0,0
126960000,0,48822000,11164000,0,66973000,0,0
18066000,0,0,0,0,18066000,0,0
18066000,0,0,0,0,18066000,0,0
28583000,0,0,0,0,28583000,0,0
28583000,0,0,0,0,28583000,0,0
28583000,0,0,0,0,28583000,0,0
28583000,0,0,0,0,28583000,0,0
28583000,0,0,0,0,28583000,0,0
4588600,0,0,0,0,0,4588600,0
4588600,0,0,0,0,0,4588600,0
3808200,0,0,0,0,3808200,0,0
3808200,0,0,0,0,3808200,0,0
3808200,0,0,0,0,3808200,0,0
6603900,0,0,0,0,6603900,0,0
6603900,0,0,0,0,6603900,0,0
47799000,0,0,17837000,0,20666000,3886300,5410200
47799000,0,0,17837000,0,20666000,3886300,5410200
363490000,80641000,49186000,14471000,12176000,189740000,5794300,11478000
363490000,80641000,49186000,14471000,12176000,189740000,5794300,11478000
24762000,0,8363200,0,0,16399000,0,0
24762000,0,8363200,0,0,16399000,0,0
70178000,3716700,0,0,19131000,14006000,33324000,0
70178000,3716700,0,0,19131000,14006000,33324000,0
50354000,0,0,0,0,50354000,0,0
50354000,0,0,0,0,50354000,0,0
2463200000,0,1435500000,296880000,30493000,382570000,231270000,86395000
2463200000,0,1435500000,296880000,30493000,382570000,231270000,86395000
2463200000,0,1435500000,296880000,30493000,382570000,231270000,86395000
13356000,0,0,0,0,13356000,0,0
13356000,0,0,0,0,13356000,0,0
7593100,0,0,0,0,7593100,0,0
7593100,0,0,0,0,7593100,0,0
5959500,0,0,0,0,5959500,0,0
5959500,0,0,0,0,5959500,0,0
8831100,0,0,0,8831100,0,0,0
8831100,0,0,0,8831100,0,0,0
8831100,0,0,0,8831100,0,0,0
8831100,0,0,0,8831100,0,0,0
8831100,0,0,0,8831100,0,0,0
8831100,0,0,0,8831100,0,0,0
1614600000,0,0,0,0,1614600000,0,0
1614600000,0,0,0,0,1614600000,0,0
1614600000,0,0,0,0,1614600000,0,0
2218500,0,0,0,0,2218500,0,0
2218500,0,0,0,0,2218500,0,0
39164000,0,0,0,0,39164000,0,0
39164000,0,0,0,0,39164000,0,0
559120000,0,5638500,14244000,77507000,410510000,0,51227000
559120000,0,5638500,14244000,77507000,410510000,0,51227000
559120000,0,5638500,14244000,77507000,410510000,0,51227000