Intensity,Intensity Brain1,Intensity Brain2,Intensity Brain3,Intensity Liver1,Intensity Liver2,Intensity Liver3,Intensity Muscle fiber1,Intensity Muscle fiber2,Intensity Muscle fiber3
210190000,0,9783900,0,0,0,0,41762000,17621000,33830000
0,0,0,0,0,0,0,0,0,0
29336000,0,0,0,0,0,29336000,0,0,0
1823400000,0,0,0,610750000,545900000,597880000,13262000,0,0
1823400000,0,0,0,610750000,545900000,597880000,13262000,0,0
0,0,0,0,0,0,0,0,0,0
0,0,0,0,0,0,0,0,0,0
0,0,0,0,0,0,0,0,0,0
294240000,90266000,91514000,112460000,0,0,0,0,0,0
2331100000,74916000,116040000,119850000,0,0,0,463020000,619990000,937310000
2331100000,74916000,116040000,119850000,0,0,0,463020000,619990000,937310000
2331100000,74916000,116040000,119850000,0,0,0,463020000,619990000,937310000
2802100000,678020000,645160000,844430000,37967000,0,0,17131000,0,0
0,0,0,0,0,0,0,0,0,0
0,0,0,0,0,0,0,0,0,0
0,0,0,0,0,0,0,0,0,0
7483200000,0,0,0,0,0,0,0,989450000,0
490340000,0,0,0,0,0,0,0,0,0
0,0,0,0,0,0,0,0,0,0
290440000,0,0,0,0,124840000,124810000,16870000,0,0
0,0,0,0,0,0,0,0,0,0
0,0,0,0,0,0,0,0,0,0
0,0,0,0,0,0,0,0,0,0
239680000,66886000,31294000,29813000,0,0,0,0,0,0
22002000,0,11328000,10675000,0,0,0,0,0,0
0,0,0,0,0,0,0,0,0,0
526710000,140860000,136600000,249250000,0,0,0,0,0,0
10673000,10673000,0,0,0,0,0,0,0,0
10673000,10673000,0,0,0,0,0,0,0,0
25723000,25723000,0,0,0,0,0,0,0,0
29020000,0,29020000,0,0,0,0,0,0,0
247690000,0,0,0,77402000,69117000,79346000,0,0,21828000
84116000,31252000,52864000,0,0,0,0,0,0,0
170100000,0,0,0,59613000,32779000,0,13165000,8772100,9878500
0,0,0,0,0,0,0,0,0,0
297550000,297550000,0,0,0,0,0,0,0,0
194000000,0,0,0,0,0,0,0,0,0
194000000,0,0,0,0,0,0,0,0,0
69420000,0,21206000,0,0,0,0,0,0,20592000
97603000,0,0,0,0,0,0,0,0,0
431570000,0,0,30751000,0,0,0,0,33448000,45366000
122480000,0,0,0,0,0,0,122480000,0,0
272610000,0,0,0,0,0,0,44673000,46922000,58284000
90094000,0,0,0,0,0,0,0,38769000,0
142650000,0,65752000,76900000,0,0,0,0,0,0
113110000,113110000,0,0,0,0,0,0,0,0
23940000,0,13302000,10638000,0,0,0,0,0,0
5866300,0,0,0,0,0,0,0,0,0
5866300,0,0,0,0,0,0,0,0,0
5866300,0,0,0,0,0,0,0,0,0
19888000,19888000,0,0,0,0,0,0,0,0
0,0,0,0,0,0,0,0,0,0
335520000,111670000,164370000,59484000,0,0,0,0,0,0
181620000,63832000,89647000,28143000,0,0,0,0,0,0
1779500000,43192000,85240000,0,0,0,0,0,159490000,169940000
62382000,62382000,0,0,0,0,0,0,0,0
71065000,71065000,0,0,0,0,0,0,0,0
110480000,0,58010000,52468000,0,0,0,0,0,0
0,0,0,0,0,0,0,0,0,0
0,0,0,0,0,0,0,0,0,0
25350000,0,0,0,25350000,0,0,0,0,0
25350000,0,0,0,25350000,0,0,0,0,0
55135000,0,0,0,0,0,0,0,0,0
21201000,0,0,0,0,9698300,11502000,0,0,0
21201000,0,0,0,0,9698300,11502000,0,0,0
154400000,0,0,154400000,0,0,0,0,0,0
154400000,0,0,154400000,0,0,0,0,0,0
624410000,0,54360000,57464000,98753000,81433000,114670000,0,22919000,32713000
624410000,0,54360000,57464000,98753000,81433000,114670000,0,22919000,32713000
19947000,0,0,0,0,0,0,0,0,0
1015200000,0,0,0,0,0,975080000,24504000,15598000,0
318380000,0,0,0,0,0,0,0,318380000,0
318380000,0,0,0,0,0,0,0,318380000,0
2693300000,0,192470000,223210000,0,0,0,350200000,334680000,513610000
2506900000,0,0,0,11153000,52737000,34936000,243390000,286240000,411510000
101220000,0,0,0,0,0,0,13697000,14262000,13371000
0,0,0,0,0,0,0,0,0,0
1109100000,338900000,414090000,356070000,0,0,0,0,0,0
93912000,50676000,43236000,0,0,0,0,0,0,0
236500000,0,120880000,103730000,0,0,0,0,8234000,3661900
92566000,92566000,0,0,0,0,0,0,0,0
0,0,0,0,0,0,0,0,0,0
390760000,0,0,0,0,0,0,0,0,0
390760000,0,0,0,0,0,0,0,0,0
184030,0,0,0,0,184030,0,0,0,0
184030,0,0,0,0,184030,0,0,0,0
184030,0,0,0,0,184030,0,0,0,0
56371000,24344000,0,32027000,0,0,0,0,0,0
112760000,40644000,36134000,35978000,0,0,0,0,0,0
41274000,0,0,0,0,41274000,0,0,0,0
0,0,0,0,0,0,0,0,0,0
0,0,0,0,0,0,0,0,0,0
0,0,0,0,0,0,0,0,0,0
0,0,0,0,0,0,0,0,0,0
340630000,0,0,0,0,174000000,166630000,0,0,0
140060000,0,0,0,140060000,0,0,0,0,0
178970000,45581000,68879000,64507000,0,0,0,0,0,0
566320000,0,9857900,10665000,244290000,206900000,0,0,55389000,39214000
0,0,0,0,0,0,0,0,0,0
8028700000,0,0,0,0,0,0,544580000,1025100000,957860000
8028700000,0,0,0,0,0,0,544580000,1025100000,957860000
29838000,12933000,16906000,0,0,0,0,0,0,0
0,0,0,0,0,0,0,0,0,0
275700000,0,136950000,138750000,0,0,0,0,0,0
1645500000,463280000,503420000,584860000,0,0,0,0,30289000,0
119380000,0,0,0,47580000,25847000,45955000,0,0,0
119380000,0,0,0,47580000,25847000,45955000,0,0,0
35162000,0,0,0,0,35162000,0,0,0,0
0,0,0,0,0,0,0,0,0,0
350480000,0,0,0,0,0,0,0,0,58034000
350480000,0,0,0,0,0,0,0,0,58034000
350480000,0,0,0,0,0,0,0,0,58034000
0,0,0,0,0,0,0,0,0,0
0,0,0,0,0,0,0,0,0,0
0,0,0,0,0,0,0,0,0,0
0,0,0,0,0,0,0,0,0,0
0,0,0,0,0,0,0,0,0,0
0,0,0,0,0,0,0,0,0,0
0,0,0,0,0,0,0,0,0,0
0,0,0,0,0,0,0,0,0,0
677200000,220470000,249310000,207420000,0,0,0,0,0,0
853000000,160030000,155270000,121900000,94817000,132330000,174960000,0,13698000,0
0,0,0,0,0,0,0,0,0,0
0,0,0,0,0,0,0,0,0,0
0,0,0,0,0,0,0,0,0,0
0,0,0,0,0,0,0,0,0,0
65404000,0,8881600,0,0,0,0,15506000,14465000,0
65404000,0,8881600,0,0,0,0,15506000,14465000,0
9340500000,0,0,0,0,0,0,0,2409000000,1944500000
9340500000,0,0,0,0,0,0,0,2409000000,1944500000
9340500000,0,0,0,0,0,0,0,2409000000,1944500000
328820000,0,0,0,50298000,104610000,121660000,20770000,0,31487000
328820000,0,0,0,50298000,104610000,121660000,20770000,0,31487000
328820000,0,0,0,50298000,104610000,121660000,20770000,0,31487000
328820000,0,0,0,50298000,104610000,121660000,20770000,0,31487000
0,0,0,0,0,0,0,0,0,0
122340000,0,0,0,32642000,49032000,40670000,0,0,0
190580000,0,0,0,0,0,0,0,0,0
1927800000,699660000,625560000,602540000,0,0,0,0,0,0
190580000,0,0,0,0,0,0,0,0,0
190580000,0,0,0,0,0,0,0,0,0
205520000,0,0,0,0,0,0,74365000,57711000,73446000
224420000,0,15233000,0,0,0,0,0,0,0
224420000,0,15233000,0,0,0,0,0,0,0
406930000,0,149520000,141670000,0,0,0,0,0,0
406930000,0,149520000,141670000,0,0,0,0,0,0
406930000,0,149520000,141670000,0,0,0,0,0,0
59426000,0,0,59426000,0,0,0,0,0,0
0,0,0,0,0,0,0,0,0,0
0,0,0,0,0,0,0,0,0,0
9283700,0,0,0,0,0,0,0,0,0
50783000,0,0,0,50783000,0,0,0,0,0
50783000,0,0,0,50783000,0,0,0,0,0
1660400000,411250000,487440000,404990000,176210000,80464000,100010000,0,0,0
453260000,0,0,0,0,0,0,0,0,0
453260000,0,0,0,0,0,0,0,0,0
11512000,0,0,0,11512000,0,0,0,0,0
1050300000,0,0,0,0,0,0,0,0,0
1050300000,0,0,0,0,0,0,0,0,0
73172000,18102000,18534000,20190000,3390500,4780000,8175300,0,0,0
0,0,0,0,0,0,0,0,0,0
1956700000,641920000,685890000,628930000,0,0,0,0,0,0
0,0,0,0,0,0,0,0,0,0
0,0,0,0,0,0,0,0,0,0
1825200000,0,0,0,0,0,0,823740000,250850000,255700000
1825200000,0,0,0,0,0,0,823740000,250850000,255700000
237400000,0,0,0,0,0,0,48187000,0,32953000
0,0,0,0,0,0,0,0,0,0
0,0,0,0,0,0,0,0,0,0
0,0,0,0,0,0,0,0,0,0
83708000,38725000,44983000,0,0,0,0,0,0,0
192930000,56093000,70159000,66683000,0,0,0,0,0,0
439640000,0,0,0,0,0,0,0,439640000,0
439640000,0,0,0,0,0,0,0,439640000,0
2833400000,643160000,737490000,1452700000,0,0,0,0,0,0
670950000,670950000,0,0,0,0,0,0,0,0
2987900,0,0,0,0,0,2987900,0,0,0
186180000,0,96254000,89926000,0,0,0,0,0,0
186180000,0,96254000,89926000,0,0,0,0,0,0
0,0,0,0,0,0,0,0,0,0
0,0,0,0,0,0,0,0,0,0
1772300000,0,0,0,626080000,457750000,688460000,0,0,0
1772300000,0,0,0,626080000,457750000,688460000,0,0,0
1772300000,0,0,0,626080000,457750000,688460000,0,0,0
1772300000,0,0,0,626080000,457750000,688460000,0,0,0
0,0,0,0,0,0,0,0,0,0
0,0,0,0,0,0,0,0,0,0
5571600000,35995000,47783000,36135000,0,0,0,0,845610000,843330000
5571600000,35995000,47783000,36135000,0,0,0,0,845610000,843330000
5571600000,35995000,47783000,36135000,0,0,0,0,845610000,843330000
187300000,0,0,0,0,111970000,75327000,0,0,0
187300000,0,0,0,0,111970000,75327000,0,0,0
34950000,0,0,34950000,0,0,0,0,0,0
1762300000,0,0,0,0,0,9080900,292690000,334810000,404510000
19144000,19144000,0,0,0,0,0,0,0,0
0,0,0,0,0,0,0,0,0,0
13791000,13791000,0,0,0,0,0,0,0,0
0,0,0,0,0,0,0,0,0,0
0,0,0,0,0,0,0,0,0,0
163840000,47885000,47918000,68038000,0,0,0,0,0,0
0,0,0,0,0,0,0,0,0,0
328560000,90633000,134580000,103350000,0,0,0,0,0,0
328560000,90633000,134580000,103350000,0,0,0,0,0,0
47826000,0,27909000,19917000,0,0,0,0,0,0
530110000,252850000,250750000,0,0,26506000,0,0,0,0
446440000,0,0,0,121950000,141350000,183150000,0,0,0
446440000,0,0,0,121950000,141350000,183150000,0,0,0
446440000,0,0,0,121950000,141350000,183150000,0,0,0
0,0,0,0,0,0,0,0,0,0
200730000,0,0,0,76841000,0,123890000,0,0,0
0,0,0,0,0,0,0,0,0,0
0,0,0,0,0,0,0,0,0,0
0,0,0,0,0,0,0,0,0,0
0,0,0,0,0,0,0,0,0,0
0,0,0,0,0,0,0,0,0,0
204170000,108800000,0,95374000,0,0,0,0,0,0
0,0,0,0,0,0,0,0,0,0
456490000,62780000,117300000,73898000,0,105680000,96832000,0,0,0
10956000,0,0,0,10956000,0,0,0,0,0
159630000,0,0,0,0,0,0,10161000,0,0
159630000,0,0,0,0,0,0,10161000,0,0
159630000,0,0,0,0,0,0,10161000,0,0
0,0,0,0,0,0,0,0,0,0
0,0,0,0,0,0,0,0,0,0
0,0,0,0,0,0,0,0,0,0
460390000,0,0,0,0,0,0,115040000,89597000,107550000
8318800000,0,0,0,0,0,0,1442200000,1086000000,1545300000
0,0,0,0,0,0,0,0,0,0
142770000,0,0,0,0,0,0,41302000,28526000,48602000
0,0,0,0,0,0,0,0,0,0
24801000,0,0,0,0,0,0,0,0,0
24801000,0,0,0,0,0,0,0,0,0
24801000,0,0,0,0,0,0,0,0,0
29067000000,0,0,0,0,0,0,3823000000,3306500000,4881000000
29067000000,0,0,0,0,0,0,3823000000,3306500000,4881000000
382840000,0,0,0,0,382840000,0,0,0,0
547300000,158440000,241680000,147180000,0,0,0,0,0,0
15216000,15216000,0,0,0,0,0,0,0,0
168420000,56754000,54111000,57558000,0,0,0,0,0,0
337590000,0,0,0,0,0,0,0,0,0
337590000,0,0,0,0,0,0,0,0,0
337590000,0,0,0,0,0,0,0,0,0
1075700000,335270000,367480000,372930000,0,0,0,0,0,0
0,0,0,0,0,0,0,0,0,0
0,0,0,0,0,0,0,0,0,0
40243000,14037000,11286000,14920000,0,0,0,0,0,0
69058000,13910000,25348000,21367000,0,0,0,8433800,0,0
0,0,0,0,0,0,0,0,0,0
0,0,0,0,0,0,0,0,0,0
0,0,0,0,0,0,0,0,0,0
0,0,0,0,0,0,0,0,0,0
0,0,0,0,0,0,0,0,0,0
0,0,0,0,0,0,0,0,0,0
131220000,42104000,39610000,36250000,13257000,0,0,0,0,0
54648000,0,27691000,26958000,0,0,0,0,0,0
326870000,0,33981000,29258000,61201000,74245000,92151000,6076300,0,5202100
3723700000,21249000,42994000,0,0,0,0,1601800000,306750000,280710000
3723700000,21249000,42994000,0,0,0,0,1601800000,306750000,280710000
733360000,0,0,0,188460000,276700000,268200000,0,0,0
0,0,0,0,0,0,0,0,0,0
112330000,0,0,0,0,41466000,70864000,0,0,0
29180000,0,0,0,6725800,6711100,11759000,0,0,0
0,0,0,0,0,0,0,0,0,0
199030000,0,0,0,0,12541000,0,0,0,17256000
62571000,0,0,0,0,0,0,0,62571000,0
62571000,0,0,0,0,0,0,0,62571000,0
0,0,0,0,0,0,0,0,0,0
0,0,0,0,0,0,0,0,0,0
0,0,0,0,0,0,0,0,0,0
123390000,64591000,58800000,0,0,0,0,0,0,0
232820000,232820000,0,0,0,0,0,0,0,0
1868000000,0,0,0,0,17713000,21401000,706190000,621350000,480060000
1868000000,0,0,0,0,17713000,21401000,706190000,621350000,480060000
168900000,0,0,0,38535000,55601000,73700000,0,0,0
28403000,0,0,0,0,28403000,0,0,0,0
28403000,0,0,0,0,28403000,0,0,0,0
38903000,0,0,0,0,28403000,0,0,0,0
4357200000,0,0,97930000,2049100000,2159200000,0,0,0,0
0,0,0,0,0,0,0,0,0,0
508160000,0,88481000,82511000,85073000,60513000,56474000,0,40503000,48322000
0,0,0,0,0,0,0,0,0,0
0,0,0,0,0,0,0,0,0,0
508160000,0,88481000,82511000,85073000,60513000,56474000,0,40503000,48322000
392050000,0,0,0,0,0,0,144420000,119730000,15622000
392050000,0,0,0,0,0,0,144420000,119730000,15622000
0,0,0,0,0,0,0,0,0,0
141280000,141280000,0,0,0,0,0,0,0,0
343520000,0,0,0,111900000,100770000,125320000,0,0,0
271490000,137620000,0,133870000,0,0,0,0,0,0
289390000,0,0,0,0,0,0,289390000,0,0
437900000,0,0,0,0,0,0,289390000,148510000,0
289390000,0,0,0,0,0,0,289390000,0,0
289390000,0,0,0,0,0,0,289390000,0,0
437900000,0,0,0,0,0,0,289390000,148510000,0
0,0,0,0,0,0,0,0,0,0
163850000,0,0,0,47685000,45290000,70871000,0,0,0
6603400000,0,9491500,12509000,0,0,0,923540000,1057700000,1054300000
6603400000,0,9491500,12509000,0,0,0,923540000,1057700000,1054300000
6603400000,0,9491500,12509000,0,0,0,923540000,1057700000,1054300000
6603400000,0,9491500,12509000,0,0,0,923540000,1057700000,1054300000
324010000,46680000,0,0,0,0,0,47644000,41382000,43438000
0,0,0,0,0,0,0,0,0,0
0,0,0,0,0,0,0,0,0,0
0,0,0,0,0,0,0,0,0,0
0,0,0,0,0,0,0,0,0,0
0,0,0,0,0,0,0,0,0,0
0,0,0,0,0,0,0,0,0,0
288540000,0,0,0,135820000,152730000,0,0,0,0
0,0,0,0,0,0,0,0,0,0
129720000,44042000,0,14623000,0,48362000,22690000,0,0,0
41936000,41936000,0,0,0,0,0,0,0,0
145450000,23157000,59454000,62836000,0,0,0,0,0,0
14553000,14553000,0,0,0,0,0,0,0,0
14553000,14553000,0,0,0,0,0,0,0,0
2646900000,760240000,1273000000,613710000,0,0,0,0,0,0
776340000,278090000,248240000,250010000,0,0,0,0,0,0
389720000,0,139700000,250010000,0,0,0,0,0,0
309240000,0,0,0,309240000,0,0,0,0,0
309240000,0,0,0,309240000,0,0,0,0,0
0,0,0,0,0,0,0,0,0,0
0,0,0,0,0,0,0,0,0,0
469630000,0,0,0,176080000,123240000,170300000,0,0,0
49398000,0,0,0,0,0,0,0,0,0
217300000,0,0,0,0,0,0,47569000,91107000,78626000
217300000,0,0,0,0,0,0,47569000,91107000,78626000
616810000,0,0,0,0,0,0,57939000,0,133370000
0,0,0,0,0,0,0,0,0,0
0,0,0,0,0,0,0,0,0,0
469180000,0,0,0,0,0,0,87772000,73599000,89419000
0,0,0,0,0,0,0,0,0,0
54407000,0,0,0,0,0,0,54407000,0,0
54407000,0,0,0,0,0,0,54407000,0,0
54407000,0,0,0,0,0,0,54407000,0,0
2400900000,0,0,0,0,1117700000,1091600000,0,0,0
0,0,0,0,0,0,0,0,0,0
0,0,0,0,0,0,0,0,0,0
23348000,0,9047300,14301000,0,0,0,0,0,0
2789500000,0,0,0,0,0,0,103180000,0,256280000
49987000,0,0,0,0,0,0,0,49987000,0
4537800,0,0,0,4537800,0,0,0,0,0
0,0,0,0,0,0,0,0,0,0
0,0,0,0,0,0,0,0,0,0
2663200000,0,0,0,0,0,0,0,1029800000,1633300000
2663200000,0,0,0,0,0,0,0,1029800000,1633300000
2663200000,0,0,0,0,0,0,0,1029800000,1633300000
2663200000,0,0,0,0,0,0,0,1029800000,1633300000
80413000,29255000,23159000,27998000,0,0,0,0,0,0
6928600000,0,0,0,0,0,0,803140000,1097700000,1768300000
0,0,0,0,0,0,0,0,0,0
0,0,0,0,0,0,0,0,0,0
292090000,0,0,0,0,0,0,292090000,0,0
164750000,0,0,0,11686000,16699000,23555000,10163000,35457000,9754100
0,0,0,0,0,0,0,0,0,0
7449700000,556970000,5338900000,1502300000,49237000,0,0,0,0,0
7712500000,615620000,1145500000,5947800000,0,0,0,3620300,0,0
718360000,344090000,204480000,169790000,0,0,0,0,0,0
1208900000,344090000,411960000,452870000,0,0,0,0,0,0
170960000,44322000,59380000,67253000,0,0,0,0,0,0
14185000,0,0,14185000,0,0,0,0,0,0
41023000,0,0,0,0,0,0,0,41023000,0
41023000,0,0,0,0,0,0,0,41023000,0
10290000,0,0,0,0,0,0,10290000,0,0
10290000,0,0,0,0,0,0,10290000,0,0
66568000,0,0,0,0,0,0,0,0,66568000
66568000,0,0,0,0,0,0,0,0,66568000
66568000,0,0,0,0,0,0,0,0,66568000
0,0,0,0,0,0,0,0,0,0
0,0,0,0,0,0,0,0,0,0
342030000,0,0,0,114820000,96995000,130220000,0,0,0
410570000,131920000,127900000,123210000,0,11482000,13089000,0,0,0
410570000,131920000,127900000,123210000,0,11482000,13089000,0,0,0
192710000,192710000,0,0,0,0,0,0,0,0
192710000,192710000,0,0,0,0,0,0,0,0
0,0,0,0,0,0,0,0,0,0
1129800000,0,0,0,413290000,225190000,491300000,0,0,0
21010000,0,11320000,9689700,0,0,0,0,0,0
204370000,77945000,40614000,85806000,0,0,0,0,0,0
4630200000,607210000,760580000,735190000,645850000,638600000,583500000,0,137410000,142590000
212540000,0,0,0,109510000,103030000,0,0,0,0
1384600,0,0,0,0,0,0,0,0,1384600
0,0,0,0,0,0,0,0,0,0
0,0,0,0,0,0,0,0,0,0
595640000,131080000,216420000,248140000,0,0,0,0,0,0
242380000,0,104230000,138150000,0,0,0,0,0,0
242380000,0,104230000,138150000,0,0,0,0,0,0
46436000,0,0,0,0,17081000,29355000,0,0,0
14678000,0,0,0,0,0,14678000,0,0,0
22224000,0,0,0,0,0,0,0,22224000,0
22224000,0,0,0,0,0,0,0,22224000,0
0,0,0,0,0,0,0,0,0,0
0,0,0,0,0,0,0,0,0,0
0,0,0,0,0,0,0,0,0,0
35065000,35065000,0,0,0,0,0,0,0,0
1457900000,0,0,0,493530000,520760000,443640000,0,0,0
29614000,0,7328800,11180000,5173000,0,5932600,0,0,0
476010000,0,0,0,190960000,134560000,150490000,0,0,0
213020000,0,0,0,0,0,0,12424000,42146000,38224000
1949400000,0,0,0,20636000,90743000,9083500,460700000,181630000,208950000
0,0,0,0,0,0,0,0,0,0
0,0,0,0,0,0,0,0,0,0
823100000,0,0,0,0,0,0,162480000,133990000,8133900
62627000,0,0,0,0,0,0,21995000,0,18797000
143250000,0,0,0,0,0,0,22811000,10029000,31036000
1972700000,0,0,0,0,0,0,463480000,186580000,500390000
4697400000,0,0,0,30902000,35884000,15767000,418210000,42059000,1108800000
236740000,0,0,0,0,0,0,1270800,0,157610000
519330000,0,0,0,0,0,0,152860000,0,131450000
137020000,0,0,0,0,0,0,137020000,0,0
1227100000,0,0,0,0,0,0,98286000,29396000,228160000
0,0,0,0,0,0,0,0,0,0
169540000,0,0,0,0,0,0,81760000,0,71623000
242800000,0,0,0,0,0,0,1383000,0,0
58111000,0,0,0,0,0,0,0,0,0
785810000,116400000,238020000,0,83071000,219700000,122420000,6191100,0,0
1422200000,167400000,452830000,278740000,219470000,167140000,94665000,38771000,3146500,0
29807000,0,0,29807000,0,0,0,0,0,0
172190000,0,28084000,29807000,0,0,0,0,0,0
2291900000,0,0,0,74618000,98501000,71620000,391060000,360100000,324210000
136830000,0,0,0,0,0,6953400,0,0,37356000
3302200000,0,0,0,0,0,0,387200000,319570000,453340000
401050000,0,0,0,0,99448000,138080000,28365000,27446000,42585000
432710000,0,0,432710000,0,0,0,0,0,0
432710000,0,0,432710000,0,0,0,0,0,0
159040000,0,0,0,0,0,0,0,0,0
420320000,0,0,0,0,0,0,192820000,227500000,0
420320000,0,0,0,0,0,0,192820000,227500000,0
116070000,0,0,0,0,0,0,21326000,24188000,35026000
9613700,0,0,0,0,0,0,0,0,0
9613700,0,0,0,0,0,0,0,0,0
685360000,0,0,0,0,0,0,0,98749000,74809000
685360000,0,0,0,0,0,0,0,98749000,74809000
62851000,0,0,0,0,0,0,3225700,13889000,14080000
140910000,0,0,0,0,0,0,0,0,0
477540000,0,0,0,0,0,0,0,70730000,33584000
233000000,0,0,0,0,0,0,0,0,0
374230000,0,0,0,0,0,0,65997000,96139000,78632000
1735200000,0,0,0,0,0,0,380210000,0,285900000
142820000,0,0,0,0,0,0,43525000,32685000,0
0,0,0,0,0,0,0,0,0,0
293610000,0,0,0,0,0,0,0,123690000,169920000
0,0,0,0,0,0,0,0,0,0
0,0,0,0,0,0,0,0,0,0
0,0,0,0,0,0,0,0,0,0
49656000,0,0,0,0,0,0,14672000,0,0
93961000,24669000,19632000,15303000,14090000,8971800,11294000,0,0,0
44149000,44149000,0,0,0,0,0,0,0,0
20967000,0,0,0,0,20967000,0,0,0,0
20967000,0,0,0,0,20967000,0,0,0,0
8413200,8413200,0,0,0,0,0,0,0,0
8413200,8413200,0,0,0,0,0,0,0,0
0,0,0,0,0,0,0,0,0,0
0,0,0,0,0,0,0,0,0,0
0,0,0,0,0,0,0,0,0,0
0,0,0,0,0,0,0,0,0,0
5489900000,0,0,0,0,0,0,1023300000,1141200000,889530000
5489900000,0,0,0,0,0,0,1023300000,1141200000,889530000
0,0,0,0,0,0,0,0,0,0
20303000,20303000,0,0,0,0,0,0,0,0
79728000,15789000,15575000,17496000,0,0,0,0,0,0
20483000,0,0,0,0,0,0,0,0,0
20483000,0,0,0,0,0,0,0,0,0
20483000,0,0,0,0,0,0,0,0,0
266520000,82769000,92161000,91595000,0,0,0,0,0,0
140400000,43562000,38690000,43611000,4838400,5281300,4421800,0,0,0
0,0,0,0,0,0,0,0,0,0
92206000,0,0,0,0,0,0,0,0,0
10927000000,0,76541000,0,1182700000,2441200000,1147000000,1366500000,1993900000,2369600000
10927000000,0,76541000,0,1182700000,2441200000,1147000000,1366500000,1993900000,2369600000
10927000000,0,76541000,0,1182700000,2441200000,1147000000,1366500000,1993900000,2369600000
52285000,52285000,0,0,0,0,0,0,0,0
52285000,52285000,0,0,0,0,0,0,0,0
52285000,52285000,0,0,0,0,0,0,0,0
65020000,0,0,13916000,14873000,15864000,20366000,0,0,0
1248500000,0,0,0,377570000,350010000,520960000,0,0,0
1248500000,0,0,0,377570000,350010000,520960000,0,0,0
48824000,0,0,0,0,0,0,14961000,0,15393000
48824000,0,0,0,0,0,0,14961000,0,15393000
359460000,0,0,0,182730000,102560000,74164000,0,0,0
0,0,0,0,0,0,0,0,0,0
0,0,0,0,0,0,0,0,0,0
0,0,0,0,0,0,0,0,0,0
0,0,0,0,0,0,0,0,0,0
671560000,0,0,0,0,111630000,559930000,0,0,0
719900000,0,0,0,143380000,359690000,216830000,0,0,0
0,0,0,0,0,0,0,0,0,0
2414000000,0,0,0,0,0,0,549510000,245490000,227150000
901620000,0,0,0,0,0,0,206590000,110180000,149080000
0,0,0,0,0,0,0,0,0,0
0,0,0,0,0,0,0,0,0,0
599850000,0,79941000,86745000,210730000,107270000,115160000,0,0,0
599850000,0,79941000,86745000,210730000,107270000,115160000,0,0,0
84147000,0,0,0,33229000,16831000,34087000,0,0,0
608640000,0,0,0,0,0,0,0,0,0
172710000,0,11152000,9870900,25600000,37369000,57048000,31675000,0,0
532090000,0,11152000,9870900,25600000,37369000,57048000,145450000,107410000,138190000
532090000,0,11152000,9870900,25600000,37369000,57048000,145450000,107410000,138190000
218390000,0,0,0,123570000,94828000,0,0,0,0
1890200000,0,0,0,11467000,66614000,33600000,273120000,194120000,325660000
0,0,0,0,0,0,0,0,0,0
0,0,0,0,0,0,0,0,0,0
0,0,0,0,0,0,0,0,0,0
39200000,0,10270000,28930000,0,0,0,0,0,0
0,0,0,0,0,0,0,0,0,0
0,0,0,0,0,0,0,0,0,0
0,0,0,0,0,0,0,0,0,0
109100000,0,0,0,0,0,0,0,0,109100000
109100000,0,0,0,0,0,0,0,0,109100000
109100000,0,0,0,0,0,0,0,0,109100000
60265000,0,0,0,0,0,0,0,60265000,0
60265000,0,0,0,0,0,0,0,60265000,0
995630000,0,0,0,776820000,218810000,0,0,0,0
49943000,0,0,0,0,0,0,0,49943000,0
49943000,0,0,0,0,0,0,0,49943000,0
143030000,0,0,0,47782000,0,0,25113000,34693000,0
251740000,0,0,0,0,0,0,50416000,0,201320000
872740000,0,0,0,0,0,0,124500000,142780000,117050000
872740000,0,0,0,0,0,0,124500000,142780000,117050000
0,0,0,0,0,0,0,0,0,0
0,0,0,0,0,0,0,0,0,0
146570000,55125000,41738000,49710000,0,0,0,0,0,0
123640000,22993000,48859000,51788000,0,0,0,0,0,0
465260000,252640000,196200000,16422000,0,0,0,0,0,0
0,0,0,0,0,0,0,0,0,0
0,0,0,0,0,0,0,0,0,0
0,0,0,0,0,0,0,0,0,0
153960000,0,88901000,65063000,0,0,0,0,0,0
231640000,141940000,89705000,0,0,0,0,0,0,0
158920000,0,33870000,46608000,0,0,0,0,0,78440000
343910000,74298000,73837000,19677000,0,0,0,0,0,0
48286000,0,0,48286000,0,0,0,0,0,0
51429000,0,0,0,0,0,0,18905000,9970000,10234000
95065000,0,0,0,9943800,5918000,7253700,39821000,6573800,10867000
84009000,0,0,0,0,13908000,0,0,18604000,23151000
0,0,0,0,0,0,0,0,0,0
0,0,0,0,0,0,0,0,0,0
279560000,0,279560000,0,0,0,0,0,0,0
0,0,0,0,0,0,0,0,0,0
0,0,0,0,0,0,0,0,0,0
0,0,0,0,0,0,0,0,0,0
1971000000,607070000,716860000,647100000,0,0,0,0,0,0
123910000,42610000,35182000,46117000,0,0,0,0,0,0
81299000,0,35182000,46117000,0,0,0,0,0,0
1517900000,359790000,638030000,520030000,0,0,0,0,0,0
215910000,69311000,93629000,52965000,0,0,0,0,0,0
0,0,0,0,0,0,0,0,0,0
0,0,0,0,0,0,0,0,0,0
479370000,129530000,167980000,181870000,0,0,0,0,0,0
479370000,129530000,167980000,181870000,0,0,0,0,0,0
581300000,0,581300000,0,0,0,0,0,0,0
1890500000,592320000,594440000,703730000,0,0,0,0,0,0
455440000,455440000,0,0,0,0,0,0,0,0
0,0,0,0,0,0,0,0,0,0
533990000,191680000,175030000,167280000,0,0,0,0,0,0
200590000,33108000,90583000,73644000,0,0,3259400,0,0,0
262050000,0,0,0,0,0,0,35029000,0,17943000
2946700000,850700000,1441100000,630900000,0,1569200,0,351140,0,0
9668900000,3160900000,3596100000,2605500000,0,0,0,0,0,0
655650000,0,0,0,0,0,0,0,0,655650000
655650000,0,0,0,0,0,0,0,0,655650000
164600000,57967000,50495000,56137000,0,0,0,0,0,0
108460000,57967000,50495000,0,0,0,0,0,0,0
0,0,0,0,0,0,0,0,0,0
0,0,0,0,0,0,0,0,0,0
0,0,0,0,0,0,0,0,0,0
267880000,0,0,0,0,0,0,61943000,49156000,52248000
199680000,0,0,0,0,0,0,23498000,96284000,35516000
39763000,0,0,39763000,0,0,0,0,0,0
0,0,0,0,0,0,0,0,0,0
0,0,0,0,0,0,0,0,0,0
0,0,0,0,0,0,0,0,0,0
0,0,0,0,0,0,0,0,0,0
0,0,0,0,0,0,0,0,0,0
0,0,0,0,0,0,0,0,0,0
172350000,60909000,44052000,67387000,0,0,0,0,0,0
5406200,0,0,0,0,0,0,0,0,0
5406200,0,0,0,0,0,0,0,0,0
452960000,0,0,0,163590000,165560000,123820000,0,0,0
0,0,0,0,0,0,0,0,0,0
0,0,0,0,0,0,0,0,0,0
14345000,0,0,0,0,14345000,0,0,0,0
115530000,0,64084000,51449000,0,0,0,0,0,0
115530000,0,64084000,51449000,0,0,0,0,0,0
155070000,0,25868000,38809000,65025000,0,25365000,0,0,0
0,0,0,0,0,0,0,0,0,0
177730000,59172000,46466000,72089000,0,0,0,0,0,0
930810000,389460000,317310000,224040000,0,0,0,0,0,0
157510000,88341000,69174000,0,0,0,0,0,0,0
294990000,95004000,94276000,97088000,0,0,0,0,0,8618000
144360000,37652000,47477000,59229000,0,0,0,0,0,0
144740000,35065000,63824000,45856000,0,0,0,0,0,0
0,0,0,0,0,0,0,0,0,0
1520100000,534830000,548970000,436270000,0,0,0,0,0,0
3707900000,1033000000,1226400000,1448500000,0,0,0,0,0,0
92258000,0,0,0,0,92258000,0,0,0,0
9062200000,0,0,0,0,0,0,0,0,9062200000
0,0,0,0,0,0,0,0,0,0
73996000,0,0,0,0,0,0,29031000,0,0
657510000,0,0,0,0,0,0,446150000,45229000,103630000
9539900000,26080000,36412000,45496000,0,0,0,96989000,719960000,861540000
43775000,0,0,0,0,0,0,0,43775000,0
28534000,0,0,0,0,0,0,0,0,0
28534000,0,0,0,0,0,0,0,0,0
16221000,0,0,0,0,0,0,16221000,0,0
39303000,0,0,0,0,0,0,39303000,0,0
0,0,0,0,0,0,0,0,0,0
684710000,0,110340000,120730000,9496500,0,0,58493000,55892000,112040000
29921000000,0,0,0,0,0,0,5419000000,10102000000,4595500000
1.53E+11,0,0,0,0,0,0,22595000000,26427000000,23574000000
803210000,0,0,0,0,0,0,0,0,803210000
1660200000,523920000,451970000,644690000,0,4561800,0,0,0,0
167130000,0,0,0,0,0,0,163970000,0,3166400
3885100000,0,0,0,0,0,0,959760000,406890000,617870000
0,0,0,0,0,0,0,0,0,0
0,0,0,0,0,0,0,0,0,0
0,0,0,0,0,0,0,0,0,0
446700000,0,0,0,0,0,0,0,56216000,202620000
492580000,79905000,223030000,189650000,0,0,0,0,0,0
502030000,0,215230000,286790000,0,0,0,0,0,0
220900000,55401000,66898000,98603000,0,0,0,0,0,0
81146000,25248000,28353000,21571000,0,0,0,5974500,0,0
319830000,0,7601100,18938000,0,0,0,39357000,40845000,57227000
314870000,45187000,0,15273000,36494000,34582000,42584000,28802000,0,0
238360000,0,0,238360000,0,0,0,0,0,0
828880000,352360000,238170000,238360000,0,0,0,0,0,0
828880000,352360000,238170000,238360000,0,0,0,0,0,0
347530000,0,347530000,0,0,0,0,0,0,0
347530000,0,347530000,0,0,0,0,0,0,0
85937000,0,0,0,0,0,0,10674000,20646000,0
0,0,0,0,0,0,0,0,0,0
39025000,0,39025000,0,0,0,0,0,0,0
39025000,0,39025000,0,0,0,0,0,0,0
0,0,0,0,0,0,0,0,0,0
0,0,0,0,0,0,0,0,0,0
902930000,219640000,496010000,187280000,0,0,0,0,0,0
1838400000,500190000,590750000,702400000,0,0,0,0,0,0
214330000,102430000,111900000,0,0,0,0,0,0,0
33223000,0,0,0,0,0,0,0,0,0
33223000,0,0,0,0,0,0,0,0,0
182390000,0,0,0,75464000,56379000,50550000,0,0,0
10796000,0,0,10796000,0,0,0,0,0,0
10796000,0,0,10796000,0,0,0,0,0,0
10796000,0,0,10796000,0,0,0,0,0,0
26743000,0,0,0,26743000,0,0,0,0,0
185580000,0,0,0,0,0,0,0,109380000,13034000
0,0,0,0,0,0,0,0,0,0
1121400000,0,82807000,49756000,0,5108300,24415000,27199000,202240000,86125000
1328400000,0,0,0,863890000,8148500,456390000,0,0,0
176650000,0,19099000,1615600,0,10636000,0,0,30945000,13128000
278830000,0,15913000,0,137400000,91052000,34464000,0,0,0
113270000,0,0,0,0,0,0,10703000,39295000,0
228030000,0,0,0,129840000,59161000,39034000,0,0,0
228030000,0,0,0,129840000,59161000,39034000,0,0,0
133320000,0,0,0,0,0,0,15087000,10556000,15771000
133320000,0,0,0,0,0,0,15087000,10556000,15771000
0,0,0,0,0,0,0,0,0,0
0,0,0,0,0,0,0,0,0,0
46617000,0,0,0,0,0,0,0,0,0
124160000,0,0,0,0,124160000,0,0,0,0
1799100000,0,0,0,1061600000,0,737500000,0,0,0
1799100000,0,0,0,1061600000,0,737500000,0,0,0
0,0,0,0,0,0,0,0,0,0
6150500,0,0,0,0,0,0,6150500,0,0
6150500,0,0,0,0,0,0,6150500,0,0
0,0,0,0,0,0,0,0,0,0
0,0,0,0,0,0,0,0,0,0
0,0,0,0,0,0,0,0,0,0
72869000,72869000,0,0,0,0,0,0,0,0
72869000,72869000,0,0,0,0,0,0,0,0
349350000,92696000,112630000,107890000,36131000,0,0,0,0,0
5036700,0,0,0,0,0,0,0,0,0
5036700,0,0,0,0,0,0,0,0,0
152100000,0,0,0,0,0,0,0,0,0
1868000000,101070000,146080000,126640000,634670000,301770000,374170000,139110000,44490000,0
1868000000,101070000,146080000,126640000,634670000,301770000,374170000,139110000,44490000,0
1868000000,101070000,146080000,126640000,634670000,301770000,374170000,139110000,44490000,0
0,0,0,0,0,0,0,0,0,0
0,0,0,0,0,0,0,0,0,0
0,0,0,0,0,0,0,0,0,0
0,0,0,0,0,0,0,0,0,0
15066000,0,15066000,0,0,0,0,0,0,0
8598200,0,0,0,0,0,0,0,8598200,0
8598200,0,0,0,0,0,0,0,8598200,0
298040000,0,0,0,298040000,0,0,0,0,0
298040000,0,0,0,298040000,0,0,0,0,0
0,0,0,0,0,0,0,0,0,0
46826000,46826000,0,0,0,0,0,0,0,0
281160000,0,0,0,0,0,0,0,46971000,61655000
2431900000,665800000,928550000,837590000,0,0,0,0,0,0
0,0,0,0,0,0,0,0,0,0
0,0,0,0,0,0,0,0,0,0
198950000,71548000,61698000,65704000,0,0,0,0,0,0
740330000,0,0,0,0,0,0,107100000,0,65895000
740330000,0,0,0,0,0,0,107100000,0,65895000
534240000,0,0,54255000,50111000,88965000,88842000,40288000,28596000,76709000
534240000,0,0,54255000,50111000,88965000,88842000,40288000,28596000,76709000
304160000,0,0,0,0,0,0,34240000,70309000,93021000
64277000,0,0,0,35937000,8378200,8389300,0,0,11572000
3312800000,0,0,0,0,9787200,5047700,742330000,616800000,679550000
320730000,0,0,0,18906000,7396500,0,68261000,0,73516000
387560000,0,0,0,0,0,0,387560000,0,0
931960000,77949000,125640000,82815000,163940000,270250000,211360000,0,0,0
258810000,0,0,0,0,0,0,0,0,0
258810000,0,0,0,0,0,0,0,0,0
258810000,0,0,0,0,0,0,0,0,0
0,0,0,0,0,0,0,0,0,0
100850000,0,0,0,0,0,0,0,0,18836000
486370000,0,0,0,0,0,0,486370000,0,0
19767000,19767000,0,0,0,0,0,0,0,0
159670000,64798000,0,57474000,0,4496500,0,0,0,32899000
65917000000,250610000,164800000,158840000,0,0,0,6614200000,16629000000,16529000000
65917000000,250610000,164800000,158840000,0,0,0,6614200000,16629000000,16529000000
0,0,0,0,0,0,0,0,0,0
398250000,0,0,0,0,0,0,80456000,38156000,71820000
313440000,0,0,0,0,0,0,57718000,40498000,65441000
313440000,0,0,0,0,0,0,57718000,40498000,65441000
5915000,0,0,0,0,0,0,0,0,0
5915000,0,0,0,0,0,0,0,0,0
5915000,0,0,0,0,0,0,0,0,0
5915000,0,0,0,0,0,0,0,0,0
5915000,0,0,0,0,0,0,0,0,0
82482000,0,42858000,39625000,0,0,0,0,0,0
76346000,0,13076000,13194000,0,0,0,0,12087000,0
0,0,0,0,0,0,0,0,0,0
0,0,0,0,0,0,0,0,0,0
40343000,0,0,0,0,0,0,8438700,5984100,5922300
0,0,0,0,0,0,0,0,0,0
0,0,0,0,0,0,0,0,0,0
339460000,0,0,0,11144000,9418700,13770000,65804000,0,0
25892000,0,0,0,0,0,0,0,25892000,0
0,0,0,0,0,0,0,0,0,0
0,0,0,0,0,0,0,0,0,0
0,0,0,0,0,0,0,0,0,0
4071400000,0,0,0,0,0,0,1001000000,580920000,559380000
4071400000,0,0,0,0,0,0,1001000000,580920000,559380000
4071400000,0,0,0,0,0,0,1001000000,580920000,559380000
15300000,0,0,0,0,0,15300000,0,0,0
3339100000,0,66299000,79205000,76739000,72532000,112680000,475800000,523030000,551840000
3339100000,0,66299000,79205000,76739000,72532000,112680000,475800000,523030000,551840000
7036000,0,0,0,0,7036000,0,0,0,0
0,0,0,0,0,0,0,0,0,0
0,0,0,0,0,0,0,0,0,0
0,0,0,0,0,0,0,0,0,0
167560000,167560000,0,0,0,0,0,0,0,0
0,0,0,0,0,0,0,0,0,0
0,0,0,0,0,0,0,0,0,0
0,0,0,0,0,0,0,0,0,0
113830000,0,0,0,46190000,38324000,29315000,0,0,0
144940000,38274000,34867000,25623000,20526000,0,25653000,0,0,0
0,0,0,0,0,0,0,0,0,0
0,0,0,0,0,0,0,0,0,0
58711000,0,0,0,0,58711000,0,0,0,0
69418000,0,55802000,0,13616000,0,0,0,0,0
7852800000,2156700000,2898700000,2305700000,0,241850000,249860000,0,0,0
7852800000,2156700000,2898700000,2305700000,0,241850000,249860000,0,0,0
8216400000,2156700000,2898700000,2305700000,237960000,241850000,249860000,125560000,0,0
363520000,0,0,0,237960000,0,0,125560000,0,0
7852800000,2156700000,2898700000,2305700000,0,241850000,249860000,0,0,0
7852800000,2156700000,2898700000,2305700000,0,241850000,249860000,0,0,0
7852800000,2156700000,2898700000,2305700000,0,241850000,249860000,0,0,0
363520000,0,0,0,237960000,0,0,125560000,0,0
404890000,140420000,126700000,137770000,0,0,0,0,0,0
110450000,35112000,34808000,40530000,0,0,0,0,0,0
79502000,28186000,27878000,23439000,0,0,0,0,0,0
168330000,41348000,84829000,42152000,0,0,0,0,0,0
101730000,0,46839000,54895000,0,0,0,0,0,0
598950000,144940000,253160000,170120000,0,0,0,0,0,0
134890000,0,61799000,73086000,0,0,0,0,0,0
13982000,7729500,0,6252100,0,0,0,0,0,0
13982000,7729500,0,6252100,0,0,0,0,0,0
150900000,22965000,0,47338000,0,47172000,33426000,0,0,0
150900000,22965000,0,47338000,0,47172000,33426000,0,0,0
150900000,22965000,0,47338000,0,47172000,33426000,0,0,0
150900000,22965000,0,47338000,0,47172000,33426000,0,0,0
510570000,0,0,0,0,0,0,0,171050000,152870000
510570000,0,0,0,0,0,0,0,171050000,152870000
510570000,0,0,0,0,0,0,0,171050000,152870000
957620000,107540000,75609000,91098000,220150000,288840000,174390000,0,0,0
42521000,0,0,0,0,0,0,42521000,0,0
1810900000,0,0,0,621230000,438470000,751160000,0,0,0
4448000000,0,0,0,0,0,0,299890000,726350000,673290000
334580000,0,0,0,0,0,0,0,21739000,189050000
0,0,0,0,0,0,0,0,0,0
0,0,0,0,0,0,0,0,0,0
31540000,0,12162000,19379000,0,0,0,0,0,0
3636200,0,0,0,3636200,0,0,0,0,0
3636200,0,0,0,3636200,0,0,0,0,0
0,0,0,0,0,0,0,0,0,0
253100000,68191000,60541000,86257000,18081000,20029000,0,0,0,0
0,0,0,0,0,0,0,0,0,0
0,0,0,0,0,0,0,0,0,0
85894000,0,20197000,22239000,8259200,14675000,20524000,0,0,0
0,0,0,0,0,0,0,0,0,0
131840000,0,0,0,0,0,0,131840000,0,0
89628000,0,0,0,0,0,0,89628000,0,0
131840000,0,0,0,0,0,0,131840000,0,0
89628000,0,0,0,0,0,0,89628000,0,0
89628000,0,0,0,0,0,0,89628000,0,0
131840000,0,0,0,0,0,0,131840000,0,0
367940000,0,0,0,0,0,0,0,0,0
0,0,0,0,0,0,0,0,0,0
0,0,0,0,0,0,0,0,0,0
0,0,0,0,0,0,0,0,0,0
0,0,0,0,0,0,0,0,0,0
192560000,0,0,0,177310000,0,0,0,0,0
722110000,0,0,0,166680000,178160000,377260000,0,0,0
164060000,0,0,0,0,0,0,0,0,0
164060000,0,0,0,0,0,0,0,0,0
0,0,0,0,0,0,0,0,0,0
0,0,0,0,0,0,0,0,0,0
588360000,145880000,217240000,225230000,0,0,0,0,0,0
0,0,0,0,0,0,0,0,0,0
0,0,0,0,0,0,0,0,0,0
0,0,0,0,0,0,0,0,0,0
109110000,0,0,0,0,0,0,35408000,0,0
0,0,0,0,0,0,0,0,0,0
0,0,0,0,0,0,0,0,0,0
0,0,0,0,0,0,0,0,0,0
0,0,0,0,0,0,0,0,0,0
57952000,0,10393000,10907000,9743800,7828800,8991200,0,4856300,5232300
106340000,0,0,0,0,0,0,106340000,0,0
172380000,33730000,74224000,61426000,0,0,0,0,0,0
15698000,0,0,0,0,0,0,15698000,0,0
15698000,0,0,0,0,0,0,15698000,0,0
0,0,0,0,0,0,0,0,0,0
0,0,0,0,0,0,0,0,0,0
0,0,0,0,0,0,0,0,0,0
235100000,90637000,0,144460000,0,0,0,0,0,0
235100000,90637000,0,144460000,0,0,0,0,0,0
0,0,0,0,0,0,0,0,0,0
0,0,0,0,0,0,0,0,0,0
0,0,0,0,0,0,0,0,0,0
43601000,0,0,0,43601000,0,0,0,0,0
0,0,0,0,0,0,0,0,0,0
0,0,0,0,0,0,0,0,0,0
48497000,0,22288000,26209000,0,0,0,0,0,0
878650000,0,0,0,0,0,0,0,0,0
878650000,0,0,0,0,0,0,0,0,0
878650000,0,0,0,0,0,0,0,0,0
878650000,0,0,0,0,0,0,0,0,0
27838000,0,0,27838000,0,0,0,0,0,0
133590000,0,48805000,27838000,18540000,18170000,20232000,0,0,0
399670000,0,0,0,220580000,88543000,86233000,0,0,0
399670000,0,0,0,220580000,88543000,86233000,0,0,0
14268000,0,0,0,0,0,0,14268000,0,0
14268000,0,0,0,0,0,0,14268000,0,0
14268000,0,0,0,0,0,0,14268000,0,0
7631500,0,0,0,0,0,0,0,0,0
122470000,0,0,0,0,0,0,30409000,24128000,31204000
316990000,89150000,116040000,111800000,0,0,0,0,0,0
29700000,0,0,29700000,0,0,0,0,0,0
47117000,23964000,23153000,0,0,0,0,0,0,0
423460000,138060000,151370000,120620000,13418000,0,0,0,0,0
695740000,0,0,24395000,193350000,286200000,191780000,0,0,0
266750000,0,0,0,68390000,107790000,90575000,0,0,0
266750000,0,0,0,68390000,107790000,90575000,0,0,0
524480000,0,0,0,232360000,228640000,0,16813000,0,0
524480000,0,0,0,232360000,228640000,0,16813000,0,0
443630000,0,0,0,0,0,0,32508000,8698000,0
1300900000,0,0,0,0,0,0,204950000,261660000,222040000
979350000,42068000,30405000,31597000,7543000,0,0,229280000,85943000,63583000
82151000,0,0,0,0,0,0,10204000,12396000,26721000
536040000,0,0,0,0,0,0,0,108130000,109430000
1279100000,0,0,0,0,0,0,223860000,206970000,250090000
303160000,83521000,134290000,85345000,0,0,0,0,0,0
70064000,70064000,0,0,0,0,0,0,0,0
358600000,63205000,158590000,136800000,0,0,0,0,0,0
0,0,0,0,0,0,0,0,0,0
0,0,0,0,0,0,0,0,0,0
29964000,0,0,0,0,0,0,0,0,0
29964000,0,0,0,0,0,0,0,0,0
0,0,0,0,0,0,0,0,0,0
0,0,0,0,0,0,0,0,0,0
0,0,0,0,0,0,0,0,0,0
336520000,0,0,0,0,0,0,46667000,42792000,38819000
0,0,0,0,0,0,0,0,0,0
0,0,0,0,0,0,0,0,0,0
538410000,0,0,0,0,0,0,93450000,76912000,103010000
195660000,0,0,0,0,12091000,0,33097000,34921000,57146000
0,0,0,0,0,0,0,0,0,0
245160000,0,0,0,0,0,0,53074000,37670000,38441000
0,0,0,0,0,0,0,0,0,0
0,0,0,0,0,0,0,0,0,0
377410000,99357000,131030000,126360000,0,0,0,0,4116200,3805700
79345000,0,70090000,0,0,0,9255200,0,0,0
236100000,80029000,70090000,76728000,0,0,9255200,0,0,0
58521000,0,33347000,25174000,0,0,0,0,0,0
939370000,0,0,0,0,0,0,141020000,156440000,211070000
30362000,0,0,30362000,0,0,0,0,0,0
0,0,0,0,0,0,0,0,0,0
0,0,0,0,0,0,0,0,0,0
45352000,0,45352000,0,0,0,0,0,0,0
0,0,0,0,0,0,0,0,0,0
66023000,0,44186000,21837000,0,0,0,0,0,0
66023000,0,44186000,21837000,0,0,0,0,0,0
1044000000,370000000,348580000,325460000,0,0,0,0,0,0
11685000,0,0,0,0,0,0,11685000,0,0
0,0,0,0,0,0,0,0,0,0
0,0,0,0,0,0,0,0,0,0
0,0,0,0,0,0,0,0,0,0
0,0,0,0,0,0,0,0,0,0
211110000,50205000,85542000,75359000,0,0,0,0,0,0
101840000,0,0,101840000,0,0,0,0,0,0
101840000,0,0,101840000,0,0,0,0,0,0
189610000,0,0,0,0,0,189610000,0,0,0
0,0,0,0,0,0,0,0,0,0
0,0,0,0,0,0,0,0,0,0
259490000,0,131180000,128300000,0,0,0,0,0,0
1852300000,0,799940000,1052300000,0,0,0,0,0,0
94690000,0,94690000,0,0,0,0,0,0,0
61643000,31293000,30350000,0,0,0,0,0,0,0
24221000,0,24221000,0,0,0,0,0,0,0
241160000,76473000,84786000,79897000,0,0,0,0,0,0
0,0,0,0,0,0,0,0,0,0
517930000,138300000,161790000,217840000,0,0,0,0,0,0
50973000,0,23757000,27216000,0,0,0,0,0,0
0,0,0,0,0,0,0,0,0,0
0,0,0,0,0,0,0,0,0,0
199200000,0,0,0,0,0,0,0,0,0
625310000,0,0,0,0,0,0,235300000,0,0
0,0,0,0,0,0,0,0,0,0
604140000,0,11426000,12321000,0,0,0,101020000,70625000,89070000
2427200000,0,0,0,0,0,0,835030000,617380000,220840000
0,0,0,0,0,0,0,0,0,0
0,0,0,0,0,0,0,0,0,0
42056000,0,0,0,0,0,0,0,0,0
0,0,0,0,0,0,0,0,0,0
0,0,0,0,0,0,0,0,0,0
0,0,0,0,0,0,0,0,0,0
335710000,0,0,0,0,0,0,64856000,51541000,64965000
472280000,0,0,0,0,0,0,0,472280000,0
0,0,0,0,0,0,0,0,0,0
31147000,0,0,0,0,0,0,0,8282300,22865000
457010000,0,0,0,0,0,0,104210000,0,83921000
0,0,0,0,0,0,0,0,0,0
0,0,0,0,0,0,0,0,0,0
431640000,0,0,0,0,0,0,20535000,85855000,80379000
408050000,0,0,0,0,0,0,97037000,0,44238000
408050000,0,0,0,0,0,0,97037000,0,44238000
408050000,0,0,0,0,0,0,97037000,0,44238000
9498500,9498500,0,0,0,0,0,0,0,0
1608300000,508270000,581930000,518130000,0,0,0,0,0,0
1815800000,0,0,0,0,0,0,138600000,858280000,528080000
29203000,0,0,0,29203000,0,0,0,0,0
29203000,0,0,0,29203000,0,0,0,0,0
29203000,0,0,0,29203000,0,0,0,0,0
3674600,0,0,3674600,0,0,0,0,0,0
3674600,0,0,3674600,0,0,0,0,0,0
0,0,0,0,0,0,0,0,0,0
0,0,0,0,0,0,0,0,0,0
26526000,0,0,0,10902000,0,15624000,0,0,0
0,0,0,0,0,0,0,0,0,0
0,0,0,0,0,0,0,0,0,0
0,0,0,0,0,0,0,0,0,0
0,0,0,0,0,0,0,0,0,0
19007000,0,0,0,0,0,0,0,0,0
1491100000,0,0,0,0,0,0,0,1491100000,0
23676000,0,0,0,0,0,0,23676000,0,0
23676000,0,0,0,0,0,0,23676000,0,0
209760000,0,0,0,0,0,14264000,23189000,24513000,25923000
98765000,0,0,0,0,0,0,0,0,0
59956000,0,0,0,0,0,0,0,29161000,0
95155000,0,0,0,0,5003400,0,14780000,10870000,16675000
87085000,43318000,29645000,14122000,0,0,0,0,0,0
145790000,78118000,0,67667000,0,0,0,0,0,0
66259000,0,66259000,0,0,0,0,0,0,0
2506500000,483220000,502880000,671960000,226310000,367900000,254220000,0,0,0
362860000,177150000,185710000,0,0,0,0,0,0,0
112740000,52797000,42945000,17001000,0,0,0,0,0,0
112740000,52797000,42945000,17001000,0,0,0,0,0,0
2627700000,774120000,930230000,923320000,0,0,0,0,0,0
62190000,0,30023000,32167000,0,0,0,0,0,0
31350000,0,0,0,0,31350000,0,0,0,0
429270000,90365000,250200000,88702000,0,0,0,0,0,0
56173000,29840000,26333000,0,0,0,0,0,0,0
754400000,22812000,82325000,192070000,0,0,0,85097000,87858000,112710000
754400000,22812000,82325000,192070000,0,0,0,85097000,87858000,112710000
142380000,0,0,0,0,0,0,142380000,0,0
142380000,0,0,0,0,0,0,142380000,0,0
401780000,0,0,0,0,0,0,25942000,137400000,105170000
401780000,0,0,0,0,0,0,25942000,137400000,105170000
36024000,0,36024000,0,0,0,0,0,0,0
36024000,0,36024000,0,0,0,0,0,0,0
6398000000,0,0,3955900,0,0,0,925190000,925690000,1081600000
1835200000,0,0,0,0,0,0,126460000,357530000,865410000
1637800000,0,0,0,0,0,0,349360000,0,376710000
1705500000,0,0,0,0,0,0,334980000,448940000,501550000
4563700000,26216000,0,0,0,0,0,480130000,815230000,1110700000
520030000,0,0,0,0,0,0,98078000,25579000,109710000
408100000,0,0,0,0,0,0,74854000,24471000,46728000
793210000,0,0,0,0,0,0,22080000,151830000,204020000
1821700000,0,0,0,0,0,0,379650000,207760000,447640000
1107100000,0,0,0,0,0,0,255190000,44661000,178630000
0,0,0,0,0,0,0,0,0,0
162470000,0,0,0,0,0,0,50150000,5902300,14354000
4131400000,0,0,0,0,0,0,341680000,911780000,1021700000
241100000,0,0,0,0,0,0,47365000,32881000,52533000
2756000000,0,4183100,0,73739000,47377000,0,2499100000,0,0
170450000,0,0,0,0,0,0,0,35603000,43260000
580090000,0,0,0,0,0,0,10112000,26355000,150930000
0,0,0,0,0,0,0,0,0,0
5695300,0,0,5695300,0,0,0,0,0,0
5695300,0,0,5695300,0,0,0,0,0,0
0,0,0,0,0,0,0,0,0,0
0,0,0,0,0,0,0,0,0,0
0,0,0,0,0,0,0,0,0,0
0,0,0,0,0,0,0,0,0,0
800170000,0,84352000,62315000,150810000,245870000,166950000,31667000,0,0
131530000,0,67920000,63605000,0,0,0,0,0,0
924090000,15803000,0,0,607630000,104350000,196310000,0,0,0
1885200000,0,0,0,0,0,0,0,0,0
340190000,0,64581000,0,0,0,0,275610000,0,0
340190000,0,64581000,0,0,0,0,275610000,0,0
235080000,0,21633000,23130000,32447000,36933000,35571000,58851000,7569600,0
0,0,0,0,0,0,0,0,0,0
0,0,0,0,0,0,0,0,0,0
9717200,0,0,0,0,0,0,0,9717200,0
9717200,0,0,0,0,0,0,0,9717200,0
1670000000,0,0,0,501350000,457270000,711340000,0,0,0
1670000000,0,0,0,501350000,457270000,711340000,0,0,0
1670000000,0,0,0,501350000,457270000,711340000,0,0,0
0,0,0,0,0,0,0,0,0,0
0,0,0,0,0,0,0,0,0,0
0,0,0,0,0,0,0,0,0,0
0,0,0,0,0,0,0,0,0,0
0,0,0,0,0,0,0,0,0,0
0,0,0,0,0,0,0,0,0,0
0,0,0,0,0,0,0,0,0,0
0,0,0,0,0,0,0,0,0,0
0,0,0,0,0,0,0,0,0,0
0,0,0,0,0,0,0,0,0,0
0,0,0,0,0,0,0,0,0,0
0,0,0,0,0,0,0,0,0,0
89624000,44634000,44990000,0,0,0,0,0,0,0
89624000,44634000,44990000,0,0,0,0,0,0,0
89624000,44634000,44990000,0,0,0,0,0,0,0
29708000000,0,0,0,0,0,0,592400000,8128100000,7833600000
800860000,0,0,0,0,0,0,0,0,0
149310000,0,0,0,6915100,29509000,30632000,19151000,13301000,19124000
27034000,0,0,0,0,12730000,14303000,0,0,0
0,0,0,0,0,0,0,0,0,0
0,0,0,0,0,0,0,0,0,0
0,0,0,0,0,0,0,0,0,0
0,0,0,0,0,0,0,0,0,0
0,0,0,0,0,0,0,0,0,0
49154000,0,0,0,0,0,0,0,0,0
154360000,0,0,0,47876000,63411000,43071000,0,0,0
154360000,0,0,0,47876000,63411000,43071000,0,0,0
216440000,103400000,57241000,55800000,0,0,0,0,0,0
662150,0,0,0,662150,0,0,0,0,0
662150,0,0,0,662150,0,0,0,0,0
662150,0,0,0,662150,0,0,0,0,0
27030000,0,0,0,0,0,0,0,0,27030000
115460000,0,0,0,115460000,0,0,0,0,0
2096600000,0,0,0,0,0,0,19404000,18665000,0
0,0,0,0,0,0,0,0,0,0
0,0,0,0,0,0,0,0,0,0
859110000,0,0,0,236320000,312270000,310520000,0,0,0
432810000,65072000,168760000,198980000,0,0,0,0,0,0
0,0,0,0,0,0,0,0,0,0
0,0,0,0,0,0,0,0,0,0
0,0,0,0,0,0,0,0,0,0
0,0,0,0,0,0,0,0,0,0
56932000,0,0,0,22249000,0,34683000,0,0,0
56932000,0,0,0,22249000,0,34683000,0,0,0
56932000,0,0,0,22249000,0,34683000,0,0,0
12657000,0,0,0,12657000,0,0,0,0,0
0,0,0,0,0,0,0,0,0,0
0,0,0,0,0,0,0,0,0,0
0,0,0,0,0,0,0,0,0,0
0,0,0,0,0,0,0,0,0,0
0,0,0,0,0,0,0,0,0,0
0,0,0,0,0,0,0,0,0,0
0,0,0,0,0,0,0,0,0,0
0,0,0,0,0,0,0,0,0,0
3003200000,0,0,0,0,0,0,261350000,58961000,286470000
0,0,0,0,0,0,0,0,0,0
0,0,0,0,0,0,0,0,0,0
0,0,0,0,0,0,0,0,0,0
0,0,0,0,0,0,0,0,0,0
4208100,0,0,0,0,0,0,0,4208100,0
1500500000,0,0,0,0,0,0,388430000,466110000,378990000
60699000,0,30535000,30164000,0,0,0,0,0,0
1853500000,294100000,325750000,254900000,0,0,0,39187000,147090000,152340000
1853500000,294100000,325750000,254900000,0,0,0,39187000,147090000,152340000
62168000,0,0,0,0,0,0,0,0,62168000
4684000,0,0,0,4684000,0,0,0,0,0
4684000,0,0,0,4684000,0,0,0,0,0
4684000,0,0,0,4684000,0,0,0,0,0
721280000,0,0,0,0,247140000,474140000,0,0,0
721280000,0,0,0,0,247140000,474140000,0,0,0
168330000,0,0,0,0,0,0,28524000,20405000,33008000