LFQ.intensity.1.Plasma,LFQ.intensity.2.Plasma,LFQ.intensity.3.Plasma,LFQ.intensity.4.WB,LFQ.intensity.5.WB,LFQ.intensity.6.WB
37.47084808,37.96355057,37.87440491,37.61407089,37.49077988,37.65843964
28.1009922,28.50805283,28.08359909,39.29880905,39.28274155,39.42451859
28.67808342,28.87194061,28.5956955,39.54951477,39.51003647,39.66699219
32.1362915,34.00679779,32.62143707,38.11487579,38.27503967,38.28075409
30.53092384,30.9727478,30.63122749,38.85825348,38.82504272,39.06052399
32.04921341,32.90442276,31.64997292,37.67726898,37.66566849,37.81066132
37.76425934,38.26603317,37.89526749,35.91491699,35.51274109,35.3036499
27.63768387,27.76116371,27.68478584,38.45951843,38.32067871,38.54901505
36.03409958,36.07734299,36.18094254,34.22762299,34.24161148,34.05786896
37.59883118,38.16287231,37.49696732,35.71704483,35.52227402,35.74203873
37.86906815,37.66142654,37.48704147,35.98184204,35.78699493,36.10229492
25.80552864,26.89573669,23.75185013,36.98884201,36.84127426,37.05146027
36.66593552,36.44699097,36.35174179,32.57727051,32.38432312,32.51800919
36.95393753,37.08678055,36.93879318,36.65477753,36.67556,36.40958023
36.62186813,36.82133484,36.72644043,33.83385086,33.98014069,33.73307419
36.0571022,36.58763123,35.75184631,33.77342606,33.59434891,33.61093903
36.23224258,35.84604645,36.03749847,34.25469208,34.16885376,34.12817001
25.52504158,25.39008141,,36.72504425,36.75159836,36.5308876
36.08456802,36.17587662,35.63032913,35.31830597,35.1855278,35.33441544
28.39095879,28.27976608,27.99199486,36.41171265,36.4393959,36.55342102
26.42814255,26.37001038,26.27691078,36.42694092,36.2926712,36.62934875
34.76366806,34.93055725,34.5822258,33.81459427,33.85591888,34.0895462
26.66098595,26.73737717,26.10431671,37.09260178,36.93319702,37.21873856
34.84637451,35.40184784,35.36130142,33.25687408,32.6241188,33.20103073
36.01404953,36.07491302,35.58606339,33.52344131,33.42954636,33.51840973
34.07303619,34.08978271,34.05786896,32.40334702,32.43502045,32.33710861
35.70259476,35.88612747,35.55290604,32.82909393,32.91172409,33.02158356
25.90173149,24.63284111,23.87455177,36.80796432,36.63706589,36.78085327
33.84838104,34.17429733,34.7356987,32.77246475,32.26860428,32.40006638
36.24102783,36.21327972,35.8951416,32.21434021,31.90286064,32.28308868
,,,33.64441681,33.81564331,33.58944702
26.02364922,24.43529892,21.99762344,34.08385468,34.43452454,33.83385086
34.91188812,35.29970169,34.99146271,32.08616638,31.41960907,31.85199547
24.91934395,25.44123268,23.4719677,36.22473526,36.01221848,36.2921257
33.76939392,34.00662994,33.91384888,32.73664856,32.43273544,32.46282959
,,,34.62511063,34.72618866,34.86138153
24.70619774,26.52926445,25.57539558,36.31877899,36.74785233,36.13206482
34.28822708,34.62668991,34.2565918,32.62794876,32.19782639,32.76961136
33.18154144,33.69093704,33.70810318,32.88396454,32.78715897,32.49481201
35.62083054,34.37929916,34.78468323,32.92772293,32.54986191,32.68743515
32.88230515,33.37800598,32.96226883,30.62957954,30.62121773,30.4022274
35.21411514,36.11190414,35.19439697,33.80904388,33.71251678,34.02523422
34.85276031,35.34754181,34.49839401,33.86719513,33.63439178,33.74464798
31.53681564,31.15550995,30.27919006,34.99315262,34.80870819,34.72710037
32.28565216,32.60915756,32.33899689,32.32310867,32.30484009,32.29767227
28.54473114,28.17654991,27.05806732,34.5033226,34.42329788,34.20660019
35.09725952,34.87458801,34.29911804,31.63075066,31.39253616,31.93961143
,,,35.03284836,35.17448044,34.80913925
31.31386757,31.43618965,30.93894577,31.99206161,32.14120483,32.3503952
33.1297226,33.1619339,32.86073303,30.11557579,29.94433212,30.15749931
26.47187424,,25.73039627,34.31324768,34.33011246,34.50781631
33.17777634,33.47822189,33.1333847,31.23888397,30.63391495,31.42282104
26.41180229,,,33.41311646,33.66839218,31.27125168
32.00413513,31.89012146,31.87210274,31.57176781,31.75350189,31.37420082
,,,34.67703247,34.58525467,34.87760544
,,,33.72008133,33.43477249,33.92060852
,,,33.66511536,33.87902451,33.53217697
,,,34.98239517,34.85354996,35.24590302
24.88697433,23.41157532,23.17627335,34.649086,34.40400696,34.85670471
34.1554184,34.7347908,33.7466507,32.48464584,31.84322357,32.07565308
31.78542328,31.98284531,31.64323616,31.5472908,31.51022339,31.7331562
,,,34.23641968,34.28450775,34.32160187
,,,34.6222229,34.66611862,34.95267868
34.58542252,34.12386322,34.45874023,33.58060074,33.68499374,33.2377739
29.75533295,30.0479126,29.87594414,32.46557999,32.25400543,32.76372528
,,,35.00466537,35.35986328,34.63466263
32.85063553,33.56251907,33.58821869,32.31713486,31.61399269,31.89149857
31.3369236,31.78269386,31.35463142,29.34394836,29.40535545,29.19022942
,,,32.14284897,32.46618652,32.12823105
32.42549896,31.37782478,32.4045372,29.60447121,29.31594276,29.44088745
,,,33.48747635,33.49452591,33.76919556
26.98956108,,,32.22707748,32.4805336,31.94426346
32.81266403,33.11800766,32.76200485,32.68108368,32.29252625,32.38262558
,,,32.80658722,33.003685,32.6299057
,,,33.65831757,34.10813141,33.36763
26.7940197,26.51236153,25.08362961,34.20812988,34.52688599,34.2269783
34.08361435,34.31749725,33.83958435,30.416996,30.37854767,30.93135643
,,,32.29551315,32.58143234,32.41291428
34.38920593,33.59634781,32.7903862,31.76477432,31.11687851,31.66246414
35.70746231,32.08945084,35.0782547,33.24756622,33.69405365,33.81105423
,,,31.77976036,31.93838501,31.70857811
,,,34.52758408,34.57254791,34.75164795
,,,31.86112213,32.19234085,31.66530418
,,,33.30511475,33.54719925,33.34691238
34.12740326,33.44763947,34.25215912,31.26046753,30.97172165,31.03976631
24.00872612,,,32.76194382,32.96287537,32.72466278
,,,33.7267952,33.82306671,33.96567917
25.96925735,26.51678658,,32.70196533,32.67290878,33.4444313
30.98529053,30.80416679,30.58700943,32.15203857,32.17831039,32.93346786
26.68297958,,24.79392052,34.06085205,34.1423912,34.24480438
26.31184769,24.69879913,24.31250572,34.59373474,34.81363678,34.96675491
32.16943741,32.34614944,31.81844711,30.62705803,30.62844849,30.76002312
31.15388107,31.11122894,30.73125458,30.97130966,30.93915749,30.7790966
,,,32.41139984,32.74474716,32.44694901
,,,32.97570801,33.16223526,32.89329147
,,,31.19313431,31.17408752,31.484478
27.36811447,27.36878014,27.32714462,34.91594315,34.74499893,34.4162674
,,,31.8423996,31.77799988,31.96512985
,,,31.43410301,31.22986031,31.63382721
29.08217812,28.68421745,28.34490013,32.81680679,33.2617836,32.94033051
32.68405533,32.62701416,32.13350677,32.20122147,32.35289764,32.25341034
25.99565315,26.02968407,24.54933739,31.88430977,32.17774582,31.8299427
32.48397446,32.49440765,32.5841217,30.25889587,29.94069672,30.26102829
30.10636902,29.7401619,28.03117943,31.21396255,31.44480324,31.27758408
,,,30.39733887,30.55215454,30.44371605
27.0509243,,,33.2744751,33.16614532,33.26150513
32.53285217,33.12704849,32.85808563,31.73976898,31.70689011,31.80869865
,,,31.61148834,32.09992599,31.52887535
33.05523682,33.73014069,33.73952866,32.96395874,32.67130661,32.88563919
,,,31.67652893,31.86452103,31.47653389
,,,31.32806587,31.79761124,31.26086044
,,,31.58194733,31.92670059,31.54356194
32.85615921,32.93603516,33.39406967,31.38494301,31.12872314,31.14291
27.34299469,27.75021553,26.67209053,31.59245682,31.18263626,31.88543701
,,,33.81182098,34.00729752,33.5650177
33.38342285,33.98727417,33.56354141,32.0488205,31.74205971,31.78105164
25.74993324,27.85620308,25.65195656,34.64366531,34.94126511,34.38329315
31.52850342,30.89091873,30.66305733,29.66317558,29.85492516,29.7598629
,,,32.95384979,32.96268463,32.91600418
30.74847221,30.73602295,31.03137589,31.31716156,31.60045433,31.22314262
30.49046707,30.46839905,30.45933914,28.3801384,28.28678703,27.95764923
31.92071533,32.24232483,31.79265594,28.33108139,27.5676136,27.76850319
29.83404922,30.7300396,30.7387619,28.44142342,27.02337456,28.12322044
33.47327042,33.46611404,33.26262665,33.72486877,33.37878036,33.34928894
,,,32.03754425,32.0031662,32.23831558
,,,30.74398613,30.96409607,30.60990524
,,,31.921175,31.85645485,32.05830383
,,,32.42101669,32.51648331,32.46263504
31.1992321,31.87283707,31.47798157,29.83222389,29.88420868,29.63117599
31.0205555,31.27708435,31.02769089,29.25022507,29.42396355,29.74465942
34.88526535,35.26136398,34.61368561,33.09507751,32.79044342,33.01546478
,,,31.80885315,32.25039291,31.73218536
,,,32.33033752,32.50132751,32.36053085
,,,30.89496994,31.12460136,30.80946541
,,,25.35685921,26.03048515,25.75205421
22.53193283,24.17820549,22.57694817,31.62064934,31.70948219,31.81783676
,,,31.13019753,31.21650887,31.05581856
31.05096436,30.32934952,30.66373634,26.06025314,25.26441956,25.84078979
,,,31.95985413,32.22296906,31.8584938
26.87173462,,,33.64075851,31.38427353,31.09452629
,,,29.97103691,29.93452454,30.12287521
,,,33.18574142,33.09608459,32.83669281
,,,33.57835388,33.44911575,33.78546143
,,,31.62949181,32.03996277,31.69726944
,,,30.65727615,30.74350548,30.4916153
,,,29.97991943,30.16362953,29.81752396
30.18989944,31.16056824,31.2713623,28.93890381,28.76002312,28.84595299
32.09131241,31.27108383,32.19700623,31.2836113,31.33532715,31.19307518
,,,32.59894562,32.55519867,33.01173782
,,,30.52149963,30.9201107,30.62740517
,,,31.78366852,31.62392235,32.05536652
,,,30.23203468,30.289011,30.09748077
,,,30.97041893,31.33410072,30.78136444
,,,32.29428101,32.36416245,32.56805801
32.20078278,32.34403229,32.1138382,30.55032158,30.23683167,30.18316841
31.50701332,31.73872185,31.47411728,27.91951561,27.91826439,27.31259155
,,,31.6779995,31.67640305,31.28779984
,,,30.32431602,30.24093056,30.59699249
,,,31.65557098,32.1522789,31.83337784
29.78539276,29.57145119,30.40131187,28.64605522,28.49792671,28.21697044
25.89344597,23.81518936,24.56929398,31.02062225,30.87158775,31.31521797
,,,32.07351685,32.31159592,31.76935387
27.57398224,27.29955101,26.47278976,29.27726173,29.18115616,29.78106689
31.02940369,30.80578232,30.87011909,28.14219093,28.08420753,27.53830719
,,,31.78464508,31.65057182,32.27866364
27.49075508,25.94607925,25.99660301,29.84093666,30.47179413,30.72906876
,,,29.62660599,29.72496033,29.79992867
,,,30.99057579,30.88423729,31.11811638
,,,32.13659668,31.93529701,32.12151718
,,,31.35310745,31.11594772,31.64241791
,,,31.43911552,31.27047157,31.60620308
30.903759,30.5560894,30.48596573,27.97377586,28.44474411,28.07168198
34.11326599,34.93697357,34.35684967,31.86382103,31.01311874,31.54986191
,,,31.19201851,31.51385117,31.00135422
,,,31.068367,31.61416817,31.09282684
,,,30.33819962,30.69892502,30.20664597
,,,30.58852959,30.6616993,30.48048592
,,,31.99627686,31.72898674,31.99378395
,,,30.96064949,31.31138039,31.0775013
,,,30.32849503,30.47961998,29.98019218
27.23772049,25.59536934,25.5855751,34.82192612,34.89685822,35.19314957
31.03347778,31.02960014,31.47247124,29.71613884,29.22864532,29.28821945
,,,32.52168655,32.82196426,32.4948616
30.9418869,31.5923214,31.01524734,28.97177696,28.58978081,28.91496086
,,,30.7493515,31.00771523,30.62112999
,,,29.81211662,29.97568893,29.90712929
,,,31.18907356,31.04797745,31.23489189
,,,31.46070671,31.77246475,31.40192223
33.73448944,32.41359329,33.70099258,32.4127121,31.99256897,32.23028946
,,,30.59022713,30.96327019,30.37513351
,,,29.32491684,29.56855583,29.57855988
31.26561928,31.20518875,31.59116364,28.34946251,28.75767136,27.67418098
,,,30.25518608,30.15544891,30.40638924
,,,31.09660149,31.43767738,31.35478973
,,,30.20466423,30.30280113,30.42981911
,,,31.64594269,31.52220154,31.68975067
,,,30.80478287,30.76761818,30.31257057
31.82790184,32.11455154,32.50800705,28.6426506,28.7983532,28.42005157
,,,30.97055626,30.994627,30.56065178
30.77336884,30.91698265,30.86886787,30.79071426,31.04179001,30.54655457
,,,31.85467339,31.94754028,31.39698219
,,,31.1427269,30.891716,31.40263367
,,,30.40669441,30.28559685,30.60937691
,,,31.36692619,31.56746864,31.15333748
24.43109512,,23.81880188,32.2201767,32.0741539,31.79405022
,,,30.90734482,31.25118446,31.02749252
31.8534832,31.46713638,31.227911,26.22650146,27.43260956,27.95049286
,,,31.40451241,31.4177494,31.71325684
,,,30.42001152,30.69303703,30.90777397
,,,31.16333008,31.2814579,30.99354744
,,,32.74677277,33.02426147,32.6942215
,,,29.46115494,29.70048141,29.31540298
,,,30.75007057,31.17819023,30.61087227
,,,30.2701931,30.32678223,29.85001373
,,,31.11601067,31.62261391,31.04901695
28.1132679,26.50489807,,29.72000885,30.27197456,29.50013351
29.45556259,29.91798019,29.60521317,27.31112099,26.44794655,27.08162117
,,,30.86141968,30.81291199,31.09804535
25.52948761,25.61944199,,30.04687309,28.68374825,29.97678185
,,,30.98942566,31.3762207,30.84797096
26.96851158,27.04082489,26.63020325,29.89518738,29.58066368,30.7335186
,,,32.17518997,31.93768501,32.25329971
29.34988594,29.40255356,28.90655708,28.09993935,28.45830154,28.03956985
,,,32.75523376,32.37984085,32.5140152
,,,31.25203133,31.47373009,31.227108
,,,30.88838005,31.07111931,30.62392235
,,,30.64271927,30.98915482,30.65872383
,,,30.07009697,30.05620766,30.26338196
,,,30.01132011,30.01091957,30.39947891
,,,30.78199005,31.42677498,30.78441048
,,,31.43604088,32.00326538,31.0516777
,,,31.05988503,31.01051903,31.23140717
,,,30.53194618,30.75078964,30.32517433
,,,30.39754295,30.27008247,30.46382713
,,,30.8386097,30.76382637,31.14430809
27.10049057,28.25750351,26.5305748,34.57998276,34.59568405,35.02399445
29.81721878,29.74855232,29.75922966,29.94139671,29.7649498,29.80879211
,,,32.11830139,31.90408134,32.2329216
,,,29.46694183,29.57309723,29.74658394
,,,30.94962883,30.83107567,31.03741074
,,,29.78227043,30.13613892,29.73080254
,,28.22315407,33.18723297,33.38265228,31.8780365
29.77074051,29.94670486,29.58342743,28.21382332,28.56434631,28.62359047
,,,30.59903526,30.93452454,30.65343666
,,,29.16466141,29.26896667,29.14401627
,,,30.2487545,30.16062737,30.5769577
26.92411041,26.9107933,26.66383743,30.52542686,30.60567284,30.79637337
30.26203728,29.46396255,29.99685097,25.5850296,25.95577812,25.77999115
30.86400414,31.03446198,31.00544167,28.12957191,27.06188202,27.44395256
,,,29.68722343,30.2806282,29.69303703
,,,30.4056797,31.04290009,30.51295662
,,,30.89026642,31.24649239,30.45620918
24.37218857,24.8331604,,30.25856018,30.3089962,30.60576057
,,,30.67058945,30.61903191,30.76366806
,,,30.01132011,30.29405975,30.05400848
23.54769135,,,34.03354263,33.75692368,34.36019135
,,,31.02121735,31.32950974,30.84916496
,,,30.75605011,31.04563713,30.66492271
,,,30.33351517,30.42262077,30.74270248
,,,29.16192436,29.45892906,29.08210373
,,,30.32710266,30.25597382,30.69104004
,,,32.03203201,32.49302292,31.87968063
,,,31.98213196,32.41006088,31.47937965
,,,30.54958725,30.44292641,30.74141693
29.99307442,29.92379951,30.11582375,28.68361473,28.71026993,28.43455887
,,,32.06560898,32.40164185,31.61666679
,,,29.51651192,29.63728714,29.51080894
,,,30.07086372,30.25473595,29.92846489
26.78905106,24.89370155,25.8473053,31.664711,31.1645298,31.58154297
,,,29.8045826,29.97923851,29.71002388
,,,31.05025101,31.22314262,30.86289787
27.67546082,28.6119976,27.15160751,32.01305389,32.03488922,32.46124268
30.05089951,29.67625046,29.62824059,27.11842537,28.08085823,27.31648254
28.85587692,28.66725922,28.41550446,29.46940804,28.54532051,29.44809532
,,,31.60695267,31.816082,31.48620605
29.85343933,29.52275467,29.9324131,27.34688759,27.48123741,27.8409214
29.31516457,30.00664711,29.60004616,27.37807274,27.38566208,27.06568718
26.191576,,,33.67808151,33.09893799,33.6141243
,,,30.53871346,30.85474777,30.68118668
,,,30.07009697,30.34752083,30.00115204
,,,30.19694901,30.44717026,30.06612396
,,,30.48462105,30.96099472,30.39560318
32.18458939,32.6434288,32.54492188,32.16113663,31.57461357,31.5049324
28.48423767,,,29.78791618,29.64483452,29.95656967
,,,32.11473846,32.21884918,32.60512161
,,,29.96636772,30.11408615,30.34540749
,,,32.56440353,32.78559875,32.1712265
,,,29.56405449,29.72775459,29.45448303
23.79243279,23.93580055,23.77334023,31.23706055,31.31072998,30.82145309
,,,31.35652161,31.67463493,31.06855965
,,,30.17009354,30.11780739,30.40760612
,,,29.96457863,29.93915749,30.21881866
,,,29.97596359,30.25957108,30.11234856
,,,29.47438812,29.71716881,29.51148796
,,,29.87598801,30.24864197,29.70510292
,,,30.18506241,30.4364872,30.11135292
31.09282684,29.18366623,29.79284096,28.76335144,28.27466583,29.02849388
30.4245224,30.60955238,30.17259789,26.91957092,27.27515411,26.72129822
27.6790905,25.63613701,,29.7160244,29.97910118,29.81219292
,,,29.45375824,29.77886009,29.34942055
,,,30.01145363,30.41609001,29.9333992
,,,29.77369881,29.67554474,29.5554142
29.65603065,28.53767776,29.59284782,25.10537529,24.92365646,24.55191994
,,,29.8012867,29.66846085,29.92592239
,,,30.69760132,31.02973175,30.49276161
,,,30.38751221,30.78105164,30.26595306
30.7033062,29.39511299,29.99685097,26.56621933,,26.29484558
,,,30.15291405,30.3048687,30.19084167
,,,29.96085548,30.42752266,30.21754837
,,,29.86220169,30.39733887,29.90382957
27.80906677,28.74627876,27.78231812,30.13295746,30.05659485,30.06971169
,,,32.1487999,31.85678864,32.24632263
,,,32.35531616,32.48373413,32.04140091
,,,29.23763084,29.71456718,29.12905502
24.50075531,24.51225662,,31.76722336,31.51681328,31.71227264
,,,29.89236641,29.90598297,29.97021294
,,,31.20687866,31.49652863,31.14248276
,,,30.43549347,30.63096809,30.9856987
,,,29.68232536,29.72240639,29.47965813
,,,29.74916077,29.83629417,29.89029503
,,,29.90239334,30.17045021,29.85392952
29.76870728,30.8556385,30.03904724,28.47177505,28.69145584,28.48119926
29.26883316,29.22875977,29.43445969,26.81994629,27.20582962,26.17033577
,,,29.19554138,29.15626907,29.46861267
,,,30.58602524,30.55453491,30.09358215
29.19392204,29.34749985,28.97013092,,26.0923481,25.42441559
,,,28.57018471,28.85412407,28.56902695
,,,28.99835777,29.38506508,28.86422539
27.27701759,27.87014771,27.91119385,,,
,,,30.40608597,30.37274933,30.32367134
,,,29.65865517,29.57569504,29.85666275
,,,31.15731812,31.43574142,30.79327583
,,,29.06781578,29.32291985,29.03086472
,,,29.17011642,29.38333702,29.09154129
28.29158211,28.0487442,28.06963539,,,
31.98471451,31.72293472,32.01474762,29.99604225,29.53374863,29.73366547
,,,31.25282097,31.22469521,31.19125366
,,,29.04489326,29.02464294,29.38117027
,,,30.43350601,30.45248222,30.11296844
,,,30.11842537,29.91570282,30.19823837
29.66319275,30.03826141,29.14396858,,,26.31141472
,,,30.81581497,30.82099724,31.25073242
,,,29.74949646,29.70670128,29.32216835
,,,29.87610435,29.94139671,29.78825951
,,,30.33681679,30.34371567,30.17390823
,,,29.84140205,30.08891487,29.55171585
,,,30.25406075,30.89929962,30.14004707
,,,29.98739243,30.14904213,29.92606354
24.44670105,,,30.75787926,31.00938606,30.67883873
,,,31.02373123,30.85993958,30.81619644
29.42892075,29.76686096,29.58392906,27.28779984,27.87349701,27.06280899
,,,31.33846474,31.20641327,31.54990768
30.37947845,31.1231823,30.66568565,,,28.85147476
30.56801224,28.17550468,29.15554619,25.40434837,25.64432907,25.9969902
27.01510048,25.12127495,24.62633705,30.02604294,30.41003418,28.24635506
,,,31.03669167,30.62931824,31.43031883
,,,29.10044098,29.23436737,29.21976471
,,,30.05581856,30.30508614,29.83454704
,,,29.65141869,29.57486534,29.89496994
,23.23160362,22.98046684,32.16782379,32.23194885,32.26927567
,,,29.51628685,29.53293037,29.32087708
,,,30.37709999,30.28725052,30.11532784
,,,30.89366913,31.24994278,30.90777397
,,,30.17664528,30.00971985,30.51248741
,,,29.42518425,29.86850166,29.27012634
,,,30.79938698,30.80031395,30.81107521
,,,29.45334625,29.54554176,29.77765465
,,,29.78671646,29.91099358,30.18281364
,,,28.72181892,29.02300453,28.61764908
,,,29.49061966,29.61808586,29.22356796
,,,32.39968491,32.31751251,32.39991379
,,,30.07469749,30.68536949,29.87600327
,,,29.86907578,29.84950829,29.75603485
,,,29.87204361,30.55983162,29.69707108
27.77611732,28.25961494,28.13330078,29.10289574,28.82140732,29.36089134
,,,30.9468441,31.35126495,30.90440559
,,,31.15707779,31.08916855,31.00477219
,,,29.14744186,29.23895073,28.64516068
,,,31.16213036,31.11470795,30.84311104
,,,31.3403759,31.33154106,31.50365257
,,,28.71718407,28.79215813,29.14041328
27.63948059,27.89573669,29.23876953,26.40953636,26.20732117,26.68618965
,25.88653183,24.69667816,27.50642776,29.78280258,29.13065147
,,,28.74483681,28.7304287,28.89674759
,,,32.10799026,31.9256382,32.2060051
,,,28.56434631,28.97645378,28.59185028
,,,29.57242775,29.94251633,29.83266258
30.13797188,29.95324326,30.78191185,26.74765587,26.0866909,26.549263
,,,30.35982323,30.23031807,30.67892265
28.16418076,29.10332108,28.31250572,27.59605217,28.32470131,27.08101082
,,,30.34435081,30.04166031,30.36546707
,,,31.72199821,31.782341,31.83984947
,,,30.58566666,30.53445244,30.69461441
31.59045029,32.18014908,31.29614067,28.80248833,29.41683388,29.0508461
,,,28.69158936,28.81866646,28.33637047
,,,29.44075012,29.41777992,29.70162201
,,,29.85679626,29.85993958,29.78953362
,,,28.87173462,29.03996277,29.22646523
,,,29.64118576,29.54988098,29.82541656
,,,30.61227989,30.83439636,30.54692268
29.75953102,27.22536278,29.32472229,26.45730782,26.47094536,26.13584709
,,,31.26287651,31.07361221,31.42797279
27.48753738,28.14782906,28.79020309,27.54045105,,26.32623672
,,,29.3197155,29.01735878,29.60470009
,,,30.041399,30.28934097,30.00249481
,,,34.01621246,34.12355423,34.36299896
28.6040287,28.04801559,28.14603424,,,
,,,31.25135422,31.43618965,31.515028
,,,28.91324997,29.03569603,28.88506699
29.50688171,28.30843163,29.43585205,27.51743317,25.80845451,25.55964279
23.46575546,,,31.44904137,31.56479073,31.44079971
,,,29.94935226,29.90684319,29.9434948
,,,29.29322815,29.31497002,28.92337418
,,,28.88221169,29.22055054,28.74188232
,,,29.0517807,29.38113022,28.91033554
,,,30.44322205,30.85578728,29.9324131
,,,28.31596375,28.27043915,28.55629158
,,,30.36442375,30.58217239,30.41306496
,,,29.27010345,29.26409721,29.43956184
,,,28.74069405,28.8806076,28.58931541
,,,29.63247681,30.11048317,29.86267471
27.07520676,,,29.01446342,28.39280319,29.41844368
,,,30.227108,30.65044403,30.15496635
,,,29.19262886,29.23381996,29.85440636
,,,29.43537521,29.4432621,29.51519585
,25.12297249,,31.3765831,31.23232079,31.26578522
28.51882172,,,30.30247307,30.40770721,31.08948326
26.17586517,27.11545181,26.16672134,27.73988914,27.96620178,26.78793144
,,,28.3428669,28.72919846,28.24522209
28.50990295,28.55764198,28.72374153,27.16633797,26.94380188,26.47139359
26.63325691,27.31527328,26.30900383,29.04473686,28.62617111,28.58956528
28.84185219,28.36172867,28.54148674,,,
,,,30.22469521,29.94948959,29.68640518
,,,30.10512161,30.45287514,30.10699272
27.9802742,28.00704765,28.06655884,31.76982689,30.96842957,32.10499573
25.25511932,,,30.65880775,30.64039421,30.64607239
,,,29.61647415,29.62465477,29.85477638
,,,29.37943649,29.61445808,29.1581974
,,,31.20075417,31.29789162,31.32881546
,,,31.23197746,31.37797928,31.43519592
,,,29.15513611,29.75538254,28.97311783
,,,29.1487751,29.04713249,28.94234848
,,,29.74994278,29.84005165,29.89345169
,,,30.4685936,30.77266121,29.92959404
,,,28.82605362,29.162117,28.94452858
,,,29.4056797,29.28619194,29.65440941
26.1196537,,24.03984261,31.23854256,31.22262383,31.36405754
,,,30.59281158,30.79552269,30.43380356
,,,28.53845406,28.70081139,28.39042664
,,,30.23911095,30.4682045,29.64814758
,,,31.25945854,31.72273064,31.32270432
,,,28.44959259,28.51144981,28.56336403
26.5967617,24.48566628,24.80847931,27.30042458,27.89735222,27.55134773
28.5920639,28.78762054,29.33394051,27.19929123,27.01297188,26.93618202
,,,28.85715294,29.13405991,28.64123917
,,,28.5796032,28.84879112,28.65860367
,,,30.6900425,31.00504112,30.70833015
,,,27.74868011,27.91170883,28.23662758
,,,29.56221771,29.05664635,29.80591965
26.31046104,26.9102211,26.85946465,25.56235313,26.42484856,25.94610214
25.48585129,,25.10129356,,,
27.58963776,27.95399094,27.16086769,,,
,,,29.88560486,29.99185944,29.94307518
28.68722343,29.16489983,29.41814232,28.14836311,28.79007721,28.02093887
,,,29.3989296,29.59197426,29.57634354
29.51292038,29.91598701,29.17914009,27.64917564,,
,,,30.44559288,30.57136154,30.40831566
,,,28.42169762,28.49979019,28.42009163
,,,29.3287735,29.72520447,28.89997673
,,,28.546278,28.61579132,28.63847923
,,,29.35567093,29.55384064,29.44669724
,,,28.29035187,28.37844467,28.27475357
,,,28.10354614,28.08577919,27.91968536
,,,29.79642105,30.18813133,29.61387825
,,,28.60307503,28.84649086,28.60409927
,,,28.17987633,28.15373611,28.30382347
,,,31.91922379,31.8225174,32.1692276
28.6788559,28.29026413,28.24839401,27.0240078,27.55727768,
,,,29.18810844,28.83059311,29.27117348
,,,28.50115776,28.75082207,28.92204094
,,,29.47136688,30.01265335,29.21847343
28.6102047,29.25574875,28.82575035,25.84162903,26.56289101,25.62287903
,,,29.27473259,29.0760479,29.0673027
,,,28.25133133,28.40855789,28.44896317
,,,28.59074402,28.95435333,28.69504738
30.05361938,29.05605125,29.43753815,26.45088959,,
,,,29.81485367,29.59199333,30.0694561
,,,28.89128113,29.41733742,28.90692902
,,,30.6257515,30.1680603,30.77329063
,,,28.65717316,28.64061737,28.40823364
,,,28.87534332,29.0518055,28.96730232
,,,28.81421089,28.87613487,29.12573433
,,,29.92124748,29.90540886,30.15001106
,,,30.50388908,30.37823868,30.85786438
,,,28.23187447,28.32787323,28.39619637
,,,27.77373123,28.06507111,27.83189201
,,,29.1897583,29.38876534,29.47546959
,,,28.46427536,28.73647308,28.2532711
,,,28.38475609,28.13594437,28.40543747
,,,28.14991379,27.88657951,27.80912971
,,,27.85055161,27.98842239,27.80316544
,,,30.26080513,30.46927261,30.10736847
,,,29.80621147,29.79975891,30.27819252
,,,29.81544876,29.96636772,29.58163261
,,,29.80854607,30.17152596,29.94600677
,,,28.67006683,28.83282852,28.35699463
,,,29.40778732,29.632061,29.48310471
,,,27.95099258,27.70780373,28.20839119
27.60900688,28.05615425,27.85703468,28.11902046,28.06414604,29.07989311
,,,29.26546097,29.44620323,28.99172401
,,,28.59722328,28.74262238,28.76506042
,,,28.65897942,28.69988441,28.65979576
,,,28.57963753,28.63062096,28.70051384
,,,27.13045502,27.66112137,27.17531395
,,,29.94823837,29.88620186,30.01544762
31.32227516,29.43759918,30.51229858,30.98989868,30.77352524,31.41038895
25.40577698,26.0823307,25.39090157,26.82201576,26.81641006,27.27399826
,,,30.79822922,30.56855583,30.97391129
,,,27.95099258,27.99366951,27.78006554
,,,29.0517807,29.03223038,29.34307861
,,,28.47537422,28.60787773,28.36214638
,,,29.58734894,29.67675591,30.09169197
29.96182251,30.00597763,28.48062134,26.98706818,26.59718895,27.22269249
26.38791466,26.66207314,26.85744858,26.29552841,26.32868767,26.21363831
,,,30.4704361,30.86938286,30.16470909
,26.02715492,,28.163414,29.3483448,28.04801559
,,,30.30247307,30.06843185,30.83981133
,,,29.19558907,29.11359024,29.13694572
,,,30.40649033,30.72728348,30.34667587
,,,29.96416473,30.12509346,30.22653389
,,,29.15010834,29.02543449,29.59222412
,,,28.09264946,28.34435081,27.99215698
,,,29.32437897,29.82708359,29.06038857
25.69322586,25.31624031,24.7767067,28.10674286,28.41816139,28.48542786
27.51780701,27.77523804,27.17626572,,,
,,,30.01438332,30.0484314,30.20092964
,,,29.53919411,29.96732903,29.28854942
,,,28.90758896,28.46975708,28.90947723
,,,29.49014282,29.64287376,29.38288307
,,,28.24662781,28.67286682,27.88396072
,,,28.94687271,29.35959435,28.79302788
,,,28.57137871,28.72351265,28.53726959
,,,27.55186081,28.32808685,27.18101311
28.71260071,28.3175602,28.62425423,27.17854691,27.77636909,28.10119247
27.23835945,26.7489357,26.97114563,,,
,,,28.45438576,28.60233116,28.56754112
,,,29.81842422,29.87660217,30.20734406
,,,29.92549706,30.32130814,29.90870476
,,,28.76802826,28.95986176,28.89226532
,,,30.221241,29.89398766,29.88752365
,,,28.17835617,28.82089043,28.48200798
,,,27.39190102,27.28991127,27.20088196
,,,28.42085457,28.41288376,28.23031807
25.40730286,26.20234108,26.75608253,26.76217842,26.7634449,27.08709526
,,,28.29963875,28.57733536,27.80863762
,,,28.86855888,28.69042397,29.12593079
26.02660751,26.48122215,25.60450363,,,
,,,28.28744888,28.27617455,27.99231911
27.9052372,28.25236893,27.74297523,27.27622032,27.18584061,27.10789108
27.6496563,27.41916656,27.85299301,26.87173462,26.61568642,
27.94960213,28.58337402,27.82012939,,,
,,,30.02035713,30.00637817,30.41870499
,,,27.66729355,28.35354996,28.44643974
,,,28.67596436,28.87246895,29.06532669
,,,30.06406784,30.26046753,29.79563141
28.8850956,27.3537178,29.22933388,27.34477425,26.77303886,
,,,28.11202431,28.14846039,28.09280205
26.42630386,24.75000954,25.27827644,,,
,,,29.09612274,29.67810059,29.00279045
,,,29.75988007,29.49564171,29.06316757
,,,32.76738358,33.01221848,33.30972672
,,,29.76141739,29.54499054,29.94767952
,,,29.93677139,29.8637104,29.92478943
,,,28.22917175,28.24272728,28.24045372
,,,29.84906006,29.8132019,29.77045822
,,,30.09597206,30.12447739,30.2354641
,,,27.50551796,27.91033554,27.6205883
28.6785202,29.24070358,28.43017769,29.87105942,30.27008247,30.16566658
,,,29.06976318,28.89553452,29.54226112
,,,29.85052109,29.805336,29.75244904
,,,27.91558838,28.04395676,28.4117527
,,,28.36486244,28.58039284,28.56434631
,,,30.32870865,30.07699203,30.67564583
,,,28.07841682,28.43575096,27.84888077
,,,29.85580254,29.96856689,30.24354362
,,,28.84923935,29.24909401,28.66736221
22.82795715,,,30.13283539,29.50907326,30.02894211
29.97117233,25.83939743,28.76414299,27.65962601,25.19846725,28.77092934
25.3924427,26.14205551,,,,
,,,29.48262215,29.50971413,29.81586075
27.88477516,28.10654449,27.48015976,,,
,,,27.42814255,27.15392876,27.89873695
,,,30.12065125,30.76081467,29.93775368
,,,28.23562241,28.62236977,28.42394257
,,,28.54554176,28.7069149,28.67357445
,,,29.79347801,29.62027359,29.75995827
,,,28.86345863,29.12726021,28.63103676
,,,30.9040451,31.48342133,31.11768341
,,,27.03012657,27.10129356,27.09345627
,,,27.11436081,27.63961792,27.46730995
,,,27.38071632,27.78544044,27.63457298
,,,28.8233223,29.46896172,28.65099144
,,,28.71816444,28.92614746,29.05354309
,,,29.32962799,29.32104874,29.06051636
,,,27.87308502,27.78238106,27.79184914
,,,29.37637711,29.54769516,29.60226059
,,,27.59562492,28.0511837,27.94770813
,,,27.45246315,27.495718,28.31406212
,,,29.23397827,29.25536728,29.54017448
,,,28.14593697,28.18867302,28.41053963
,,,28.49640465,28.74560547,28.91732597
,,,28.04463387,28.0932045,27.5997448
,,,28.00490761,28.56030655,27.92512894
,,,27.63429451,27.93797874,27.93797874
,,,28.09305382,28.47873306,28.36615562
,,,28.63041306,28.92167282,28.59729576
,,,27.27435493,27.60766602,27.49632835
,,,27.75066185,27.70206642,28.02379799
27.43181229,27.74784851,26.46647072,,,
,,,28.60187149,28.79816818,28.57877541
28.13035774,28.01712036,27.42822266,,,
,,,28.45309067,28.81796646,28.47745895
,,,28.96253967,28.93137169,28.49876404
,,,28.54373741,28.8220768,28.66061211
27.91393471,27.68391609,27.28392029,,,
,,,28.24780464,28.33355713,27.84451866
,,,27.87946892,27.83086586,28.18867302
,,,27.05682755,27.17949677,27.32474518
,,,27.77347946,28.00426483,27.56332779
,,,28.14209366,27.97574425,28.06424904
,,,28.16009903,28.21701622,27.80698013
,,,27.98614502,27.53289413,28.09677696
,,,27.78313065,27.95071411,27.94859886
28.73489189,28.21646118,28.25754929,,,
,,,29.25232315,29.03209877,29.51551628
,,,28.74278259,28.65078545,29.13295746
,,,29.09068298,29.32491684,29.03152084
,,,27.78556442,28.21326637,28.00260162
,,,29.97582626,29.78964233,30.11768341
,,,28.57999802,28.61242104,28.88136673
25.35083771,,,27.24789619,27.48408318,26.88203621
,,,29.51782608,29.96278763,29.17421913
27.18650246,28.4677372,27.96499252,26.1236248,26.47661018,
,,,27.72299194,27.80254936,28.07106972
,,,30.89547539,30.89251137,31.25377846
,,,27.4888401,28.00474548,27.33210564
,,,27.70100975,27.94676018,27.57564163
,,,28.72867966,29.09159088,28.62780571
,,,29.15279388,29.03860283,29.25988388
,,,29.01709366,28.95764923,29.25784111
,,,28.40608597,28.401577,28.58387566
,,,27.8204937,28.20927429,27.23936081
,,,27.19582367,27.55061531,26.85828018
,,,28.26758385,28.53118324,28.09913635
,,,29.32208061,29.10264587,28.94125748
,,,27.79364777,27.84451866,27.80986404
,,,27.99447823,28.12903023,27.67215919
,,,27.56565285,27.28392029,27.80137825
,,,27.46575546,27.72929573,27.77887726
,,,30.2596817,30.23922539,30.51765823
,,,27.49128914,27.64746284,27.87660217
,,,27.83225441,27.83026123,28.17421913
,,,29.73005676,29.89681816,30.31764603
,,,28.5920639,28.81824112,28.77953339
,,,27.78462791,28.42570496,28.02242279
,,,27.02305603,27.74406624,27.0326519
,,,30.31332779,30.15749931,30.399786
,,,29.13281059,29.28674316,29.28729439
,,,27.46474266,27.35380173,27.54826355
,,,27.76667213,27.90391731,27.75576401
,,,27.43610954,27.82590103,27.67774773
,,,26.78406715,26.99280548,27.06568718
,,,29.13185501,29.43366432,28.88034439
,,,27.23425293,27.46536636,27.11018372
,,,28.68892479,28.90936279,28.67861938
,,,27.50286674,27.56187248,27.90667152
,25.90756607,,27.48615837,28.01435661,27.42205811
,,,29.17540932,29.12260246,28.7590065
,,,28.82605362,28.55530357,28.97084427
,,,26.59192085,26.66383743,26.69085693
,,,31.58060074,31.3675518,31.68591309
,,,28.91205025,29.19821358,28.78777695
,,,28.7894249,29.02683449,28.55079842
,,,27.42886162,27.68565369,27.97760201
,,,29.07841682,29.21050644,29.00429153
27.52514648,27.70067978,27.30599976,,,
,,,29.74099922,30.10786629,29.6650238
,,,30.03878593,30.07163048,30.15544891
,,,28.16144562,28.5575695,28.4525013
,,,27.71725082,27.82462692,27.73769951
,,,28.26914597,28.56634331,28.06023407
,,,26.54568863,27.12188721,26.82808304
,,,28.00195885,27.62561226,27.96669769
,,,29.15489388,28.87402534,29.09456444
,,,29.28235245,29.23555565,29.40249252
27.34967422,28.37210464,28.12755585,26.66139412,26.76306534,26.89619827
,24.94855499,,27.13506317,27.33960152,27.59334755
,,,27.85198021,27.60653687,27.64313316
,,,28.28414154,28.21530533,28.26941299
,,,28.13084793,28.50222206,28.33798599
,,,28.82853699,29.32564545,28.69637299
,,,27.40997505,27.64670753,27.26033401
,25.24419785,,27.55610847,28.15942574,27.45088959
,,,29.9719944,30.26640129,29.93199158
,,,29.13160896,29.19704247,29.221241
,,,27.05982018,27.27887917,27.06177902
,,,29.01081276,28.50676727,28.92351532
27.15499115,26.79414368,27.61876869,,,
,,,27.89706421,27.74835968,28.09697723
,,,28.3259449,28.26847649,28.10749245
,,,28.92919922,28.93311691,28.70866013
,,,29.35476875,29.31630898,29.81953621
,,,30.21697044,30.37150383,29.82402039
,,,27.96598244,27.77611732,28.13755798
,,,28.5018425,28.37848663,28.63107109
26.37464523,,26.38775063,27.28647995,27.67006683,27.93797874
,,,28.74287987,28.94086456,28.96193314
,,,29.13293266,29.1244278,29.34257126
,,,28.0856266,28.32800293,27.90426064
27.8894825,28.56844711,28.2185421,26.62672806,26.75875282,
,,,28.94237709,28.98874855,28.96077347
,,,30.41276169,30.31893921,30.56438255
,,,27.87876701,27.68945885,27.85275459
28.81650162,29.15771484,27.91404915,,,
,,,31.61232376,31.73271179,31.88627434
26.56745338,27.20694733,26.31139755,27.31458092,,26.73402023
,,,27.86926651,27.92773056,27.60512543
,,,27.94843292,27.99544907,27.842062
26.06245804,26.51281357,25.43841171,,,
,,,27.72377396,27.53400803,27.82880974
,,,27.11555099,27.58226204,27.25250435
,,,28.57855988,28.5357132,28.41932869
,,,27.38113022,27.80654907,27.02612114
,,,32.18969345,32.06634903,32.46231461
28.58760071,,25.99250221,,,
,,,28.73224258,28.70586205,28.85084915
,,,27.11832619,27.64175415,27.29254723
,,,27.60914803,27.68304634,27.68076706
,,,27.51570511,27.61407089,27.84170151
,,,29.13180542,29.17757225,29.30271339
,,,28.69208908,28.80116272,28.50445747
,,,27.66485596,27.55647278,27.26535034
28.9271946,29.00348663,28.29052734,27.24563026,26.71096039,27.09707832
26.0310955,26.63533401,26.78680992,,,
,,,28.53752899,28.05734444,28.66719246
,,,29.50007629,29.12723541,29.78790092
,,,27.63588715,27.5707283,27.67087746
,,,26.58734894,26.6996212,27.00806427
,,,29.85951042,30.42302132,29.5197773
28.53941727,29.46795082,28.42438316,27.79847717,27.78487778,27.78250504
,,,26.53778839,26.81396675,26.85578728
,,,27.75837135,27.91803551,27.57665062
,,,28.33018494,28.45802879,28.14136314
,,,28.50578308,28.47749901,28.81628799
27.94525337,28.55848122,27.55851936,,,
,,,27.4486084,27.41586876,27.8451767
,,,27.62268448,27.909935,27.18895721
27.48300743,27.7498951,27.27949905,,,
,,,28.19699669,27.90764618,28.30312729
,,,26.7850647,26.83905983,26.65294075
,,,27.9049511,27.55347443,28.0411911
,,,27.5250721,27.63381004,27.98201561
,,,28.65914917,28.67067337,28.90440559
,,,28.70414734,28.77395058,28.64402771
,,,28.30864906,28.5867424,28.25349617
,,,29.86956024,29.99819565,29.94293594
,,,27.14063263,27.17987633,27.4815464
,,,26.63381004,26.74149704,26.9207077
25.63206291,26.86266136,26.90368652,,,
,,,28.50491333,28.5188961,28.20955276
,,,27.36844635,27.63263321,27.81695938
,,,28.03925705,28.31600761,28.35430527
,,,29.13290787,29.41086388,29.00899887
,,,27.29043961,27.64999962,26.87958527
27.76091003,,27.28233147,,,
26.70279312,26.31228065,25.9797821,,,
,,,28.37542343,28.1866436,28.30934334
,,,27.62254524,28.25547981,27.75053406
,,,28.30491257,28.51099777,28.51472664
,,,28.55376625,28.23949814,28.75776672
,,,26.44812012,26.80353546,27.05289459
,,,27.86773491,28.16221428,28.03023148
,,,27.5302906,27.53956413,28.0524292
28.31120682,29.4404335,28.79646683,,,
,,,27.20657539,27.88238716,26.33977127
,,,27.82335281,27.89891052,28.19577599
29.34720421,27.0378952,29.06581497,27.73557091,27.22250938,26.86183357
,,,25.5690918,25.5897522,25.33953285
,,,28.62327766,28.45218658,29.25534439
,,,28.08258438,28.47830963,28.074543
,,,28.76176643,28.8414917,28.26163292
27.58548927,28.38038635,27.8348484,,,
,,,27.79637337,27.99501801,27.50945091
27.82213593,27.83333969,27.79308891,,,
,,,27.12770271,27.28392029,27.67714119
,,,26.7522583,26.76293945,26.91387749
,,,27.36411095,27.54443741,27.2938633
,,,27.47064972,27.34629631,27.30756378
,,,27.32216835,27.19976044,27.51314545
,,,28.93337059,29.401577,28.57134438
,,,28.19886971,28.60229492,28.13853455
,,,29.34589386,29.41856384,29.66084862
,,,27.34705734,27.39492989,26.97858429
,,,29.81756973,29.97609901,29.80734825
,,,26.98163414,27.32620239,26.92580795
,,,28.01903152,28.08359909,28.24031639
,,,27.31138039,26.73221016,27.40997505
,,,27.893713,27.85263634,28.14009476
,,,27.62589073,27.94089317,28.14384651
,,,27.19966698,26.95082474,27.41409492
,,,27.52312851,27.73149681,27.42069435
,,,28.4287014,29.28149033,28.62086868
,,,27.76654434,28.61213875,27.95864487
,,,28.18791962,28.41598892,27.99139977
,,,,25.60393715,25.91159439
,,,27.51178932,27.66526222,27.93066597
,,,28.39713478,27.84923935,28.05982018
,,,27.52148247,27.67384338,27.33048248
,,,27.35354996,27.26015282,26.70160484
,,,27.87326241,27.80630493,28.16619492
,,,26.70332146,27.05537987,27.19741821
,,,27.8080864,28.26019859,27.91655731
27.55647278,27.44837189,27.24281693,,,
,,,28.04395676,28.62742233,28.323843
,,,28.05966568,28.42778397,28.3174305
,,,28.13256454,28.13202667,28.42237854
,,,27.32302666,27.30678177,27.5883503
,,,28.38780022,28.37712097,28.75385284
,,,27.26123047,27.3824501,27.25322533
,,,25.8692894,26.18232155,25.95737267
25.19467735,25.48637199,24.65047836,,,
,,,26.6971035,26.5883503,26.38306046
,,,26.5796032,26.91250801,26.86135864
,,,27.72168922,27.41005516,27.67209053
,,,30.19248772,30.54240799,29.95933723
,,,27.58606148,27.10828972,27.46411896
,,,26.31577301,26.74509239,26.87314415
,,,26.29834557,26.27075958,26.55129051
,,,29.14489174,29.51297569,29.60494804
,,,25.96340561,27.49090767,26.10279465
28.01940346,27.97333717,27.31518555,26.07230568,26.55902863,26.53064919
25.83696747,25.3502636,26.18428993,25.12805748,,
,,,26.44371605,26.86076736,26.56401062
,,,28.09239769,27.73085022,27.85156441
,,,27.77574158,28.00736809,27.62261391
,,,28.26874352,28.24590302,27.91496086
,,,27.80937386,27.56121635,27.57852364
25.00303078,,,29.66763306,29.64299393,29.93859673
,,,26.70424652,26.41267395,26.29570389
29.28206635,29.82139206,27.14812088,26.80242729,26.32108307,27.56500053
,,,26.77530098,26.92773056,26.9357338
,,,28.12573433,28.36427689,27.65458107
,,,28.20144272,28.22843933,28.44939613
,,,29.83859444,30.0501194,30.2942791
24.85614395,,25.24988556,,,
,,,27.72987747,27.2088089,27.55252075
26.35370064,27.10339546,27.04728889,,,
,,,27.4089222,27.37625313,27.39811325
,,,28.31514359,28.37388992,27.62380028
,,,29.20552826,28.94030571,29.01749229
,,,27.95454597,28.0940094,27.93545151
,,,28.77341652,29.12149239,28.67482185
,,,27.05827332,27.23936081,27.43141365
,,,28.09133911,28.47649384,28.24099922
,,,25.8771534,26.89665985,26.22580338
,,,28.22425842,27.98950577,28.40799141
,,,26.92569542,26.86714554,26.74560547
,,,28.57014847,28.50244904,28.51491547
26.86266136,26.73117447,25.64273262,,,
24.58290672,25.02724075,24.58308029,,,
,,,27.11445999,27.43912506,27.10399628
,,,27.95332527,28.37260437,27.60667801
26.85697556,,26.49466515,24.89370155,,24.85348129
,,,28.16451645,28.42878151,27.95010185
,,,27.38895035,26.50654793,27.38162422
,,,25.927845,25.91019821,26.25540733
,,,26.80242729,27.41021729,26.99172401
,,,29.08103561,29.21027374,29.17512321
28.74188232,29.23591995,28.61911964,,,
,,,31.4474659,31.16662598,31.37973595
,,,30.54065514,31.16146851,29.98820686
,,,28.30712891,28.41009521,28.60515976
,,,27.46411896,27.61393166,27.43976021
,,,27.12070084,27.38714218,27.07775497
,,,26.57931519,26.50486755,26.86289787
,,,26.528862,26.76103783,26.51944351
,,,28.2404995,28.35762405,28.07398224
,,,27.04176521,27.21141052,27.21678543
,,,28.33436775,28.45422935,28.36423492
,,,28.16796494,28.31790543,28.18305016
,,,26.2352581,26.72481346,26.58749199
,,,28.01467514,27.83827972,28.38508606
27.20303154,27.56666946,27.5042305,,26.4576683,
,,,29.41118813,28.4718895,28.63623238
26.81665421,27.12228203,26.61456299,,,
,,,29.35422134,28.7598629,28.9093914
,,,30.19683266,29.79477882,29.70228195
26.81311035,26.77856255,26.08062553,,,
28.06157303,28.18758774,27.67317009,,,
,,,26.09156036,26.5780201,26.9622364
,,,27.51908302,27.79377174,27.53697395
28.23749352,28.74236488,28.2352581,,,
,,,27.03202057,26.84888077,26.92874718
,,,26.85780525,27.47931099,27.25078964
27.17807198,27.27763939,26.75480843,,,
,,,27.20685577,27.32199478,27.45560074
,,,26.72351265,26.77454758,26.86855888
,,,28.10369682,28.05537987,28.03967476
,,,27.62470627,27.90649986,28.00608444
,,,26.97650909,26.83869934,27.45755959
,,,27.46575546,27.33781624,27.86973763
,,,27.14899254,27.50051308,26.7683773
23.85747337,24.64784622,24.02588844,,,
,,,30.11507988,30.03682327,30.57920647
,,,25.90971756,26.38506889,25.92195702
,,,27.04801559,27.12415695,26.82880974
,,,28.89966011,28.89784241,29.2448597
,,,27.04353905,27.03674316,27.32465935
,,,27.08921814,27.59149361,27.35564995
,,,26.34905052,26.50807571,26.59690475
25.92782211,26.01350403,,,,
,,,26.56546402,26.98901939,26.51544952
,,,28.39386559,28.2878437,28.62766647
,,,26.5287571,26.13784027,26.79872322
,,,27.29535294,27.36302376,27.31094742
,,,27.84876251,27.48123741,27.34095955
,,,26.98728561,26.74868011,27.04447746
,,,27.66532898,27.98332214,28.18181992
,,,25.83127594,27.0039959,26.449049
27.54244614,27.47072792,27.43714142,,,
,,,29.47632027,29.78102112,29.51852036
,,,26.8475666,27.06198502,26.3531456
,,,28.03354454,27.8768959,27.89839172
,,,30.14248276,29.99118423,30.70173645
,,,28.03317642,27.85400391,28.21720123
,,,27.88203621,27.91210747,27.72864723
,,,27.76160812,27.91518974,28.10853958
,,,26.85531235,27.23589706,27.12020683
,,,28.50172806,28.32988548,28.62658882
,,,26.77001572,26.55501175,27.02072716
,,24.24481392,28.63287544,27.88261986,28.9395771
28.72005844,28.37488556,27.31639481,,,
,,,26.72689438,26.90506554,26.86620331
26.26538658,26.51269341,26.81347847,,,
,,,27.39132881,27.72585487,27.89723778
28.0623455,26.33068848,27.2329731,,,
,,,27.32087708,27.93618202,27.51420021
,,,27.55156898,27.48577309,27.47367096
,,,26.67976189,27.38195419,27.06373405
26.87993622,27.66844368,27.15383148,,,
,,,26.71554947,26.90873337,26.83448601
28.1286869,28.31807709,27.44086838,,,
,,,26.83110619,27.2652607,27.60002899
,,,27.06722641,26.93325806,27.35523033
,,,26.47867966,26.87244034,26.98576546
24.91255379,25.99903488,25.58451462,,,
,,,26.2115593,26.02726173,26.06546021
,,,26.21878242,26.36431122,25.72842598
,,,26.7719059,26.94993591,26.54883766
,,,27.35262299,27.11306953,27.22582245
25.25140381,25.95945168,25.5148468,,,
,,,26.60498428,26.55057144,26.76509094
,,,31.18032646,30.89980316,31.11303139
,,,27.71744537,28.02289772,27.8274765
,,,27.40283775,27.96024895,27.25331688
,,,26.98891068,27.40592384,26.83809853
27.67290115,,25.47280502,26.37613678,26.49472618,26.50388145
26.52094269,26.74213982,26.25180054,,,
25.69914436,25.89157104,25.31858635,,,
,,,28.99012947,29.10074234,29.53304291
,,,26.74509239,27.15663147,27.47807693
,,,28.97749138,29.08486748,29.39198303
,,,27.15354156,27.30539131,27.47931099
,,,27.52574348,27.76654434,27.90563965
,,,26.71174812,27.08151817,26.82711411
,,,27.23835945,27.25069809,27.05486298
,,,28.51344681,28.65829849,28.4950695
,,,27.66220856,27.96675301,28.08273697
,,,30.67572975,30.80547333,30.99199486
,,,26.48503685,26.28128815,27.17674065
,,,25.07834625,,24.93084717
,,,27.55464554,27.7624321,27.35169792
,,,26.83472824,27.24916267,26.99765778
26.42894173,26.73272705,25.83903694,,,
,,,26.43709373,26.97792816,26.41328812
,,,26.47525024,26.84194183,26.74046898
26.33609772,,25.93159103,,,
,,,27.18895721,27.17369461,26.74650383
,,,27.40129089,27.3694458,27.3506012
,,,26.10595512,26.10861015,26.12328911
,,,27.75779915,28.14962387,
,,,26.98381042,27.23095894,27.15363884
,,,26.87431717,26.83749771,27.26409721
26.96961021,27.2682991,27.74168968,25.92617035,,
,,,27.93758583,28.49048615,28.30177689
,,,26.88681221,27.03716278,27.20918083
,,,26.91467667,27.07347107,
,,,27.70001793,28.65464973,27.22425842
24.88124275,25.4932003,25.40590668,,,
26.91433334,,26.1934948,,,
,24.57444382,24.40301704,,,
25.28376198,25.65463638,25.31309509,,,25.31561852
,,,27.16096497,26.70173645,27.23772049
,,,27.64196205,28.05563736,27.43165398
,,,25.72728348,26.13895416,25.62522316
,,,27.64842224,27.64492035,27.69458199
,,,27.20387268,27.48377609,27.23205757
,,,27.41070175,27.56666946,27.74053192
,,,28.43448067,28.76850319,28.54664612
,,,27.35354996,27.02506447,27.45191193
,,,27.40186119,26.98891068,27.29254723
,,,27.42278099,27.4445858,27.85186195
,,,25.47063446,25.68861771,25.2674942
,,,28.66769981,28.59210014,28.76787186
,,,27.228302,27.45677567,27.32526016
,,,27.25340652,26.96344948,27.40486908
,,,27.90953445,27.97710991,28.03490829
,,,28.5912075,28.68612289,28.62891769
,,,27.21872711,27.45151901,27.41094398
,,,26.71816444,27.11008453,26.64608955
,,,26.63574982,26.82128525,26.67033577
,,,27.42502403,27.31085968,27.38714218
25.95834732,25.53055954,,,,
,,,27.39509201,,27.47575951
,,,26.49740982,26.6288147,26.33331871
29.58486176,29.5030365,29.33977127,,,
,,,27.25511932,27.56187248,27.54826355
,,,26.71803474,26.85102844,27.23881531
,,,26.18413925,26.42342186,26.45044899
,,,27.26257515,27.50551796,27.02231598
,,,25.80254936,25.69107056,25.55318069
,,,26.15232468,26.36694717,26.21291351
,,,26.82989693,26.9225235,27.37368202
,,,26.61890984,26.69125748,26.35142708
,,,27.73395538,26.44450569,26.74765587
,,,26.83930016,27.22793388,26.64718819
,,,26.14715004,26.16399956,26.6257515
,,,26.41815376,26.42736053,26.18449974
,,,27.64120293,27.82140732,
,,,28.50036049,28.62470627,28.75011826
,,,26.9225235,26.94982529,26.88913536
,,,25.55051231,25.48965263,25.51644135
,,,27.41747856,27.47792244,27.19309998
28.66461754,27.55632782,27.58978081,,,
,,,27.03601074,27.5929184,27.99436951
,,,26.56187248,26.4501667,26.80771637
26.71069717,27.40835571,27.02939034,,25.14160728,
,,,26.9909668,27.09204483,27.02379799
,,,27.90167427,28.08522224,27.49617577
26.73544121,27.37152481,26.68805885,,,
,,,26.66139412,26.66003418,26.75391579
,,,,26.95438004,26.51394463
,,,27.37102509,26.94937897,27.39786911
,,,26.92104912,26.85993958,26.97366524
,,,27.24045372,27.40356827,27.7983532
,,,27.51163864,27.42534447,27.39304733
,,,25.81826591,26.31613731,26.06519318
,,,27.23662758,26.29107285,26.80378151
,,,27.44260979,27.32208061,27.51442528
,,,26.39471626,26.4593277,26.13653183
,,,27.24481392,27.18735313,27.64753151
,,,26.14761543,26.31300735,26.44804001
,,,26.77329063,26.40684891,26.71345329
,,,27.11306953,26.77718353,27.6390667
,,,26.90058136,27.37550735,26.78469086
,,,28.19727707,29.00613785,28.93148422
,,,27.73776436,28.02173424,27.42614365
,,,27.0489521,27.05610275,27.36719704
,,,25.86886597,26.0539093,25.53738976
,,,26.6624794,26.75340652,27.20116234
,,,25.89497375,26.08830833,26.1838932
,,,27.77341652,27.39811325,27.84260178
,,,26.4107666,26.2475338,26.53274536
,,,27.03086472,26.90196228,27.60009956
29.74085426,29.90440559,29.88973045,,,
,,,27.3792305,27.08273697,27.42830276
,,,26.64855957,27.06753349,26.86855888
,,,26.02273941,26.24243546,26.96300697
,,,28.04056358,27.94184494,28.33713531
24.94547653,25.66286087,25.78738403,,,
28.09758186,28.89061356,28.03149414,,,
27.30356216,27.66736221,27.5467205,26.43205261,26.64828491,26.54051018
27.80587387,,26.36431122,26.53051376,,25.98032761
25.00547409,26.35996246,,,,
,,,26.3910656,26.80820847,
,,,28.23100471,25.81252289,27.3989296
,,,26.64003181,26.91775131,27.46583176
,27.82019043,26.89919853,,,
,,,27.23653603,26.47255707,27.48577309
25.59303284,,26.31796646,,,
,,,26.33602905,26.86632156,26.31534195
,,,26.23418045,26.06529617,26.09448433
,,,28.03196716,27.78961182,28.30434608
,,,27.22765923,27.00827789,27.55017471
,,,28.33381271,28.82596207,28.17502785
,,,27.79717827,28.35013771,28.00533485
,,,27.63934135,27.6639061,27.85072899
,,,26.49902344,26.36992836,26.34590721
,,,29.0502758,29.1204052,29.46423531
,,,26.4287014,,26.77140236
,,,,26.8133564,24.91757011
,,,25.41277122,25.76633072,25.64710426
,,,,26.86938286,27.27070618
,25.36699677,25.38023758,,,
,,,26.54732323,26.86242485,26.60243797
,26.10803032,26.06482315,,,
,,,27.4836998,27.85049057,27.51660538
,,,26.13875771,26.27483368,26.35627174
,,,25.50099945,25.90324974,25.1752758
,,,26.5912075,26.40806389,26.76686096
,,,27.06208801,27.38590813,27.31406212
,,,27.83725548,28.04421616,27.63961792
,,,27.75938797,27.78044128,27.86578941
,,,27.39402962,27.39272118,27.20527077
,,,27.75283241,27.87261581,27.52275467
,,,27.39574623,26.88739204,27.6205883
,,,25.50812149,26.31668854,
,,,29.03907394,28.93778229,29.05509567
,26.98858643,26.57080078,,,
,,,26.13977432,26.04982376,26.191576
,,,27.56449127,27.5411911,27.71875381
,,,26.52031326,27.00367355,26.27449608
,,,27.15122032,27.46660995,27.56419945
,,,26.06708336,25.84081459,26.18714523
26.98207092,26.36754799,27.79761124,,,
,,,29.2118988,29.97664642,29.15199471
,,,25.55171585,25.43936348,25.36669731
,,,26.1719017,26.29937553,26.30263901
,,,26.43736458,27.07867241,26.62561226
,,,26.28557968,26.79785919,26.35481071
,,,,25.5705986,26.53764153
,,,26.30862236,26.4811306,26.45125198
,,,26.84302139,26.60498428,27.51863289
,,,26.91570282,27.03044319,26.57431412
,,,26.08705521,26.29114151,26.27804756
,,,25.42965889,26.04553986,25.43284798
,,,26.23300934,26.42209053,25.82320595
,,,26.6875248,26.64099693,27.08901596
,,,26.25842857,26.59334755,26.14678192
,,,26.6378231,26.39016342,26.8080864
,,,27.22223282,27.34426498,27.51050758
,,,26.93292046,26.58448601,27.05393028
,,,25.39568138,25.50551796,25.31492805
,,,27.11822701,27.19432068,27.44813538
,,,28.21641541,28.4873848,28.11693954
,,,28.56764984,28.56128883,28.12065125
,,,26.87455177,26.63006401,26.75735474
28.78634262,28.6467762,27.55545044,,,
,,,,26.79178619,26.41831589
,,,25.58460045,25.82087135,25.89377022
,,,25.8818512,26.43561745,26.2616787
25.9557991,26.28674316,26.10255432,,,
,,,26.74445152,26.15046501,26.54490852
,,,25.77457237,25.4659729,
,,,26.7426548,26.87888336,26.9392128
,,,28.08339691,27.64361382,28.16758347
,,,26.94937897,26.82238007,27.22582245
,,,26.40785217,26.11346626,26.55255127
,,,27.6412735,27.68398285,27.45896721
,27.00163651,26.79612541,,,
24.99200439,25.80611992,25.0571785,,,
,,,25.89119911,26.01854324,
26.34771538,26.09448433,25.9392128,,,
,,,26.09920692,26.4061985,26.36896324
,,,25.67001152,25.31775856,25.35689354
,,,27.07755089,26.82917213,27.18914413
,,,26.55150986,26.67707443,26.54648399
,,,25.85536003,26.68645668,26.4915657
,,,27.24081802,27.22701645,27.50074005
,,,27.51630592,27.06609726,27.53215027
,,,27.26981544,27.3944397,26.66166496
,,,26.82347298,26.74740028,27.19338226
,,,27.52768326,28.1058445,28.40312195
,,,25.70530128,25.58328056,25.66741562
,,,25.84304428,,26.08978462
,,,25.51851273,25.46575546,26.25774574
,,,26.54996872,26.36001205,27.20806503
,,,26.60978127,27.19666862,26.64567757
,,,26.92535591,27.0048542,27.01924324
,,,26.84074211,26.48310089,26.74470901
,,,27.0987854,27.27088356,27.07244873
,,,25.07842827,25.18131638,25.14771271
,,,26.58276367,26.19125557,26.38541603
,,,26.69630814,27.00185013,26.86336899
,,,27.20638847,26.90690041,27.55537605
,,,26.00253677,26.00864029,25.88243294
,,,27.18857956,27.39411163,27.00988007
,,,25.73936081,,26.01803398
,,,26.441185,26.34641457,26.61076736
,,,25.70295334,26.69577599,26.27951813
,,,25.86128807,25.89763069,26.52547455
28.0591507,,27.07163048,,,
,,,,26.46516228,26.38781548
,,,26.03056908,26.43807793,26.54524803
,,,,25.50312424,25.83566666
,,,,24.10725212,25.27749634
,,,26.47924995,26.17106247,26.79538345
,,,26.23608017,26.24168968,26.23757553
,,,26.8595829,27.06270599,27.32543182
,,,24.928545,25.19087791,
,,,26.52529526,26.53292274,26.61175156
,,,26.52921867,,26.42082214
,,,27.73123932,27.37708092,27.6205883
,,,27.60462952,28.05651665,28.34870338
,,,26.46327782,26.52160072,26.4319725
,,,25.79419327,,25.42271614
,,,,26.42045403,26.72637367
,,,26.57133675,26.3817234,26.84002113
,,,25.4140625,25.70086479,25.70798874
,,,,25.65918922,25.12900162
,,,25.50518608,,26.12872696
,,,26.75008774,26.86808968,26.99636459
,,,26.35773277,26.20998001,26.18241692
,,,27.81243706,27.98000145,27.22075844
,,,27.20806503,27.46248245,26.92297745
,,,,26.62797928,27.80906677
,,,25.3315258,25.89769936,25.53709221
,,,24.84493637,25.34715843,25.40028191
,,,26.0948658,26.20655632,26.02303505
,,,26.07134438,25.75834656,25.77379227
,,,26.88261986,27.15267181,27.00313759
,,,26.11022377,,27.12050438
,,,25.49411583,25.85007477,
24.46954727,,24.23205757,,,
,,,25.92118454,26.34497643,25.77996635
,,,25.93442917,25.87018394,26.23191261
,,,26.41317368,26.45491028,26.24597549
,,,27.28047371,27.27479935,27.41489983
,,,26.6444397,27.14685822,26.65198326
,,,25.83552361,25.78294373,25.72215843
,,,26.64030838,26.88157082,26.78331757
,,,26.01627159,25.50212288,25.78623772
,,,26.2458477,26.24416161,26.50122643
,,,26.00960159,26.06373405,26.28206635
,,,26.32728195,26.74008179,26.18638992
,,,25.59815407,25.86126518,25.71339989
,,,25.66949844,25.9210701,
,,,,27.43268967,26.5702076
,,,26.52994919,,26.24505043
,,,,26.58147049,27.17788124
,,,26.32450485,26.66410828,26.31604958
,,,27.50385284,27.5587368,27.46816635
,,,24.80114365,25.22309875,25.04143143
,,,26.6607132,27.0375824,26.74855232
,,,27.35043335,27.22701645,27.40519333
,,,25.99377632,25.995718,25.69189644
,,,26.50395775,26.66952515,26.62393951
,,,26.2624855,26.67586517,25.97200012
,,,25.71471024,,25.73368454
,,,25.31668854,25.88359833,25.78406715
,,,,26.1091671,26.5929184
,,,28.11852455,,27.6074543
25.31648254,26.0479126,24.54557228,,,
,,,24.81156921,,24.38732338
,,,30.65027237,30.11966324,30.20151329
,,,27.57405281,27.87443542,27.45708847
,,,26.62505531,27.3495903,26.90023613
,,,25.99464035,25.47975922,25.68509293
,,,24.8944416,25.2656002,25.1695919
,,,25.84570313,26.2035923,26.21040916
,,,25.9164772,26.12421608,25.44180298
,,,25.26155281,24.96172714,25.30368423
,,,26.10315514,25.69808388,25.92150307
,,,25.3210659,25.68840599,25.46223259
,,,24.25392914,24.62795258,24.61065483
,,,26.75722694,25.89377022,27.06702042
,,,25.59761429,25.96062469,25.24800491
,,,,26.40670204,25.86627388
,,,27.64897156,27.45560074,27.80796242
,,,25.75248718,26.2882576,26.19370079
,,,,27.58240509,27.65758324
,,,25.74967766,26.13457298,25.79084206
,,,26.28813553,26.34812164,26.98750114
,,,25.1961422,25.15174294,24.78546524
,,,25.58528709,25.58345222,25.89924431
24.93620491,,25.12660027,,,
,,,26.77266121,26.55400085,27.74284744
,,,25.7912159,25.13394737,
,,,26.00193596,26.37888336,
,,,26.00881195,26.1173954,26.21868896
,,,25.35430527,25.06114006,25.55508423
,,,24.76050568,25.02280235,
26.3681469,26.53503227,26.238451,,,
,,,26.06321907,26.44786835,
,,,25.73246765,25.83776093,25.85362434
,,,25.50712204,,25.84285355
24.4434166,25.12683678,24.286726,,,
,,,26.48051453,26.57149506,26.77517509
,,,25.05750847,25.00530243,25.16947556
,,,26.63076019,26.48534393,26.73208046
,,,26.00686646,25.81022072,26.5020771
,,,25.80923843,26.09426117,25.9432869
,,,25.32875633,25.48391533,26.03124237
,,,,26.70120811,25.10381699
,,,27.0730629,,27.13604164
,,,27.52110672,27.58355331,27.29245949
25.06640625,24.94623566,,,,
,,,26.9301033,26.99948692,27.20349884
,,,29.20536423,29.05765343,29.40243149
,,,26.2840271,26.28772926,26.70041466
,24.43122292,24.01886177,,,
,,,25.53928375,25.47283554,
,,,25.82267189,25.89963722,25.8457737
,,,25.97169304,25.80855179,26.08513069
,,,27.47745895,,27.41924858
,,,26.4199543,26.50747108,26.93887711
,,,28.10129356,28.15005875,28.22047997
,,,31.69112396,31.88165092,31.77057457
,,,,25.66006088,25.70901489
,,,29.49451637,29.52224922,29.73447227
,,,25.12947273,25.55975914,25.31637764
,,,27.03160095,26.75608253,27.17054558
,,,25.32741928,,25.08792496
,,,25.22751236,25.24916267,
,,,25.27653885,25.50742531,25.15518379
24.57299805,,24.47735214,,,
,,,24.97596359,25.50172806,25.2112999
,,,25.72536087,25.97178078,26.40748024
,,,25.03829384,,25.06192207
,,,25.91447067,25.55288696,25.99787331
,,,26.05639267,26.07712364,
,,,25.60475731,25.1914444,25.75526619
,,,25.73122597,25.35564995,25.40850067
,,,26.01229095,25.61711693,26.08098984
,,,,26.74663162,26.52674484
,,,26.31312943,27.47969627,28.63228607
,,,27.12632561,26.58820724,27.16355705
,,,25.28651428,25.12226295,25.21966934
,,,25.07050514,,25.56943893
27.18413925,,27.38960648,,,
26.60949898,26.81945992,,,,
,,,25.21323013,25.23659134,25.51565933
25.31575584,25.2186718,25.23629951,,,
,,,26.06657028,25.76215363,26.61554527
,,,25.43644333,25.93717003,25.6344471
,,,25.53525352,25.60266304,
27.00099182,26.25535202,27.30904007,,,
,,,24.83720779,24.82909966,25.01665306
,,,25.06332207,24.78830528,
,,,28.03375435,28.30404091,28.23794937
,,,,24.17873573,24.29347801
,,,26.0837326,25.99651527,26.3980484
,,,24.8170948,25.11707878,25.00812721
,,,25.11584854,25.34834099,25.65231133
,,,25.22622681,24.80720139,
,,,26.13326073,26.48828888,26.3732338
,,,25.11024284,25.42133713,
,,,28.06219101,28.36886215,28.22853088
,,,26.73608589,,26.78319359
,,,,26.44841957,26.09725952
,,,26.14415741,26.70977783,
26.2095356,26.33854675,26.16524506,,,
,,,25.46429062,25.38436127,25.39332581
,,,26.5022583,25.89622116,26.27972984
,,,,24.6686058,24.80779076
,,,26.258358,,25.99742126
,28.08871269,28.16720009,,,
25.02968407,26.31739616,25.56293488,,,
,,,,25.3552475,25.84218216
,,,25.79483795,25.90065002,25.93779945
,,,,25.5666256,26.20804596
,,,27.1188221,26.56820679,27.02970505
,,,25.82522202,25.7111969,
,,,24.55876732,25.04751778,24.87801933
,,,25.51349258,25.28291512,25.63621902
24.00966644,,24.65638161,,,
24.93143272,25.6315918,,,,
24.58037949,25.14503288,,,,
,,,24.56534767,25.34631348,
,,,25.99877739,25.95191574,26.00493813
,,,,24.24205399,24.88567162
,,,28.12647247,,28.58785057
,,,28.10734177,27.59462929,28.12272644
,,,24.65927124,25.04301643,24.75852394
,,,26.01148033,,26.2256012
,,,,26.2487278,26.12291336
,,,26.85150528,27.33858109,26.96763229
,,,25.49585533,,25.61885262
,,,26.11559105,,26.45616531
,,,25.46491432,25.13480949,25.27024269
,,,27.39697266,27.22011185,28.30247307
,,,26.00403976,25.72873688,
,,,,26.69537926,27.42205811
,,,25.52247047,25.98665619,25.70057297
,,,25.55408859,25.80874825,
,,,31.25709915,31.24694443,31.15780067
,,,26.16560936,26.40298462,26.29091454
,,,26.48534393,,28.05636215
,,,26.60639572,26.40976334,26.73905182
,,,25.58155823,25.86266136,25.33493805
,,,25.72319984,26.32738495,
,,,28.48108292,29.17490959,28.92320442
,,,26.64003181,26.38628769,
,,,27.08029938,27.24535942,27.34950638
,,,26.04147148,25.44767761,
,,,26.25212479,,26.86407852
25.75315094,,25.26424026,,,
,,,27.23397827,,26.9949646
,,,,26.00975227,25.40295029
,,,26.2795887,26.41544914,25.97956467
,,,26.03347015,25.51424408,26.47580719
,,,,26.25160217,25.82284164
,,,26.1126709,26.3212738,25.57080078
,,,,25.72871208,26.28695488
,,,26.05893326,25.62148285,26.19125557
,,,25.61436653,25.7489624,26.01011467
,,,26.00879097,26.20370293,
,,,25.3471241,,26.05173302
,,,,25.37885094,25.68255043
,,,25.77200699,26.00795746,
,,,26.91387749,26.80636597,26.87900162
23.94851112,,24.20866013,,,
,,,24.78431702,24.95810318,25.1716156
,,,26.62936974,26.93741798,27.37542343
,,,25.9241333,,25.97565651
,,,,26.39866829,26.6102047
,,,24.72202873,24.97771072,
,,,,25.56978798,25.19992828
32.0127182,32.26980209,32.04400635,,,
,,,25.24347115,25.00513268,
,,,25.69112396,25.97864914,25.21111488
,,,25.76331902,26.30241203,
27.69551086,28.29933357,27.30243111,,,
27.1332016,27.79581642,,,,
,,,26.50430679,26.13331985,
,,,27.26436615,,27.76673508
,,,,25.48766136,25.62625313
,,,25.08322525,24.82410622,25.09748077
,,,25.56147957,25.85970116,25.74947357
,,,27.4544239,28.10124397,27.46544266
,,,25.77994156,,25.68915176
,,,26.76761818,26.80267334,26.18682289
,,,24.67578316,24.76971436,
,,,27.1513176,,27.44742584
,,,,26.51711655,27.18072891
,,,27.60801888,28.0856266,
,,,24.63533401,25.10813141,
,,,25.27084923,25.09095573,25.41264153
,,,24.65545464,24.56162453,25.38452721
,,,,27.43252945,28.45932007
,,,26.59832573,,26.97923851
,,,,25.84235001,25.75758362
,,,24.10469627,24.44537544,24.36312485
,,,,24.78954887,25.06410408
,,,25.6526947,,26.12338829
,,,24.73758316,24.33026123,25.04117966
,,,26.5920639,,26.01686668
,,,,24.83335304,24.63621902
,,,24.20037651,24.13938332,24.52444458
,,,26.83617401,26.76749229,
,,,,26.45993614,26.58233261
,,,25.10281563,25.4989624,25.33572197
,,,24.72640038,25.23363113,
,,,24.94851112,25.20381546,
,,,24.76638031,,24.71408272
,,,25.61540604,25.51746178,25.38656616
,,,26.79872322,27.74502945,27.98272324
,,,25.25039101,25.53543282,25.23662758
,,,,26.06451607,25.77572823
,,,,25.45951462,25.8120575
,,,,26.3644104,26.5923481
,,,30.93008804,30.92018318,31.20238876
,,,24.84642029,,24.98311424
,,,25.74196053,25.27629089,25.05415916
,,,28.32199478,28.09602356,
,,,25.55809593,,25.61832047
,,,24.94454002,25.19084167,
,,,25.68383598,25.97727394,
,,,25.51710129,,25.92822838
,,,25.67422104,26.12184715,25.74998474
,,,,26.20908928,26.37916374
,,,,24.5118351,24.54450989
,,,26.64814758,,26.20474815
,,,,25.40129089,25.68078041
,,,24.45217896,24.70445633,
,,,27.30147171,,27.5357132
,,,26.26667213,,26.62226486
,,,27.1193161,26.81897163,26.64732552
,,,25.52501106,25.50272942,
,26.65417099,26.17337036,,,
,,,24.42278099,24.37438011,
,,,26.40229988,,26.64718819
,,,24.42540741,,24.524086
,,,25.72322655,25.84105301,
,,,28.11127853,28.10574532,28.56598091
,,,25.62681007,,25.5892086
,,,24.79768562,24.54114532,
,,,24.14577103,24.39884758,
,,,24.95415878,25.59160805,
,,,,30.52018929,30.66729355
,,,,24.62125969,25.01205635
,,,26.13326073,26.60978127,
,,,25.30959511,25.4361248,25.81614113
,,,25.10513496,24.89564323,25.14429283
,,,24.76774597,,25.13002396
,,,,25.04138947,25.12734985
,,,,25.65875435,25.8075943
23.95224762,,23.35380173,,,
,,,26.88157082,27.07204056,27.22361374
,,,26.17287445,26.16670227,
,,,26.16459465,27.23562241,
,,,24.75821877,25.09067345,
26.30573845,25.121315,,,,
,,,27.32044601,26.8263855,
24.31803513,,24.79981041,,,
,,,,25.57556915,25.36402702
,,,25.58657646,25.70482635,
,,,,26.27709007,26.03252602
,,,,25.1631546,25.21419334
,,,25.21452713,25.83448601,24.90076447
,,,26.857687,,25.91954803
,,,,25.7055378,25.76524353
,,,24.89485741,25.14421654,
,,,,24.21586037,24.12817574
28.79566193,,27.75779915,,,
,,,24.19076538,,24.61386108
,,,,26.18421555,25.58213234
,26.33060265,26.07897758,,,
,,,24.39865303,24.10549545,
,,,25.38863754,,25.34499359
,,,28.15359116,27.78487778,
,,,25.33309746,,25.92361259
,,,26.21037102,,25.98254967
,,,26.22639084,,26.37213898
,,,,25.86216354,26.01510048
,,,,27.28321457,27.58985138
,,,,26.42072678,26.66261673
,,,,24.87220573,24.8907814
,,,25.65995216,26.29831123,
,,,,24.19767952,23.70429802
,,,25.42534447,25.43548965,
,,,25.07152939,25.26327324,
,,,27.49929619,26.16760254,
,,,25.29684067,,25.30236053
,,,,24.79545784,24.9271431
,,,27.12159157,,27.09506798
,,,24.71533966,25.28347969,
,,,24.60150146,,25.09176254
,,,,25.41886139,25.39519119
,,,,25.96199226,25.80148888
,,,25.07251167,25.38890076,
23.94975853,24.72322655,,,,
,,,25.32670021,26.81200981,
,,,,26.70160484,26.85851669
,,,25.52031326,,25.64033508
,,,,24.6112175,24.18040657
,,,,25.65539932,25.44663811
,,,,26.54738235,26.7426548